PRIVATE-OUTPUT-PATHS #P"/tmp/clamsara-cas-only-native3-zmv7go3l/fasl/sbcl-2.6.8.3-db35d4561-linux-x64/one/package.fasl" #P"/tmp/clamsara-cas-only-native3-zmv7go3l/fasl/sbcl-2.6.8.3-db35d4561-linux-x64/two/package.fasl"
; compiling file "/tmp/clamsara-cas-only-1hf1b7ih/src/package.lisp" (written 21 SEP 2026 12:13:03 AM):

; wrote /tmp/clamsara-cas-only-native3-zmv7go3l/fasl/sbcl-2.6.8.3-db35d4561-linux-x64/tmp/clamsara-cas-only-1hf1b7ih/src/package-tmpGHU3ALSV.fasl
; compilation finished in 0:00:00.003
; compiling file "/tmp/clamsara-cas-only-1hf1b7ih/src/client/object-model.lisp" (written 21 SEP 2026 12:13:03 AM):

; wrote /tmp/clamsara-cas-only-native3-zmv7go3l/fasl/sbcl-2.6.8.3-db35d4561-linux-x64/tmp/clamsara-cas-only-1hf1b7ih/src/client/object-model-tmpAAURSO1.fasl
; compilation finished in 0:00:00.004
; compiling file "/tmp/clamsara-cas-only-1hf1b7ih/src/client/metadata.lisp" (written 21 SEP 2026 12:13:03 AM):

; wrote /tmp/clamsara-cas-only-native3-zmv7go3l/fasl/sbcl-2.6.8.3-db35d4561-linux-x64/tmp/clamsara-cas-only-1hf1b7ih/src/client/metadata-tmp5GEXGEG5.fasl
; compilation finished in 0:00:00.000
; compiling file "/tmp/clamsara-cas-only-1hf1b7ih/src/client/roots.lisp" (written 21 SEP 2026 12:13:03 AM):

; wrote /tmp/clamsara-cas-only-native3-zmv7go3l/fasl/sbcl-2.6.8.3-db35d4561-linux-x64/tmp/clamsara-cas-only-1hf1b7ih/src/client/roots-tmpAR3FSGEY.fasl
; compilation finished in 0:00:00.001
; compiling file "/tmp/clamsara-cas-only-1hf1b7ih/src/client/finalizers.lisp" (written 21 SEP 2026 12:13:03 AM):

; wrote /tmp/clamsara-cas-only-native3-zmv7go3l/fasl/sbcl-2.6.8.3-db35d4561-linux-x64/tmp/clamsara-cas-only-1hf1b7ih/src/client/finalizers-tmpJAIDFZTC.fasl
; compilation finished in 0:00:00.001
; compiling file "/tmp/clamsara-cas-only-1hf1b7ih/src/client/atomics.lisp" (written 21 SEP 2026 12:13:03 AM):

; wrote /tmp/clamsara-cas-only-native3-zmv7go3l/fasl/sbcl-2.6.8.3-db35d4561-linux-x64/tmp/clamsara-cas-only-1hf1b7ih/src/client/atomics-tmp8V3J6PE9.fasl
; compilation finished in 0:00:00.001
; compiling file "/tmp/clamsara-cas-only-1hf1b7ih/src/client/mapping.lisp" (written 21 SEP 2026 12:13:03 AM):

; wrote /tmp/clamsara-cas-only-native3-zmv7go3l/fasl/sbcl-2.6.8.3-db35d4561-linux-x64/tmp/clamsara-cas-only-1hf1b7ih/src/client/mapping-tmp9V47YWQF.fasl
; compilation finished in 0:00:00.001
; compiling file "/tmp/clamsara-cas-only-1hf1b7ih/src/client/diagnostics.lisp" (written 21 SEP 2026 12:13:03 AM):

; wrote /tmp/clamsara-cas-only-native3-zmv7go3l/fasl/sbcl-2.6.8.3-db35d4561-linux-x64/tmp/clamsara-cas-only-1hf1b7ih/src/client/diagnostics-tmp9BN22RMA.fasl
; compilation finished in 0:00:00.001
; compiling file "/tmp/clamsara-cas-only-1hf1b7ih/src/client/coordinator.lisp" (written 21 SEP 2026 12:13:03 AM):

; wrote /tmp/clamsara-cas-only-native3-zmv7go3l/fasl/sbcl-2.6.8.3-db35d4561-linux-x64/tmp/clamsara-cas-only-1hf1b7ih/src/client/coordinator-tmp1CXFJSK9.fasl
; compilation finished in 0:00:00.000
; compiling file "/tmp/clamsara-cas-only-1hf1b7ih/src/construction/protocol.lisp" (written 21 SEP 2026 12:13:03 AM):

; wrote /tmp/clamsara-cas-only-native3-zmv7go3l/fasl/sbcl-2.6.8.3-db35d4561-linux-x64/tmp/clamsara-cas-only-1hf1b7ih/src/construction/protocol-tmpX4BRKI0R.fasl
; compilation finished in 0:00:00.016
; compiling file "/tmp/clamsara-cas-only-1hf1b7ih/src/construction/records.lisp" (written 21 SEP 2026 12:13:03 AM):

; wrote /tmp/clamsara-cas-only-native3-zmv7go3l/fasl/sbcl-2.6.8.3-db35d4561-linux-x64/tmp/clamsara-cas-only-1hf1b7ih/src/construction/records-tmpQ371UGST.fasl
; compilation finished in 0:00:00.227
; compiling file "/tmp/clamsara-cas-only-1hf1b7ih/src/construction/graph.lisp" (written 21 SEP 2026 12:13:03 AM):

; wrote /tmp/clamsara-cas-only-native3-zmv7go3l/fasl/sbcl-2.6.8.3-db35d4561-linux-x64/tmp/clamsara-cas-only-1hf1b7ih/src/construction/graph-tmp2OWI3Q7U.fasl
; compilation finished in 0:00:00.057
; compiling file "/tmp/clamsara-cas-only-1hf1b7ih/src/construction/validation.lisp" (written 21 SEP 2026 12:13:03 AM):

; wrote /tmp/clamsara-cas-only-native3-zmv7go3l/fasl/sbcl-2.6.8.3-db35d4561-linux-x64/tmp/clamsara-cas-only-1hf1b7ih/src/construction/validation-tmp9KKTJMYV.fasl
; compilation finished in 0:00:00.036
; compiling file "/tmp/clamsara-cas-only-1hf1b7ih/src/construction/layout.lisp" (written 21 SEP 2026 12:13:03 AM):

; wrote /tmp/clamsara-cas-only-native3-zmv7go3l/fasl/sbcl-2.6.8.3-db35d4561-linux-x64/tmp/clamsara-cas-only-1hf1b7ih/src/construction/layout-tmpJU0JWO19.fasl
; compilation finished in 0:00:00.041
; compiling file "/tmp/clamsara-cas-only-1hf1b7ih/src/construction/build.lisp" (written 21 SEP 2026 12:13:03 AM):

; wrote /tmp/clamsara-cas-only-native3-zmv7go3l/fasl/sbcl-2.6.8.3-db35d4561-linux-x64/tmp/clamsara-cas-only-1hf1b7ih/src/construction/build-tmpZX2WN8N4.fasl
; compilation finished in 0:00:00.064
; compiling file "/tmp/clamsara-cas-only-1hf1b7ih/src/metadata/metadata.lisp" (written 21 SEP 2026 12:13:03 AM):

; wrote /tmp/clamsara-cas-only-native3-zmv7go3l/fasl/sbcl-2.6.8.3-db35d4561-linux-x64/tmp/clamsara-cas-only-1hf1b7ih/src/metadata/metadata-tmpOU81XRV0.fasl
; compilation finished in 0:00:00.100
; compiling file "/tmp/clamsara-cas-only-1hf1b7ih/src/host/roots.lisp" (written 21 SEP 2026 12:13:03 AM):

; wrote /tmp/clamsara-cas-only-native3-zmv7go3l/fasl/sbcl-2.6.8.3-db35d4561-linux-x64/tmp/clamsara-cas-only-1hf1b7ih/src/host/roots-tmpY2ML9CFA.fasl
; compilation finished in 0:00:00.086
; compiling file "/tmp/clamsara-cas-only-1hf1b7ih/src/host/coordinator.lisp" (written 21 SEP 2026 12:13:03 AM):

; wrote /tmp/clamsara-cas-only-native3-zmv7go3l/fasl/sbcl-2.6.8.3-db35d4561-linux-x64/tmp/clamsara-cas-only-1hf1b7ih/src/host/coordinator-tmpX2JYJDQE.fasl
; compilation finished in 0:00:00.024
; compiling file "/tmp/clamsara-cas-only-1hf1b7ih/src/host/resources.lisp" (written 21 SEP 2026 12:13:03 AM):

; wrote /tmp/clamsara-cas-only-native3-zmv7go3l/fasl/sbcl-2.6.8.3-db35d4561-linux-x64/tmp/clamsara-cas-only-1hf1b7ih/src/host/resources-tmpOPCILR65.fasl
; compilation finished in 0:00:00.040
; compiling file "/tmp/clamsara-cas-only-1hf1b7ih/src/host/address-space.lisp" (written 21 SEP 2026 12:13:03 AM):

; wrote /tmp/clamsara-cas-only-native3-zmv7go3l/fasl/sbcl-2.6.8.3-db35d4561-linux-x64/tmp/clamsara-cas-only-1hf1b7ih/src/host/address-space-tmpRV9F8A9A.fasl
; compilation finished in 0:00:00.071
; compiling file "/tmp/clamsara-cas-only-1hf1b7ih/src/runtime/protocol.lisp" (written 21 SEP 2026 12:13:03 AM):

; wrote /tmp/clamsara-cas-only-native3-zmv7go3l/fasl/sbcl-2.6.8.3-db35d4561-linux-x64/tmp/clamsara-cas-only-1hf1b7ih/src/runtime/protocol-tmpK2ZAJT4I.fasl
; compilation finished in 0:00:00.005
; compiling file "/tmp/clamsara-cas-only-1hf1b7ih/src/runtime/records.lisp" (written 21 SEP 2026 03:34:16 AM):

; wrote /tmp/clamsara-cas-only-native3-zmv7go3l/fasl/sbcl-2.6.8.3-db35d4561-linux-x64/tmp/clamsara-cas-only-1hf1b7ih/src/runtime/records-tmpUX5S4ADN.fasl
; compilation finished in 0:00:00.049
; compiling file "/tmp/clamsara-cas-only-1hf1b7ih/src/runtime/barrier.lisp" (written 21 SEP 2026 03:42:10 AM):

; wrote /tmp/clamsara-cas-only-native3-zmv7go3l/fasl/sbcl-2.6.8.3-db35d4561-linux-x64/tmp/clamsara-cas-only-1hf1b7ih/src/runtime/barrier-tmp10401X32.fasl
; compilation finished in 0:00:00.024
; compiling file "/tmp/clamsara-cas-only-1hf1b7ih/src/runtime/finalizers.lisp" (written 21 SEP 2026 03:45:28 AM):

; wrote /tmp/clamsara-cas-only-native3-zmv7go3l/fasl/sbcl-2.6.8.3-db35d4561-linux-x64/tmp/clamsara-cas-only-1hf1b7ih/src/runtime/finalizers-tmpZ7CBRM0G.fasl
; compilation finished in 0:00:00.047
; compiling file "/tmp/clamsara-cas-only-1hf1b7ih/src/runtime/trace.lisp" (written 21 SEP 2026 12:13:03 AM):

; wrote /tmp/clamsara-cas-only-native3-zmv7go3l/fasl/sbcl-2.6.8.3-db35d4561-linux-x64/tmp/clamsara-cas-only-1hf1b7ih/src/runtime/trace-tmp9OZEQ0G2.fasl
; compilation finished in 0:00:00.031
; compiling file "/tmp/clamsara-cas-only-1hf1b7ih/src/runtime/spaces.lisp" (written 21 SEP 2026 03:39:48 AM):

; wrote /tmp/clamsara-cas-only-native3-zmv7go3l/fasl/sbcl-2.6.8.3-db35d4561-linux-x64/tmp/clamsara-cas-only-1hf1b7ih/src/runtime/spaces-tmpB2JTL1W9.fasl
; compilation finished in 0:00:00.073
; compiling file "/tmp/clamsara-cas-only-1hf1b7ih/src/runtime/cycle.lisp" (written 21 SEP 2026 04:00:34 AM):

; wrote /tmp/clamsara-cas-only-native3-zmv7go3l/fasl/sbcl-2.6.8.3-db35d4561-linux-x64/tmp/clamsara-cas-only-1hf1b7ih/src/runtime/cycle-tmpP3BI68WQ.fasl
; compilation finished in 0:00:00.037
; compiling file "/tmp/clamsara-cas-only-1hf1b7ih/src/runtime/allocation.lisp" (written 21 SEP 2026 03:34:16 AM):

; wrote /tmp/clamsara-cas-only-native3-zmv7go3l/fasl/sbcl-2.6.8.3-db35d4561-linux-x64/tmp/clamsara-cas-only-1hf1b7ih/src/runtime/allocation-tmpQDARA81Z.fasl
; compilation finished in 0:00:00.011
; compiling file "/tmp/clamsara-cas-only-1hf1b7ih/src/host/object-model.lisp" (written 21 SEP 2026 12:13:03 AM):

; file: /tmp/clamsara-cas-only-1hf1b7ih/src/host/object-model.lisp
; in: DEFUN %HOST-NORMALIZE-STRONG-LAYOUT
;     'NIL
; 
; note: deleting unreachable code

; in: DEFMETHOD MAKE-OBJECT-KIND-DESCRIPTION (HOST-OBJECT-MODEL T)
;     'NIL
; 
; note: deleting unreachable code
; 
; note: deleting unreachable code

; in: DEFMETHOD BIND-OBJECT-MODEL (HOST-OBJECT-MODEL T T)
;     (ERROR "Hosted nonbase codes require 46-bit fixnums")
; 
; note: deleting unreachable code


; wrote /tmp/clamsara-cas-only-native3-zmv7go3l/fasl/sbcl-2.6.8.3-db35d4561-linux-x64/tmp/clamsara-cas-only-1hf1b7ih/src/host/object-model-tmpYEMMM7SE.fasl
; compilation finished in 0:00:00.308
; compiling file "/tmp/clamsara-cas-only-1hf1b7ih/src/host/atomics.lisp" (written 21 SEP 2026 12:13:03 AM):

; wrote /tmp/clamsara-cas-only-native3-zmv7go3l/fasl/sbcl-2.6.8.3-db35d4561-linux-x64/tmp/clamsara-cas-only-1hf1b7ih/src/host/atomics-tmp73HU0RPK.fasl
; compilation finished in 0:00:00.027
; compiling file "/tmp/clamsara-cas-only-1hf1b7ih/src/host/auxiliary.lisp" (written 21 SEP 2026 12:13:03 AM):

; wrote /tmp/clamsara-cas-only-native3-zmv7go3l/fasl/sbcl-2.6.8.3-db35d4561-linux-x64/tmp/clamsara-cas-only-1hf1b7ih/src/host/auxiliary-tmpIO5N7K88.fasl
; compilation finished in 0:00:00.018
; compiling file "/tmp/clamsara-cas-only-1hf1b7ih/test/client/protocol-contract.lisp" (written 21 SEP 2026 12:13:03 AM):

; wrote /tmp/clamsara-cas-only-native3-zmv7go3l/fasl/sbcl-2.6.8.3-db35d4561-linux-x64/tmp/clamsara-cas-only-1hf1b7ih/test/client/protocol-contract-tmpCM21U60Z.fasl
; compilation finished in 0:00:00.028
v14 construction contracts: 105 checks passed
; compiling file "/tmp/clamsara-cas-only-1hf1b7ih/test/host/roots.lisp" (written 21 SEP 2026 12:13:03 AM):

; wrote /tmp/clamsara-cas-only-native3-zmv7go3l/fasl/sbcl-2.6.8.3-db35d4561-linux-x64/tmp/clamsara-cas-only-1hf1b7ih/test/host/roots-tmp9DT7SEFG.fasl
; compilation finished in 0:00:00.025
; compiling file "/tmp/clamsara-cas-only-1hf1b7ih/test/host/coordination.lisp" (written 21 SEP 2026 12:13:03 AM):

; wrote /tmp/clamsara-cas-only-native3-zmv7go3l/fasl/sbcl-2.6.8.3-db35d4561-linux-x64/tmp/clamsara-cas-only-1hf1b7ih/test/host/coordination-tmp8065ESJT.fasl
; compilation finished in 0:00:00.013
; compiling file "/tmp/clamsara-cas-only-1hf1b7ih/src/host/atomics.lisp" (written 21 SEP 2026 12:13:03 AM):

; wrote /tmp/clamsara-cas-only-native3-zmv7go3l/fasl/sbcl-2.6.8.3-db35d4561-linux-x64/tmp/clamsara-cas-only-1hf1b7ih/src/host/atomics-tmp7S8Z6FGF.fasl
; compilation finished in 0:00:00.027
; compiling file "/tmp/clamsara-cas-only-1hf1b7ih/test/host/atomics.lisp" (written 21 SEP 2026 12:13:03 AM):

; wrote /tmp/clamsara-cas-only-native3-zmv7go3l/fasl/sbcl-2.6.8.3-db35d4561-linux-x64/tmp/clamsara-cas-only-1hf1b7ih/test/host/atomics-tmpSIT3QPKP.fasl
; compilation finished in 0:00:00.007
; compiling file "/tmp/clamsara-cas-only-1hf1b7ih/test/barrier/barrier.lisp" (written 21 SEP 2026 12:13:03 AM):

; wrote /tmp/clamsara-cas-only-native3-zmv7go3l/fasl/sbcl-2.6.8.3-db35d4561-linux-x64/tmp/clamsara-cas-only-1hf1b7ih/test/barrier/barrier-tmpE0PA0714.fasl
; compilation finished in 0:00:00.043
; compiling file "/tmp/clamsara-cas-only-1hf1b7ih/test/runtime/semispace.lisp" (written 21 SEP 2026 12:13:03 AM):

; wrote /tmp/clamsara-cas-only-native3-zmv7go3l/fasl/sbcl-2.6.8.3-db35d4561-linux-x64/tmp/clamsara-cas-only-1hf1b7ih/test/runtime/semispace-tmpJRWHHVG0.fasl
; compilation finished in 0:00:00.010
; compiling file "/tmp/clamsara-cas-only-1hf1b7ih/test/runtime/marksweep.lisp" (written 21 SEP 2026 12:13:03 AM):

; wrote /tmp/clamsara-cas-only-native3-zmv7go3l/fasl/sbcl-2.6.8.3-db35d4561-linux-x64/tmp/clamsara-cas-only-1hf1b7ih/test/runtime/marksweep-tmp4WZVROCX.fasl
; compilation finished in 0:00:00.007
; compiling file "/tmp/clamsara-cas-only-1hf1b7ih/test/runtime/retained-failure.lisp" (written 21 SEP 2026 12:13:03 AM):

; wrote /tmp/clamsara-cas-only-native3-zmv7go3l/fasl/sbcl-2.6.8.3-db35d4561-linux-x64/tmp/clamsara-cas-only-1hf1b7ih/test/runtime/retained-failure-tmpA0I3UKX8.fasl
; compilation finished in 0:00:00.007
; compiling file "/tmp/clamsara-cas-only-1hf1b7ih/test/metadata/semispace.lisp" (written 21 SEP 2026 12:13:03 AM):

; wrote /tmp/clamsara-cas-only-native3-zmv7go3l/fasl/sbcl-2.6.8.3-db35d4561-linux-x64/tmp/clamsara-cas-only-1hf1b7ih/test/metadata/semispace-tmp267Y2N80.fasl
; compilation finished in 0:00:00.003
V14-SEMISPACE-LIFECYCLE-OK
V14-MARKSWEEP-LIFECYCLE-OK
V14-SEMISPACE-LIFECYCLE-OK
METADATA-SEMISPACE-PACKED-CYCLE-OK
V14-SEMISPACE-LIFECYCLE-OK
METADATA-SEMISPACE-SCALAR-CYCLE-OK
V14-RETAINED-FAILURE-OK
; compiling file "/tmp/clamsara-cas-only-1hf1b7ih/test/acceptance/metadata-safety.lisp" (written 21 SEP 2026 12:13:03 AM):

; wrote /tmp/clamsara-cas-only-native3-zmv7go3l/fasl/sbcl-2.6.8.3-db35d4561-linux-x64/tmp/clamsara-cas-only-1hf1b7ih/test/acceptance/metadata-safety-tmpOUPE5FSJ.fasl
; compilation finished in 0:00:00.016
; compiling file "/tmp/clamsara-cas-only-1hf1b7ih/test/acceptance/host-safety.lisp" (written 21 SEP 2026 12:13:03 AM):

; wrote /tmp/clamsara-cas-only-native3-zmv7go3l/fasl/sbcl-2.6.8.3-db35d4561-linux-x64/tmp/clamsara-cas-only-1hf1b7ih/test/acceptance/host-safety-tmpIGHCU6ZA.fasl
; compilation finished in 0:00:00.016
; compiling file "/tmp/clamsara-cas-only-1hf1b7ih/test/acceptance/resources-layout.lisp" (written 21 SEP 2026 12:13:03 AM):

; wrote /tmp/clamsara-cas-only-native3-zmv7go3l/fasl/sbcl-2.6.8.3-db35d4561-linux-x64/tmp/clamsara-cas-only-1hf1b7ih/test/acceptance/resources-layout-tmpBO0TUGLK.fasl
; compilation finished in 0:00:00.041
; compiling file "/tmp/clamsara-cas-only-1hf1b7ih/test/acceptance/conditional-lifecycle.lisp" (written 21 SEP 2026 12:13:03 AM):

; wrote /tmp/clamsara-cas-only-native3-zmv7go3l/fasl/sbcl-2.6.8.3-db35d4561-linux-x64/tmp/clamsara-cas-only-1hf1b7ih/test/acceptance/conditional-lifecycle-tmpIIXPIQNW.fasl
; compilation finished in 0:00:00.013
; compiling file "/tmp/clamsara-cas-only-1hf1b7ih/test/acceptance/object-model-safety.lisp" (written 21 SEP 2026 12:13:03 AM):

; wrote /tmp/clamsara-cas-only-native3-zmv7go3l/fasl/sbcl-2.6.8.3-db35d4561-linux-x64/tmp/clamsara-cas-only-1hf1b7ih/test/acceptance/object-model-safety-tmpOHM494YR.fasl
; compilation finished in 0:00:00.020
CONDITIONAL-LIFECYCLE-ACCEPTANCE-PASS
; compiling file "/tmp/clamsara-cas-only-1hf1b7ih/test/quality/support.lisp" (written 21 SEP 2026 04:43:59 AM):

; wrote /tmp/clamsara-cas-only-native3-zmv7go3l/fasl/sbcl-2.6.8.3-db35d4561-linux-x64/tmp/clamsara-cas-only-1hf1b7ih/test/quality/support-tmpOVFB07XF.fasl
; compilation finished in 0:00:00.060
; compiling file "/tmp/clamsara-cas-only-1hf1b7ih/test/quality/stateful.lisp" (written 21 SEP 2026 12:13:03 AM):

; wrote /tmp/clamsara-cas-only-native3-zmv7go3l/fasl/sbcl-2.6.8.3-db35d4561-linux-x64/tmp/clamsara-cas-only-1hf1b7ih/test/quality/stateful-tmpG6VFGMYP.fasl
; compilation finished in 0:00:00.031
QUALITY-STATEFUL-PASS seed=#x14C1A05E iterations=18 profiles=4
; compiling file "/tmp/clamsara-cas-only-1hf1b7ih/test/quality/barrier-history.lisp" (written 21 SEP 2026 04:43:59 AM):

; wrote /tmp/clamsara-cas-only-native3-zmv7go3l/fasl/sbcl-2.6.8.3-db35d4561-linux-x64/tmp/clamsara-cas-only-1hf1b7ih/test/quality/barrier-history-tmp4QIPRMOF.fasl
; compilation finished in 0:00:00.082
; compiling file "/tmp/clamsara-cas-only-1hf1b7ih/test/quality/barrier-edges.lisp" (written 21 SEP 2026 04:43:59 AM):

; wrote /tmp/clamsara-cas-only-native3-zmv7go3l/fasl/sbcl-2.6.8.3-db35d4561-linux-x64/tmp/clamsara-cas-only-1hf1b7ih/test/quality/barrier-edges-tmpGW0QV22K.fasl
; compilation finished in 0:00:00.076
; compiling file "/tmp/clamsara-cas-only-1hf1b7ih/test/quality/barrier-claims.lisp" (written 21 SEP 2026 04:43:59 AM):

; wrote /tmp/clamsara-cas-only-native3-zmv7go3l/fasl/sbcl-2.6.8.3-db35d4561-linux-x64/tmp/clamsara-cas-only-1hf1b7ih/test/quality/barrier-claims-tmp2K9J0HSR.fasl
; compilation finished in 0:00:00.063
; compiling file "/tmp/clamsara-cas-only-1hf1b7ih/test/quality/barrier-boundaries.lisp" (written 21 SEP 2026 03:55:43 AM):

; wrote /tmp/clamsara-cas-only-native3-zmv7go3l/fasl/sbcl-2.6.8.3-db35d4561-linux-x64/tmp/clamsara-cas-only-1hf1b7ih/test/quality/barrier-boundaries-tmpP44I4E0Y.fasl
; compilation finished in 0:00:00.030
INDEPENDENT-PASS (:RETRY :MATCH :RESERVE 0 :SINGLE-PATH)
INDEPENDENT-PASS (:RETRY :MATCH :RESERVE 1 :SINGLE-PATH)
INDEPENDENT-PASS (:RETRY :MATCH :RESERVE 2 :SINGLE-PATH)
INDEPENDENT-PASS (:RETRY :MATCH :ADMIT 0 :SINGLE-PATH)
INDEPENDENT-PASS (:RETRY :MATCH :ADMIT 1 :SINGLE-PATH)
INDEPENDENT-PASS (:RETRY :MATCH :ADMIT 2 :SINGLE-PATH)
INDEPENDENT-PASS (:RETRY :MATCH :TRANSFORM 0 :SINGLE-PATH)
INDEPENDENT-PASS (:RETRY :MATCH :TRANSFORM 1 :SINGLE-PATH)
INDEPENDENT-PASS (:RETRY :MATCH :TRANSFORM 2 :SINGLE-PATH)
INDEPENDENT-PASS (:RETRY :MISMATCH :RESERVE 0 :SINGLE-PATH)
INDEPENDENT-PASS (:RETRY :MISMATCH :RESERVE 1 :SINGLE-PATH)
INDEPENDENT-PASS (:RETRY :MISMATCH :RESERVE 2 :SINGLE-PATH)
INDEPENDENT-PASS (:RETRY :MISMATCH :ADMIT 0 :SINGLE-PATH)
INDEPENDENT-PASS (:RETRY :MISMATCH :ADMIT 1 :SINGLE-PATH)
INDEPENDENT-PASS (:RETRY :MISMATCH :ADMIT 2 :SINGLE-PATH)
INDEPENDENT-PASS (:RETRY :MISMATCH :TRANSFORM 0 :SINGLE-PATH)
INDEPENDENT-PASS (:RETRY :MISMATCH :TRANSFORM 1 :SINGLE-PATH)
INDEPENDENT-PASS (:RETRY :MISMATCH :TRANSFORM 2 :SINGLE-PATH)
INDEPENDENT-PASS (:RETRY :READ :RESERVE 0 :SINGLE-PATH)
INDEPENDENT-PASS (:RETRY :READ :RESERVE 1 :SINGLE-PATH)
INDEPENDENT-PASS (:RETRY :READ :RESERVE 2 :SINGLE-PATH)
INDEPENDENT-PASS (:RETRY :READ :ADMIT 0 :SINGLE-PATH)
INDEPENDENT-PASS (:RETRY :READ :ADMIT 1 :SINGLE-PATH)
INDEPENDENT-PASS (:RETRY :READ :ADMIT 2 :SINGLE-PATH)
INDEPENDENT-PASS (:RETRY :READ :TRANSFORM 0 :SINGLE-PATH)
INDEPENDENT-PASS (:RETRY :READ :TRANSFORM 1 :SINGLE-PATH)
INDEPENDENT-PASS (:RETRY :READ :TRANSFORM 2 :SINGLE-PATH)
INDEPENDENT-PASS (:RETRY :STORE :RESERVE 0 :SINGLE-PATH)
INDEPENDENT-PASS (:RETRY :STORE :RESERVE 1 :SINGLE-PATH)
INDEPENDENT-PASS (:RETRY :STORE :RESERVE 2 :SINGLE-PATH)
INDEPENDENT-PASS (:RETRY :STORE :ADMIT 0 :SINGLE-PATH)
INDEPENDENT-PASS (:RETRY :STORE :ADMIT 1 :SINGLE-PATH)
INDEPENDENT-PASS (:RETRY :STORE :ADMIT 2 :SINGLE-PATH)
INDEPENDENT-PASS (:RETRY :STORE :TRANSFORM 0 :SINGLE-PATH)
INDEPENDENT-PASS (:RETRY :STORE :TRANSFORM 1 :SINGLE-PATH)
INDEPENDENT-PASS (:RETRY :STORE :TRANSFORM 2 :SINGLE-PATH)
INDEPENDENT-PASS (:RETRY :ROOT-STORE :RESERVE 0 :SINGLE-PATH)
INDEPENDENT-PASS (:RETRY :ROOT-STORE :RESERVE 1 :SINGLE-PATH)
INDEPENDENT-PASS (:RETRY :ROOT-STORE :RESERVE 2 :SINGLE-PATH)
INDEPENDENT-PASS (:RETRY :ROOT-STORE :ADMIT 0 :SINGLE-PATH)
INDEPENDENT-PASS (:RETRY :ROOT-STORE :ADMIT 1 :SINGLE-PATH)
INDEPENDENT-PASS (:RETRY :ROOT-STORE :ADMIT 2 :SINGLE-PATH)
INDEPENDENT-PASS (:RETRY :ROOT-STORE :TRANSFORM 0 :SINGLE-PATH)
INDEPENDENT-PASS (:RETRY :ROOT-STORE :TRANSFORM 1 :SINGLE-PATH)
INDEPENDENT-PASS (:RETRY :ROOT-STORE :TRANSFORM 2 :SINGLE-PATH)
INDEPENDENT-PASS (:RETRY :MATCH :RESERVE 0 :UNION)
INDEPENDENT-PASS (:RETRY :MATCH :RESERVE 1 :UNION)
INDEPENDENT-PASS (:RETRY :MATCH :RESERVE 2 :UNION)
INDEPENDENT-PASS (:RETRY :MATCH :RESERVE 3 :UNION)
INDEPENDENT-PASS (:RETRY :MATCH :ADMIT 0 :UNION)
INDEPENDENT-PASS (:RETRY :MATCH :ADMIT 1 :UNION)
INDEPENDENT-PASS (:RETRY :MATCH :ADMIT 2 :UNION)
INDEPENDENT-PASS (:RETRY :MATCH :ADMIT 3 :UNION)
INDEPENDENT-PASS (:RETRY :MATCH :TRANSFORM 0 :UNION)
INDEPENDENT-PASS (:RETRY :MATCH :TRANSFORM 1 :UNION)
INDEPENDENT-PASS (:RETRY :MATCH :TRANSFORM 2 :UNION)
INDEPENDENT-PASS (:RETRY :MATCH :TRANSFORM 3 :UNION)
FATAL-OUTCOME :POST-PUBLICATION-FAILURE
CLOSURE allocation=:BLOCKED bind=:BLOCKED collect=:BLOCKED shutdown=:BLOCKED release-index=0->0
INDEPENDENT-PASS (:FATAL :MATCH :BEFORE :ERROR)
FATAL-OUTCOME :POST-PUBLICATION-FAILURE
CLOSURE allocation=:BLOCKED bind=:BLOCKED collect=:BLOCKED shutdown=:BLOCKED release-index=0->0
INDEPENDENT-PASS (:FATAL :MATCH :BEFORE :THROW)
FATAL-OUTCOME :POST-PUBLICATION-FAILURE
CLOSURE allocation=:BLOCKED bind=:BLOCKED collect=:BLOCKED shutdown=:BLOCKED release-index=0->0
INDEPENDENT-PASS (:FATAL :MATCH :AFTER :ERROR)
FATAL-OUTCOME :POST-PUBLICATION-FAILURE
CLOSURE allocation=:BLOCKED bind=:BLOCKED collect=:BLOCKED shutdown=:BLOCKED release-index=0->0
INDEPENDENT-PASS (:FATAL :MATCH :AFTER :THROW)
FATAL-OUTCOME :POST-PUBLICATION-FAILURE
CLOSURE allocation=:BLOCKED bind=:BLOCKED collect=:BLOCKED shutdown=:BLOCKED release-index=0->0
INDEPENDENT-PASS (:FATAL :MISMATCH :BEFORE :ERROR)
FATAL-OUTCOME :POST-PUBLICATION-FAILURE
CLOSURE allocation=:BLOCKED bind=:BLOCKED collect=:BLOCKED shutdown=:BLOCKED release-index=0->0
INDEPENDENT-PASS (:FATAL :MISMATCH :BEFORE :THROW)
FATAL-OUTCOME :POST-PUBLICATION-FAILURE
CLOSURE allocation=:BLOCKED bind=:BLOCKED collect=:BLOCKED shutdown=:BLOCKED release-index=0->0
INDEPENDENT-PASS (:FATAL :MISMATCH :AFTER :ERROR)
FATAL-OUTCOME :POST-PUBLICATION-FAILURE
CLOSURE allocation=:BLOCKED bind=:BLOCKED collect=:BLOCKED shutdown=:BLOCKED release-index=0->0
INDEPENDENT-PASS (:FATAL :MISMATCH :AFTER :THROW)
FATAL-OUTCOME :POST-PUBLICATION-FAILURE
CLOSURE allocation=:BLOCKED bind=:BLOCKED collect=:BLOCKED shutdown=:BLOCKED release-index=0->0
INDEPENDENT-PASS (:FATAL :READ :BEFORE :ERROR)
FATAL-OUTCOME :POST-PUBLICATION-FAILURE
CLOSURE allocation=:BLOCKED bind=:BLOCKED collect=:BLOCKED shutdown=:BLOCKED release-index=0->0
INDEPENDENT-PASS (:FATAL :READ :BEFORE :THROW)
FATAL-OUTCOME :POST-PUBLICATION-FAILURE
CLOSURE allocation=:BLOCKED bind=:BLOCKED collect=:BLOCKED shutdown=:BLOCKED release-index=0->0
INDEPENDENT-PASS (:FATAL :READ :AFTER :ERROR)
FATAL-OUTCOME :POST-PUBLICATION-FAILURE
CLOSURE allocation=:BLOCKED bind=:BLOCKED collect=:BLOCKED shutdown=:BLOCKED release-index=0->0
INDEPENDENT-PASS (:FATAL :READ :AFTER :THROW)
FATAL-OUTCOME :POST-PUBLICATION-FAILURE
CLOSURE allocation=:BLOCKED bind=:BLOCKED collect=:BLOCKED shutdown=:BLOCKED release-index=0->0
INDEPENDENT-PASS (:FATAL :STORE :BEFORE :ERROR)
FATAL-OUTCOME :POST-PUBLICATION-FAILURE
CLOSURE allocation=:BLOCKED bind=:BLOCKED collect=:BLOCKED shutdown=:BLOCKED release-index=0->0
INDEPENDENT-PASS (:FATAL :STORE :BEFORE :THROW)
FATAL-OUTCOME :POST-PUBLICATION-FAILURE
CLOSURE allocation=:BLOCKED bind=:BLOCKED collect=:BLOCKED shutdown=:BLOCKED release-index=0->0
INDEPENDENT-PASS (:FATAL :STORE :AFTER :ERROR)
FATAL-OUTCOME :POST-PUBLICATION-FAILURE
CLOSURE allocation=:BLOCKED bind=:BLOCKED collect=:BLOCKED shutdown=:BLOCKED release-index=0->0
INDEPENDENT-PASS (:FATAL :STORE :AFTER :THROW)
FATAL-OUTCOME :POST-PUBLICATION-FAILURE
CLOSURE allocation=:BLOCKED bind=:BLOCKED collect=:BLOCKED shutdown=:BLOCKED release-index=0->0
INDEPENDENT-PASS (:FATAL :ROOT-STORE :BEFORE :ERROR)
FATAL-OUTCOME :POST-PUBLICATION-FAILURE
CLOSURE allocation=:BLOCKED bind=:BLOCKED collect=:BLOCKED shutdown=:BLOCKED release-index=0->0
INDEPENDENT-PASS (:FATAL :ROOT-STORE :BEFORE :THROW)
FATAL-OUTCOME :POST-PUBLICATION-FAILURE
CLOSURE allocation=:BLOCKED bind=:BLOCKED collect=:BLOCKED shutdown=:BLOCKED release-index=0->0
INDEPENDENT-PASS (:FATAL :ROOT-STORE :AFTER :ERROR)
FATAL-OUTCOME :POST-PUBLICATION-FAILURE
CLOSURE allocation=:BLOCKED bind=:BLOCKED collect=:BLOCKED shutdown=:BLOCKED release-index=0->0
INDEPENDENT-PASS (:FATAL :ROOT-STORE :AFTER :THROW)
INDEPENDENT-PASS (:SAME-CONTEXT :RESERVE)
INDEPENDENT-PASS (:SAME-CONTEXT :ADMIT)
INDEPENDENT-PASS (:SAME-CONTEXT :TRANSFORM)
INDEPENDENT-PASS (:SECOND-CONTEXT-BUSY :ADMIT)
INDEPENDENT-PASS (:ACTIVE-CONTROL :UNBIND :RESERVE)
INDEPENDENT-PASS (:ACTIVE-CONTROL :COLLECT :RESERVE)
INDEPENDENT-PASS (:ACTIVE-CONTROL :UNBIND :ADMIT)
INDEPENDENT-PASS (:ACTIVE-CONTROL :COLLECT :ADMIT)
INDEPENDENT-PASS (:ACTIVE-CONTROL :UNBIND :TRANSFORM)
INDEPENDENT-PASS (:ACTIVE-CONTROL :COLLECT :TRANSFORM)
INDEPENDENT-PASS :MISMATCH-DISJOINT-TERMINAL-ONCE
INDEPENDENT-PASS :MATCH-DISJOINT-POSITIVE-CONTROL
INDEPENDENT-PASS :DISJOINT-READ-FIRST-POSITIVE-CONTROL
UNKNOWN-RESERVE-OUTCOME :FATAL-INVARIANT
CLOSURE allocation=:BLOCKED bind=:BLOCKED collect=:BLOCKED shutdown=:BLOCKED release-index=0->0
INDEPENDENT-PASS (:UNKNOWN-UNRETURNED-RESERVATION :ERROR)
UNKNOWN-RESERVE-OUTCOME :FATAL-INVARIANT
CLOSURE allocation=:BLOCKED bind=:BLOCKED collect=:BLOCKED shutdown=:BLOCKED release-index=0->0
INDEPENDENT-PASS (:UNKNOWN-UNRETURNED-RESERVATION :THROW)
FATAL-UNBIND-SHUTDOWN outcome=:POST-PUBLICATION-FAILURE unbind=:RETRY shutdown=:BLOCKED release-index=0->0
INDEPENDENT-PASS :FATAL-SHUTDOWN-AFTER-PUBLIC-UNBIND
DUAL-REJECTION-REASON :BARRIER-COMPOSITION-SIGNALED
INDEPENDENT-PASS :DUAL-PREPUBLICATION-REJECTION
BARRIER-HISTORY-SUMMARY cases=94 failures=0 failed-worlds=0 expected-fatal-worlds=23 retained-total=23
CLOSURE allocation=:BLOCKED bind=:BLOCKED collect=:BLOCKED shutdown=:BLOCKED release-index=0->0
INDEPENDENT-PASS (:ILLEGAL-PHASE :RESERVE :INVALID)
CLOSURE allocation=:BLOCKED bind=:BLOCKED collect=:BLOCKED shutdown=:BLOCKED release-index=0->0
INDEPENDENT-PASS (:ILLEGAL-PHASE :RESERVE :ERROR)
CLOSURE allocation=:BLOCKED bind=:BLOCKED collect=:BLOCKED shutdown=:BLOCKED release-index=0->0
INDEPENDENT-PASS (:ILLEGAL-PHASE :RESERVE :THROW)
CLOSURE allocation=:BLOCKED bind=:BLOCKED collect=:BLOCKED shutdown=:BLOCKED release-index=0->0
INDEPENDENT-PASS (:ILLEGAL-PHASE :ADMIT :INVALID)
CLOSURE allocation=:BLOCKED bind=:BLOCKED collect=:BLOCKED shutdown=:BLOCKED release-index=0->0
INDEPENDENT-PASS (:ILLEGAL-PHASE :ADMIT :ERROR)
CLOSURE allocation=:BLOCKED bind=:BLOCKED collect=:BLOCKED shutdown=:BLOCKED release-index=0->0
INDEPENDENT-PASS (:ILLEGAL-PHASE :ADMIT :THROW)
CLOSURE allocation=:BLOCKED bind=:BLOCKED collect=:BLOCKED shutdown=:BLOCKED release-index=0->0
INDEPENDENT-PASS (:ILLEGAL-PHASE :TRANSFORM :INVALID)
CLOSURE allocation=:BLOCKED bind=:BLOCKED collect=:BLOCKED shutdown=:BLOCKED release-index=0->0
INDEPENDENT-PASS (:ILLEGAL-PHASE :TRANSFORM :ERROR)
CLOSURE allocation=:BLOCKED bind=:BLOCKED collect=:BLOCKED shutdown=:BLOCKED release-index=0->0
INDEPENDENT-PASS (:ILLEGAL-PHASE :TRANSFORM :THROW)
CLOSURE allocation=:BLOCKED bind=:BLOCKED collect=:BLOCKED shutdown=:BLOCKED release-index=0->0
INDEPENDENT-PASS (:CANCEL-FAULT :ERROR 2)
CLOSURE allocation=:BLOCKED bind=:BLOCKED collect=:BLOCKED shutdown=:BLOCKED release-index=0->0
INDEPENDENT-PASS (:CANCEL-FAULT :ERROR 1)
CLOSURE allocation=:BLOCKED bind=:BLOCKED collect=:BLOCKED shutdown=:BLOCKED release-index=0->0
INDEPENDENT-PASS (:CANCEL-FAULT :THROW 2)
CLOSURE allocation=:BLOCKED bind=:BLOCKED collect=:BLOCKED shutdown=:BLOCKED release-index=0->0
INDEPENDENT-PASS (:CANCEL-FAULT :THROW 1)
CLOSURE allocation=:BLOCKED bind=:BLOCKED collect=:BLOCKED shutdown=:BLOCKED release-index=0->0
INDEPENDENT-PASS (:CAUGHT-OTHER-CONTEXT-FATAL :RESERVE)
CLOSURE allocation=:BLOCKED bind=:BLOCKED collect=:BLOCKED shutdown=:BLOCKED release-index=0->0
INDEPENDENT-PASS (:CAUGHT-OTHER-CONTEXT-FATAL :ADMIT)
CLOSURE allocation=:BLOCKED bind=:BLOCKED collect=:BLOCKED shutdown=:BLOCKED release-index=0->0
INDEPENDENT-PASS (:CAUGHT-OTHER-CONTEXT-FATAL :TRANSFORM)
CLOSURE allocation=:BLOCKED bind=:BLOCKED collect=:BLOCKED shutdown=:BLOCKED release-index=0->0
INDEPENDENT-PASS (:CAUGHT-OTHER-CONTEXT-FATAL :BEFORE)
CLOSURE allocation=:BLOCKED bind=:BLOCKED collect=:BLOCKED shutdown=:BLOCKED release-index=0->0
INDEPENDENT-PASS (:CAUGHT-OTHER-CONTEXT-FATAL :AFTER)
CLOSURE allocation=:BLOCKED bind=:BLOCKED collect=:BLOCKED shutdown=:BLOCKED release-index=0->0
INDEPENDENT-PASS (:CAUGHT-OTHER-CONTEXT-FATAL :CANCEL)
CLOSURE allocation=:BLOCKED bind=:BLOCKED collect=:BLOCKED shutdown=:BLOCKED release-index=0->0
INDEPENDENT-PASS (:CAUGHT-OTHER-CONTEXT-FATAL :RAW-LOAD)
CLOSURE allocation=:BLOCKED bind=:BLOCKED collect=:BLOCKED shutdown=:BLOCKED release-index=0->0
INDEPENDENT-PASS (:CAUGHT-OTHER-CONTEXT-FATAL :COMPARISON)
CLOSURE allocation=:BLOCKED bind=:BLOCKED collect=:BLOCKED shutdown=:BLOCKED release-index=0->0
INDEPENDENT-PASS (:CAUGHT-OTHER-CONTEXT-FATAL :RAW-STORE)
INDEPENDENT-PASS (:ORDINARY-PIN :SEMISPACE :RESERVE :RAW)
INDEPENDENT-PASS (:ORDINARY-PIN :SEMISPACE :RESERVE :REFILL)
INDEPENDENT-PASS (:ORDINARY-PIN :SEMISPACE :ADMIT :RAW)
INDEPENDENT-PASS (:ORDINARY-PIN :SEMISPACE :ADMIT :REFILL)
INDEPENDENT-PASS (:ORDINARY-PIN :SEMISPACE :TRANSFORM :RAW)
INDEPENDENT-PASS (:ORDINARY-PIN :SEMISPACE :TRANSFORM :REFILL)
INDEPENDENT-PASS (:ORDINARY-PIN :SEMISPACE :BEFORE :RAW)
INDEPENDENT-PASS (:ORDINARY-PIN :SEMISPACE :BEFORE :REFILL)
INDEPENDENT-PASS (:ORDINARY-PIN :SEMISPACE :AFTER :RAW)
INDEPENDENT-PASS (:ORDINARY-PIN :SEMISPACE :AFTER :REFILL)
INDEPENDENT-PASS (:ORDINARY-PIN :MARKSWEEP :RESERVE :RAW)
INDEPENDENT-PASS (:ORDINARY-PIN :MARKSWEEP :RESERVE :REFILL)
INDEPENDENT-PASS (:ORDINARY-PIN :MARKSWEEP :ADMIT :RAW)
INDEPENDENT-PASS (:ORDINARY-PIN :MARKSWEEP :ADMIT :REFILL)
INDEPENDENT-PASS (:ORDINARY-PIN :MARKSWEEP :TRANSFORM :RAW)
INDEPENDENT-PASS (:ORDINARY-PIN :MARKSWEEP :TRANSFORM :REFILL)
INDEPENDENT-PASS (:ORDINARY-PIN :MARKSWEEP :BEFORE :RAW)
INDEPENDENT-PASS (:ORDINARY-PIN :MARKSWEEP :BEFORE :REFILL)
INDEPENDENT-PASS (:ORDINARY-PIN :MARKSWEEP :AFTER :RAW)
INDEPENDENT-PASS (:ORDINARY-PIN :MARKSWEEP :AFTER :REFILL)
INDEPENDENT-PASS (:ORDINARY-PIN :SEMISPACE :RESERVE :REGISTER)
INDEPENDENT-PASS (:ORDINARY-PIN :SEMISPACE :RESERVE :CANCEL-FINALIZER)
INDEPENDENT-PASS (:ORDINARY-PIN :SEMISPACE :RESERVE :DRAIN)
INDEPENDENT-PASS (:ORDINARY-PIN :SEMISPACE :ADMIT :REGISTER)
INDEPENDENT-PASS (:ORDINARY-PIN :SEMISPACE :ADMIT :CANCEL-FINALIZER)
INDEPENDENT-PASS (:ORDINARY-PIN :SEMISPACE :ADMIT :DRAIN)
INDEPENDENT-PASS (:ORDINARY-PIN :SEMISPACE :TRANSFORM :REGISTER)
INDEPENDENT-PASS (:ORDINARY-PIN :SEMISPACE :TRANSFORM :CANCEL-FINALIZER)
INDEPENDENT-PASS (:ORDINARY-PIN :SEMISPACE :TRANSFORM :DRAIN)
INDEPENDENT-PASS (:ORDINARY-PIN :SEMISPACE :BEFORE :REGISTER)
INDEPENDENT-PASS (:ORDINARY-PIN :SEMISPACE :BEFORE :CANCEL-FINALIZER)
INDEPENDENT-PASS (:ORDINARY-PIN :SEMISPACE :BEFORE :DRAIN)
INDEPENDENT-PASS (:ORDINARY-PIN :SEMISPACE :AFTER :REGISTER)
INDEPENDENT-PASS (:ORDINARY-PIN :SEMISPACE :AFTER :CANCEL-FINALIZER)
INDEPENDENT-PASS (:ORDINARY-PIN :SEMISPACE :AFTER :DRAIN)
INDEPENDENT-PASS (:NIL-OPAQUE-TOKEN :READ :MATCH)
INDEPENDENT-PASS (:NIL-OPAQUE-TOKEN :CAS :MISMATCH)
WORKSPACE N=3 plan-measured=272 barrier-measured=96 context-measured=160 tokens-vector-measured=48 owned-vector-measured=48 construction-auxiliary-account=329968
INDEPENDENT-PASS :FIXED-WORKSPACE-ACCOUNT
FATAL-SHUTDOWN-EXACT outcome=:REJECTED reason=:FATAL-INVARIANT unbind=:RETRY config=:PUBLISHED->:PUBLISHED construction=:PUBLISHED->:PUBLISHED release=0->0
INDEPENDENT-PASS :FATAL-SHUTDOWN-REJECT-NOT-RETAINED
INDEPENDENT-PASS :DUAL-EXACT-COMPLAINT
BARRIER-EDGE-SUMMARY cases=62 failures=0 failed-worlds=0 expected-fatal-worlds=23 retained-total=46
CLAIM-PROOF-PASS :PUBLIC-CLAIMS-UNDERSIZED-REJECT
CLAIM-PROOF-PASS :EXACT-CAPACITY-MATCH-AND-REUSE
CLAIM-PROOF-PASS :EXACT-CAPACITY-MISMATCH-AND-REUSE
CLAIM-PROOF-PASS (:PUBLIC-CLAIM-RETRY :RESERVE 0)
CLAIM-PROOF-PASS (:PUBLIC-CLAIM-RETRY :RESERVE 1)
CLAIM-PROOF-PASS (:PUBLIC-CLAIM-RETRY :RESERVE 2)
CLAIM-PROOF-PASS (:PUBLIC-CLAIM-RETRY :RESERVE 3)
CLAIM-PROOF-PASS (:PUBLIC-CLAIM-RETRY :ADMIT 0)
CLAIM-PROOF-PASS (:PUBLIC-CLAIM-RETRY :ADMIT 1)
CLAIM-PROOF-PASS (:PUBLIC-CLAIM-RETRY :ADMIT 2)
CLAIM-PROOF-PASS (:PUBLIC-CLAIM-RETRY :ADMIT 3)
CLAIM-PROOF-PASS (:PUBLIC-CLAIM-RETRY :TRANSFORM 0)
CLAIM-PROOF-PASS (:PUBLIC-CLAIM-RETRY :TRANSFORM 1)
CLAIM-PROOF-PASS (:PUBLIC-CLAIM-RETRY :TRANSFORM 2)
CLAIM-PROOF-PASS (:PUBLIC-CLAIM-RETRY :TRANSFORM 3)
CLAIM-PROOF-PASS (:MANAGED-NONIDENTITY-TRANSFORM :MATCH-RAW-EXPECTED)
CLAIM-PROOF-PASS (:MANAGED-NONIDENTITY-TRANSFORM
                  :MISMATCH-EXPECTED-IS-READ-RESULT)
CLAIM-PROOF-PASS (:MANAGED-NONIDENTITY-TRANSFORM :READ)
CLAIM-PROOF-PASS (:MANAGED-NONIDENTITY-TRANSFORM :READ-TRANSFORM-RETRY)
CLAIM-PROOF-PASS (:MANAGED-NONIDENTITY-TRANSFORM :WRITE-TRANSFORM-RETRY)
BARRIER-CLAIM-SUMMARY cases=20 failures=0 failed-worlds=0 retained-total=0
CAS-PASS :GLOBAL-BEFORE-ORDER
CAS-PASS :REVERSE-WRITE-ONLY-CANCELLATION
MISMATCH-FAULT (:RETURNED :POST-PUBLICATION-FAILURE)
CAS-PASS :MISMATCH-BEFORE-ERROR-STICKY
MATCHED-NLX (:RETURNED :POST-PUBLICATION-FAILURE)
CAS-PASS :MATCHED-BEFORE-THROW-STICKY
CAS-PASS :SAME-CONTEXT-ADMIT-REENTRY
UNBIND-ENTRY (:RETURNED
              (#S(CLAMSARA::HOST-REFERENCE
                  :MODEL #<CLAMSARA::HOST-BOUND-OBJECT-MODEL {1218BCF2D3}>
                  :DESCRIPTOR 2
                  :ADDRESS 4128
                  :KIND :BASE
                  :TAG 0
                  :DISPLACEMENT 0)
               :COMPLETE))
CAS-PASS :ACTIVE-CONTEXT-UNBIND
POST-FAULT-ALLOCATION (:SIGNALED CLAMSARA::RUNTIME-REJECTION)
CAS-PASS :POST-FAULT-ALLOCATION-CLOSED
CAS-PASS :ADMITTED-EQL-READ-DISPATCH
BARRIER-BOUNDARY-SUMMARY cases=8 failures=0 failed-worlds=0 expected-fatal-worlds=3 retained-total=3
; compiling file "/tmp/clamsara-cas-only-1hf1b7ih/test/quality/allocation.lisp" (written 21 SEP 2026 12:13:03 AM):

; wrote /tmp/clamsara-cas-only-native3-zmv7go3l/fasl/sbcl-2.6.8.3-db35d4561-linux-x64/tmp/clamsara-cas-only-1hf1b7ih/test/quality/allocation-tmp63LQ7EX6.fasl
; compilation finished in 0:00:00.018
ALLOCATION-ADMISSION-PASS :SEMISPACE :PACKED
ALLOCATION-ADMISSION-PASS :SEMISPACE :SCALAR
ALLOCATION-ADMISSION-PASS :MARKSWEEP :PACKED
ALLOCATION-ADMISSION-PASS :MARKSWEEP :SCALAR
ALLOCATION-ADMISSION-TESTS-PASS
; compiling file "/tmp/clamsara-cas-only-1hf1b7ih/test/quality/kind-snapshots.lisp" (written 21 SEP 2026 12:13:03 AM):

; wrote /tmp/clamsara-cas-only-native3-zmv7go3l/fasl/sbcl-2.6.8.3-db35d4561-linux-x64/tmp/clamsara-cas-only-1hf1b7ih/test/quality/kind-snapshots-tmp86F1A8FB.fasl
; compilation finished in 0:00:00.016
; compiling file "/tmp/clamsara-cas-only-1hf1b7ih/test/quality/kind-history.lisp" (written 21 SEP 2026 12:13:03 AM):

; wrote /tmp/clamsara-cas-only-native3-zmv7go3l/fasl/sbcl-2.6.8.3-db35d4561-linux-x64/tmp/clamsara-cas-only-1hf1b7ih/test/quality/kind-history-tmpH7D4HL98.fasl
; compilation finished in 0:00:00.041
; compiling file "/tmp/clamsara-cas-only-1hf1b7ih/test/quality/construction-exit-history.lisp" (written 21 SEP 2026 12:13:03 AM):

; wrote /tmp/clamsara-cas-only-native3-zmv7go3l/fasl/sbcl-2.6.8.3-db35d4561-linux-x64/tmp/clamsara-cas-only-1hf1b7ih/test/quality/construction-exit-history-tmpCDM7YXYI.fasl
; compilation finished in 0:00:00.026
KIND-GEOMETRY-PASS :SEMISPACE :PACKED :SIZE
KIND-GEOMETRY-PASS :SEMISPACE :PACKED :ALIGNMENT
KIND-GEOMETRY-PASS :SEMISPACE :PACKED :VARIABLE
KIND-GEOMETRY-PASS :SEMISPACE :SCALAR :SIZE
KIND-GEOMETRY-PASS :SEMISPACE :SCALAR :ALIGNMENT
KIND-GEOMETRY-PASS :SEMISPACE :SCALAR :VARIABLE
KIND-GEOMETRY-PASS :MARKSWEEP :PACKED :SIZE
KIND-GEOMETRY-PASS :MARKSWEEP :PACKED :ALIGNMENT
KIND-GEOMETRY-PASS :MARKSWEEP :PACKED :VARIABLE
KIND-GEOMETRY-PASS :MARKSWEEP :SCALAR :SIZE
KIND-GEOMETRY-PASS :MARKSWEEP :SCALAR :ALIGNMENT
KIND-GEOMETRY-PASS :MARKSWEEP :SCALAR :VARIABLE
KIND-GEOMETRY-SNAPSHOTS-PASS cases=12 rejections=8 escapes=8
CHECK :ACCOUNT (:UNIQUE-REQUIRED 40 :ALIAS-COUNT 6)
CHECK :CYCLE (:SEMISPACE :PACKED :DISCOVERED 4 :MOVED 4)
CHECK :ACCOUNT (:UNIQUE-REQUIRED 40 :ALIAS-COUNT 6)
CHECK :CYCLE (:SEMISPACE :PACKED :DISCOVERED 4 :MOVED 4)
CHECK :CYCLE (:SEMISPACE :PACKED :DISCOVERED 4 :MOVED 4)
CHECK :ACCOUNT (:UNIQUE-REQUIRED 40 :ALIAS-COUNT 6)
CHECK :SHARED-BINDINGS-PASS (:SEMISPACE :PACKED :FUNCTION-CALLS (4 4))
CHECK :PREBINDING-INVALID-PASS (:SEMISPACE :PACKED :HEADER -1
                                :BIND-OBJECT-MODEL-SIGNALED)
CHECK :PREBINDING-INVALID-PASS (:SEMISPACE :PACKED :HEADER 24
                                :BIND-OBJECT-MODEL-SIGNALED)
CHECK :PREBINDING-INVALID-PASS (:SEMISPACE :PACKED :ELEMENT 0
                                :BIND-OBJECT-MODEL-SIGNALED)
CHECK :PREBINDING-INVALID-PASS (:SEMISPACE :PACKED :ELEMENT 16
                                :BIND-OBJECT-MODEL-SIGNALED)
CHECK :PREBINDING-INVALID-PASS (:SEMISPACE :PACKED :MINIMUM -1
                                :BIND-OBJECT-MODEL-SIGNALED)
CHECK :PREBINDING-INVALID-PASS (:SEMISPACE :PACKED :MAXIMUM 0
                                :BIND-OBJECT-MODEL-SIGNALED)
CHECK :PREBINDING-INVALID-PASS (:SEMISPACE :PACKED :KIND :NUMERIC
                                :BIND-OBJECT-MODEL-SIGNALED)
CHECK :ACCOUNT (:UNIQUE-REQUIRED 40 :ALIAS-COUNT 6)
CHECK :CYCLE (:SEMISPACE :SCALAR :DISCOVERED 4 :MOVED 4)
CHECK :ACCOUNT (:UNIQUE-REQUIRED 40 :ALIAS-COUNT 6)
CHECK :CYCLE (:SEMISPACE :SCALAR :DISCOVERED 4 :MOVED 4)
CHECK :CYCLE (:SEMISPACE :SCALAR :DISCOVERED 4 :MOVED 4)
CHECK :ACCOUNT (:UNIQUE-REQUIRED 40 :ALIAS-COUNT 6)
CHECK :SHARED-BINDINGS-PASS (:SEMISPACE :SCALAR :FUNCTION-CALLS (4 4))
CHECK :PREBINDING-INVALID-PASS (:SEMISPACE :SCALAR :HEADER -1
                                :BIND-OBJECT-MODEL-SIGNALED)
CHECK :PREBINDING-INVALID-PASS (:SEMISPACE :SCALAR :HEADER 24
                                :BIND-OBJECT-MODEL-SIGNALED)
CHECK :PREBINDING-INVALID-PASS (:SEMISPACE :SCALAR :ELEMENT 0
                                :BIND-OBJECT-MODEL-SIGNALED)
CHECK :PREBINDING-INVALID-PASS (:SEMISPACE :SCALAR :ELEMENT 16
                                :BIND-OBJECT-MODEL-SIGNALED)
CHECK :PREBINDING-INVALID-PASS (:SEMISPACE :SCALAR :MINIMUM -1
                                :BIND-OBJECT-MODEL-SIGNALED)
CHECK :PREBINDING-INVALID-PASS (:SEMISPACE :SCALAR :MAXIMUM 0
                                :BIND-OBJECT-MODEL-SIGNALED)
CHECK :PREBINDING-INVALID-PASS (:SEMISPACE :SCALAR :KIND :NUMERIC
                                :BIND-OBJECT-MODEL-SIGNALED)
CHECK :ACCOUNT (:UNIQUE-REQUIRED 40 :ALIAS-COUNT 6)
CHECK :CYCLE (:MARKSWEEP :PACKED :DISCOVERED 4 :MOVED 0)
CHECK :ACCOUNT (:UNIQUE-REQUIRED 40 :ALIAS-COUNT 6)
CHECK :CYCLE (:MARKSWEEP :PACKED :DISCOVERED 4 :MOVED 0)
CHECK :CYCLE (:MARKSWEEP :PACKED :DISCOVERED 4 :MOVED 0)
CHECK :ACCOUNT (:UNIQUE-REQUIRED 40 :ALIAS-COUNT 6)
CHECK :SHARED-BINDINGS-PASS (:MARKSWEEP :PACKED :FUNCTION-CALLS (4 4))
CHECK :PREBINDING-INVALID-PASS (:MARKSWEEP :PACKED :HEADER -1
                                :BIND-OBJECT-MODEL-SIGNALED)
CHECK :PREBINDING-INVALID-PASS (:MARKSWEEP :PACKED :HEADER 24
                                :BIND-OBJECT-MODEL-SIGNALED)
CHECK :PREBINDING-INVALID-PASS (:MARKSWEEP :PACKED :ELEMENT 0
                                :BIND-OBJECT-MODEL-SIGNALED)
CHECK :PREBINDING-INVALID-PASS (:MARKSWEEP :PACKED :ELEMENT 16
                                :BIND-OBJECT-MODEL-SIGNALED)
CHECK :PREBINDING-INVALID-PASS (:MARKSWEEP :PACKED :MINIMUM -1
                                :BIND-OBJECT-MODEL-SIGNALED)
CHECK :PREBINDING-INVALID-PASS (:MARKSWEEP :PACKED :MAXIMUM 0
                                :BIND-OBJECT-MODEL-SIGNALED)
CHECK :PREBINDING-INVALID-PASS (:MARKSWEEP :PACKED :KIND :NUMERIC
                                :BIND-OBJECT-MODEL-SIGNALED)
CHECK :ACCOUNT (:UNIQUE-REQUIRED 40 :ALIAS-COUNT 6)
CHECK :CYCLE (:MARKSWEEP :SCALAR :DISCOVERED 4 :MOVED 0)
CHECK :ACCOUNT (:UNIQUE-REQUIRED 40 :ALIAS-COUNT 6)
CHECK :CYCLE (:MARKSWEEP :SCALAR :DISCOVERED 4 :MOVED 0)
CHECK :CYCLE (:MARKSWEEP :SCALAR :DISCOVERED 4 :MOVED 0)
CHECK :ACCOUNT (:UNIQUE-REQUIRED 40 :ALIAS-COUNT 6)
CHECK :SHARED-BINDINGS-PASS (:MARKSWEEP :SCALAR :FUNCTION-CALLS (4 4))
CHECK :PREBINDING-INVALID-PASS (:MARKSWEEP :SCALAR :HEADER -1
                                :BIND-OBJECT-MODEL-SIGNALED)
CHECK :PREBINDING-INVALID-PASS (:MARKSWEEP :SCALAR :HEADER 24
                                :BIND-OBJECT-MODEL-SIGNALED)
CHECK :PREBINDING-INVALID-PASS (:MARKSWEEP :SCALAR :ELEMENT 0
                                :BIND-OBJECT-MODEL-SIGNALED)
CHECK :PREBINDING-INVALID-PASS (:MARKSWEEP :SCALAR :ELEMENT 16
                                :BIND-OBJECT-MODEL-SIGNALED)
CHECK :PREBINDING-INVALID-PASS (:MARKSWEEP :SCALAR :MINIMUM -1
                                :BIND-OBJECT-MODEL-SIGNALED)
CHECK :PREBINDING-INVALID-PASS (:MARKSWEEP :SCALAR :MAXIMUM 0
                                :BIND-OBJECT-MODEL-SIGNALED)
CHECK :PREBINDING-INVALID-PASS (:MARKSWEEP :SCALAR :KIND :NUMERIC
                                :BIND-OBJECT-MODEL-SIGNALED)
CHECK :CYCLE (:SEMISPACE :PACKED :DISCOVERED 1 :MOVED 1)
CHECK :EXACT-ALIAS-PASS (:REJECTED 7 :ACCEPTED 2)
CHECK :ACCOUNT (:UNIQUE-REQUIRED 45 :ALIAS-COUNT 10)
CHECK :CYCLE (:SEMISPACE :PACKED :DISCOVERED 4 :MOVED 4)
CHECK :ACCOUNT (:UNIQUE-REQUIRED 45 :ALIAS-COUNT 10)
CHECK :STAGING-PASS (:PACKED :FIXED-CALLS (1 1))
CHECK :ACCOUNT (:UNIQUE-REQUIRED 45 :ALIAS-COUNT 10)
CHECK :CYCLE (:SEMISPACE :SCALAR :DISCOVERED 4 :MOVED 4)
CHECK :ACCOUNT (:UNIQUE-REQUIRED 45 :ALIAS-COUNT 10)
CHECK :STAGING-PASS (:SCALAR :FIXED-CALLS (1 1))
CHECK :INDEPENDENT-GEOMETRY-FINISHED (:CASES 35)
LATE-PASS (:PHASE :INITIALIZE :MODE :THROW :CLEANUP-FAULT NIL :RELEASED 10
           :DEACTIVATED 1 :OBSERVER-AFTER-CLEANUP NIL :EXACT-THROW-VALUES T)
LATE-PASS (:PHASE :INITIALIZE :MODE :THROW :CLEANUP-FAULT T :RELEASED 10
           :DEACTIVATED 1 :OBSERVER-AFTER-CLEANUP T :EXACT-THROW-VALUES NIL)
LATE-PASS (:PHASE :INITIALIZE :MODE :ERROR :CLEANUP-FAULT NIL :RELEASED 10
           :DEACTIVATED 1 :OBSERVER-AFTER-CLEANUP T :EXACT-THROW-VALUES NIL)
LATE-PASS (:PHASE :INITIALIZE :MODE :ERROR :CLEANUP-FAULT T :RELEASED 10
           :DEACTIVATED 1 :OBSERVER-AFTER-CLEANUP T :EXACT-THROW-VALUES NIL)
LATE-PASS (:PHASE :ACTIVATE :MODE :THROW :CLEANUP-FAULT NIL :RELEASED 10
           :DEACTIVATED 1 :OBSERVER-AFTER-CLEANUP NIL :EXACT-THROW-VALUES T)
LATE-PASS (:PHASE :ACTIVATE :MODE :THROW :CLEANUP-FAULT T :RELEASED 10
           :DEACTIVATED 1 :OBSERVER-AFTER-CLEANUP T :EXACT-THROW-VALUES NIL)
LATE-PASS (:PHASE :ACTIVATE :MODE :ERROR :CLEANUP-FAULT NIL :RELEASED 10
           :DEACTIVATED 1 :OBSERVER-AFTER-CLEANUP T :EXACT-THROW-VALUES NIL)
LATE-PASS (:PHASE :ACTIVATE :MODE :ERROR :CLEANUP-FAULT T :RELEASED 10
           :DEACTIVATED 1 :OBSERVER-AFTER-CLEANUP T :EXACT-THROW-VALUES NIL)
SUCCESS-GUARD-PASS released=10
LATE-UNWIND-FINISHED cases=9
; compiling file "/tmp/clamsara-cas-only-1hf1b7ih/test/quality/representation-capacity.lisp" (written 21 SEP 2026 12:13:03 AM):

; wrote /tmp/clamsara-cas-only-native3-zmv7go3l/fasl/sbcl-2.6.8.3-db35d4561-linux-x64/tmp/clamsara-cas-only-1hf1b7ih/test/quality/representation-capacity-tmpLM57P5P.fasl
; compilation finished in 0:00:00.018
REPRESENTATION-CAPACITY-PASS :SEMISPACE :PACKED granularity=8
REPRESENTATION-CAPACITY-PASS :SEMISPACE :PACKED granularity=16
REPRESENTATION-CAPACITY-PASS :SEMISPACE :SCALAR granularity=8
REPRESENTATION-CAPACITY-PASS :SEMISPACE :SCALAR granularity=16
REPRESENTATION-CAPACITY-PASS :MARKSWEEP :PACKED granularity=8
REPRESENTATION-CAPACITY-PASS :MARKSWEEP :PACKED granularity=16
REPRESENTATION-CAPACITY-PASS :MARKSWEEP :SCALAR granularity=8
REPRESENTATION-CAPACITY-PASS :MARKSWEEP :SCALAR granularity=16
REPRESENTATION-CAPACITY-TESTS-PASS rejections=24 survivor-histories=16
; compiling file "/tmp/clamsara-cas-only-1hf1b7ih/test/quality/reference-variant-fixture.lisp" (written 21 SEP 2026 12:13:03 AM):

; wrote /tmp/clamsara-cas-only-native3-zmv7go3l/fasl/sbcl-2.6.8.3-db35d4561-linux-x64/tmp/clamsara-cas-only-1hf1b7ih/test/quality/reference-variant-fixture-tmpZE69DN33.fasl
; compilation finished in 0:00:00.059
; compiling file "/tmp/clamsara-cas-only-1hf1b7ih/test/quality/reference-variants.lisp" (written 21 SEP 2026 12:13:03 AM):

; wrote /tmp/clamsara-cas-only-native3-zmv7go3l/fasl/sbcl-2.6.8.3-db35d4561-linux-x64/tmp/clamsara-cas-only-1hf1b7ih/test/quality/reference-variants-tmpG8099TO3.fasl
; compilation finished in 0:00:00.021
; compiling file "/tmp/clamsara-cas-only-1hf1b7ih/test/quality/reference-variant-directory.lisp" (written 21 SEP 2026 12:13:03 AM):

; wrote /tmp/clamsara-cas-only-native3-zmv7go3l/fasl/sbcl-2.6.8.3-db35d4561-linux-x64/tmp/clamsara-cas-only-1hf1b7ih/test/quality/reference-variant-directory-tmpTASQCYAW.fasl
; compilation finished in 0:00:00.010
; compiling file "/tmp/clamsara-cas-only-1hf1b7ih/test/quality/reference-variant-edges.lisp" (written 21 SEP 2026 12:13:03 AM):

; wrote /tmp/clamsara-cas-only-native3-zmv7go3l/fasl/sbcl-2.6.8.3-db35d4561-linux-x64/tmp/clamsara-cas-only-1hf1b7ih/test/quality/reference-variant-edges-tmp35U57IV6.fasl
; compilation finished in 0:00:00.019
ROW :BEGIN ((:BOUNDARY :SEMISPACE :PACKED :GRANULARITY 16 :C 64 :H 0))
ROW :ATOMIC-CODE-REJECTION (:CODE 536870913 :CONDITION
                            "Reference encoding code-row capacity exhausted")
ROW :CYCLE (:CASE (:BOUNDARY :SEMISPACE :PACKED :GRANULARITY 16 :C 64 :H 0)
            :ROUND 0 :STATUS :COMPLETE :REASON :COMPLETE :PHASE :RELEASE :MOVED
            2 :DISCOVERED 2)
ROW :CYCLE (:CASE (:BOUNDARY :SEMISPACE :PACKED :GRANULARITY 16 :C 64 :H 0)
            :ROUND 1 :STATUS :COMPLETE :REASON :COMPLETE :PHASE :RELEASE :MOVED
            2 :DISCOVERED 2)
ROW :CYCLE (:CASE (:BOUNDARY :SEMISPACE :PACKED :GRANULARITY 16 :C 64 :H 0)
            :ROUND 2 :STATUS :COMPLETE :REASON :COMPLETE :PHASE :RELEASE :MOVED
            2 :DISCOVERED 2)
ROW :PASS ((:BOUNDARY :SEMISPACE :PACKED :GRANULARITY 16 :C 64 :H 0))
ROW :BEGIN ((:BOUNDARY :SEMISPACE :PACKED :GRANULARITY 16 :C 64 :H 1))
ROW :BUILDER-RELEASED (:ACQUIRED 11 :RELEASED 12)
ROW :PASS ((:BOUNDARY :SEMISPACE :PACKED :GRANULARITY 16 :C 64 :H 1))
ROW :BEGIN ((:BOUNDARY :SEMISPACE :PACKED :GRANULARITY 16 :C 64 :H 63))
ROW :BUILDER-RELEASED (:ACQUIRED 11 :RELEASED 12)
ROW :PASS ((:BOUNDARY :SEMISPACE :PACKED :GRANULARITY 16 :C 64 :H 63))
ROW :BEGIN ((:BOUNDARY :SEMISPACE :PACKED :GRANULARITY 16 :C 64 :H 64))
ROW :ATOMIC-CODE-REJECTION (:CODE 268435464 :CONDITION
                            "Reference encoding code-row capacity exhausted")
ROW :CYCLE (:CASE (:BOUNDARY :SEMISPACE :PACKED :GRANULARITY 16 :C 64 :H 64)
            :ROUND 0 :STATUS :COMPLETE :REASON :COMPLETE :PHASE :RELEASE :MOVED
            2 :DISCOVERED 2)
ROW :CYCLE (:CASE (:BOUNDARY :SEMISPACE :PACKED :GRANULARITY 16 :C 64 :H 64)
            :ROUND 1 :STATUS :COMPLETE :REASON :COMPLETE :PHASE :RELEASE :MOVED
            2 :DISCOVERED 2)
ROW :CYCLE (:CASE (:BOUNDARY :SEMISPACE :PACKED :GRANULARITY 16 :C 64 :H 64)
            :ROUND 2 :STATUS :COMPLETE :REASON :COMPLETE :PHASE :RELEASE :MOVED
            2 :DISCOVERED 2)
ROW :PASS ((:BOUNDARY :SEMISPACE :PACKED :GRANULARITY 16 :C 64 :H 64))
ROW :BEGIN ((:BOUNDARY :SEMISPACE :PACKED :GRANULARITY 16 :C 64 :H 127))
ROW :ATOMIC-CODE-REJECTION (:CODE 268435464 :CONDITION
                            "Reference encoding code-row capacity exhausted")
ROW :CYCLE (:CASE (:BOUNDARY :SEMISPACE :PACKED :GRANULARITY 16 :C 64 :H 127)
            :ROUND 0 :STATUS :COMPLETE :REASON :COMPLETE :PHASE :RELEASE :MOVED
            2 :DISCOVERED 2)
ROW :CYCLE (:CASE (:BOUNDARY :SEMISPACE :PACKED :GRANULARITY 16 :C 64 :H 127)
            :ROUND 1 :STATUS :COMPLETE :REASON :COMPLETE :PHASE :RELEASE :MOVED
            2 :DISCOVERED 2)
ROW :CYCLE (:CASE (:BOUNDARY :SEMISPACE :PACKED :GRANULARITY 16 :C 64 :H 127)
            :ROUND 2 :STATUS :COMPLETE :REASON :COMPLETE :PHASE :RELEASE :MOVED
            2 :DISCOVERED 2)
ROW :PASS ((:BOUNDARY :SEMISPACE :PACKED :GRANULARITY 16 :C 64 :H 127))
ROW :BEGIN ((:BOUNDARY :SEMISPACE :PACKED :GRANULARITY 16 :C 64 :H 128))
ROW :ATOMIC-CODE-REJECTION (:CODE 536870914 :CONDITION
                            "Reference encoding code-row capacity exhausted")
ROW :CYCLE (:CASE (:BOUNDARY :SEMISPACE :PACKED :GRANULARITY 16 :C 64 :H 128)
            :ROUND 0 :STATUS :COMPLETE :REASON :COMPLETE :PHASE :RELEASE :MOVED
            2 :DISCOVERED 2)
ROW :CYCLE (:CASE (:BOUNDARY :SEMISPACE :PACKED :GRANULARITY 16 :C 64 :H 128)
            :ROUND 1 :STATUS :COMPLETE :REASON :COMPLETE :PHASE :RELEASE :MOVED
            2 :DISCOVERED 2)
ROW :CYCLE (:CASE (:BOUNDARY :SEMISPACE :PACKED :GRANULARITY 16 :C 64 :H 128)
            :ROUND 2 :STATUS :COMPLETE :REASON :COMPLETE :PHASE :RELEASE :MOVED
            2 :DISCOVERED 2)
ROW :PASS ((:BOUNDARY :SEMISPACE :PACKED :GRANULARITY 16 :C 64 :H 128))
ROW :BEGIN ((:BOUNDARY :SEMISPACE :PACKED :GRANULARITY 16 :C 64 :H 131))
ROW :ATOMIC-CODE-REJECTION (:CODE 536870914 :CONDITION
                            "Reference encoding code-row capacity exhausted")
ROW :CYCLE (:CASE (:BOUNDARY :SEMISPACE :PACKED :GRANULARITY 16 :C 64 :H 131)
            :ROUND 0 :STATUS :COMPLETE :REASON :COMPLETE :PHASE :RELEASE :MOVED
            2 :DISCOVERED 2)
ROW :CYCLE (:CASE (:BOUNDARY :SEMISPACE :PACKED :GRANULARITY 16 :C 64 :H 131)
            :ROUND 1 :STATUS :COMPLETE :REASON :COMPLETE :PHASE :RELEASE :MOVED
            2 :DISCOVERED 2)
ROW :CYCLE (:CASE (:BOUNDARY :SEMISPACE :PACKED :GRANULARITY 16 :C 64 :H 131)
            :ROUND 2 :STATUS :COMPLETE :REASON :COMPLETE :PHASE :RELEASE :MOVED
            2 :DISCOVERED 2)
ROW :PASS ((:BOUNDARY :SEMISPACE :PACKED :GRANULARITY 16 :C 64 :H 131))
ROW :BEGIN ((:HISTORY :SEMISPACE :PACKED 16 536870913))
ROW :CYCLE (:CASE (:HISTORY :SEMISPACE :PACKED 16 536870913) :ROUND 0 :STATUS
            :COMPLETE :REASON :COMPLETE :PHASE :RELEASE :MOVED 2 :DISCOVERED 2)
ROW :CYCLE (:CASE (:HISTORY :SEMISPACE :PACKED 16 536870913) :ROUND 1 :STATUS
            :COMPLETE :REASON :COMPLETE :PHASE :RELEASE :MOVED 2 :DISCOVERED 2)
ROW :CYCLE (:CASE (:HISTORY :SEMISPACE :PACKED 16 536870913) :ROUND 2 :STATUS
            :COMPLETE :REASON :COMPLETE :PHASE :RELEASE :MOVED 2 :DISCOVERED 2)
ROW :PASS ((:HISTORY :SEMISPACE :PACKED 16 536870913))
ROW :BEGIN ((:HISTORY :SEMISPACE :PACKED 16 268435464))
ROW :CYCLE (:CASE (:HISTORY :SEMISPACE :PACKED 16 268435464) :ROUND 0 :STATUS
            :COMPLETE :REASON :COMPLETE :PHASE :RELEASE :MOVED 2 :DISCOVERED 2)
ROW :CYCLE (:CASE (:HISTORY :SEMISPACE :PACKED 16 268435464) :ROUND 1 :STATUS
            :COMPLETE :REASON :COMPLETE :PHASE :RELEASE :MOVED 2 :DISCOVERED 2)
ROW :CYCLE (:CASE (:HISTORY :SEMISPACE :PACKED 16 268435464) :ROUND 2 :STATUS
            :COMPLETE :REASON :COMPLETE :PHASE :RELEASE :MOVED 2 :DISCOVERED 2)
ROW :PASS ((:HISTORY :SEMISPACE :PACKED 16 268435464))
ROW :BEGIN ((:ALL-CELLS :SEMISPACE :PACKED 16))
ROW :ALL-DESCRIPTOR-CELLS (:CELLS 64 :PASSES 2 :GRANULARITIES (16 16))
ROW :PASS ((:ALL-CELLS :SEMISPACE :PACKED 16))
ROW :BEGIN ((:FUTURE-LARGE :SEMISPACE :PACKED 16))
ROW :ATOMIC-CODE-REJECTION (:CODE 536870913 :CONDITION
                            "Reference encoding code-row capacity exhausted")
ROW :PASS ((:FUTURE-LARGE :SEMISPACE :PACKED 16))
ROW :BEGIN ((:STAGED :SEMISPACE :PACKED 16))
ROW :CYCLE (:CASE (:STAGED :SEMISPACE :PACKED 16) :ROUND 0 :STATUS :COMPLETE
            :REASON :COMPLETE :PHASE :RELEASE :MOVED 2 :DISCOVERED 2)
ROW :CYCLE (:CASE (:STAGED :SEMISPACE :PACKED 16) :ROUND 1 :STATUS :COMPLETE
            :REASON :COMPLETE :PHASE :RELEASE :MOVED 2 :DISCOVERED 2)
ROW :CYCLE (:CASE (:STAGED :SEMISPACE :PACKED 16) :ROUND 2 :STATUS :COMPLETE
            :REASON :COMPLETE :PHASE :RELEASE :MOVED 2 :DISCOVERED 2)
ROW :PASS ((:STAGED :SEMISPACE :PACKED 16))
ROW :BEGIN ((:BOUNDARY :SEMISPACE :PACKED :GRANULARITY 8 :C 128 :H 0))
ROW :ATOMIC-CODE-REJECTION (:CODE 536870913 :CONDITION
                            "Reference encoding code-row capacity exhausted")
ROW :CYCLE (:CASE (:BOUNDARY :SEMISPACE :PACKED :GRANULARITY 8 :C 128 :H 0)
            :ROUND 0 :STATUS :COMPLETE :REASON :COMPLETE :PHASE :RELEASE :MOVED
            2 :DISCOVERED 2)
ROW :CYCLE (:CASE (:BOUNDARY :SEMISPACE :PACKED :GRANULARITY 8 :C 128 :H 0)
            :ROUND 1 :STATUS :COMPLETE :REASON :COMPLETE :PHASE :RELEASE :MOVED
            2 :DISCOVERED 2)
ROW :CYCLE (:CASE (:BOUNDARY :SEMISPACE :PACKED :GRANULARITY 8 :C 128 :H 0)
            :ROUND 2 :STATUS :COMPLETE :REASON :COMPLETE :PHASE :RELEASE :MOVED
            2 :DISCOVERED 2)
ROW :PASS ((:BOUNDARY :SEMISPACE :PACKED :GRANULARITY 8 :C 128 :H 0))
ROW :BEGIN ((:BOUNDARY :SEMISPACE :PACKED :GRANULARITY 8 :C 128 :H 1))
ROW :BUILDER-RELEASED (:ACQUIRED 11 :RELEASED 12)
ROW :PASS ((:BOUNDARY :SEMISPACE :PACKED :GRANULARITY 8 :C 128 :H 1))
ROW :BEGIN ((:BOUNDARY :SEMISPACE :PACKED :GRANULARITY 8 :C 128 :H 127))
ROW :BUILDER-RELEASED (:ACQUIRED 11 :RELEASED 12)
ROW :PASS ((:BOUNDARY :SEMISPACE :PACKED :GRANULARITY 8 :C 128 :H 127))
ROW :BEGIN ((:BOUNDARY :SEMISPACE :PACKED :GRANULARITY 8 :C 128 :H 128))
ROW :ATOMIC-CODE-REJECTION (:CODE 268435464 :CONDITION
                            "Reference encoding code-row capacity exhausted")
ROW :CYCLE (:CASE (:BOUNDARY :SEMISPACE :PACKED :GRANULARITY 8 :C 128 :H 128)
            :ROUND 0 :STATUS :COMPLETE :REASON :COMPLETE :PHASE :RELEASE :MOVED
            2 :DISCOVERED 2)
ROW :CYCLE (:CASE (:BOUNDARY :SEMISPACE :PACKED :GRANULARITY 8 :C 128 :H 128)
            :ROUND 1 :STATUS :COMPLETE :REASON :COMPLETE :PHASE :RELEASE :MOVED
            2 :DISCOVERED 2)
ROW :CYCLE (:CASE (:BOUNDARY :SEMISPACE :PACKED :GRANULARITY 8 :C 128 :H 128)
            :ROUND 2 :STATUS :COMPLETE :REASON :COMPLETE :PHASE :RELEASE :MOVED
            2 :DISCOVERED 2)
ROW :PASS ((:BOUNDARY :SEMISPACE :PACKED :GRANULARITY 8 :C 128 :H 128))
ROW :BEGIN ((:BOUNDARY :SEMISPACE :PACKED :GRANULARITY 8 :C 128 :H 255))
ROW :ATOMIC-CODE-REJECTION (:CODE 268435464 :CONDITION
                            "Reference encoding code-row capacity exhausted")
ROW :CYCLE (:CASE (:BOUNDARY :SEMISPACE :PACKED :GRANULARITY 8 :C 128 :H 255)
            :ROUND 0 :STATUS :COMPLETE :REASON :COMPLETE :PHASE :RELEASE :MOVED
            2 :DISCOVERED 2)
ROW :CYCLE (:CASE (:BOUNDARY :SEMISPACE :PACKED :GRANULARITY 8 :C 128 :H 255)
            :ROUND 1 :STATUS :COMPLETE :REASON :COMPLETE :PHASE :RELEASE :MOVED
            2 :DISCOVERED 2)
ROW :CYCLE (:CASE (:BOUNDARY :SEMISPACE :PACKED :GRANULARITY 8 :C 128 :H 255)
            :ROUND 2 :STATUS :COMPLETE :REASON :COMPLETE :PHASE :RELEASE :MOVED
            2 :DISCOVERED 2)
ROW :PASS ((:BOUNDARY :SEMISPACE :PACKED :GRANULARITY 8 :C 128 :H 255))
ROW :BEGIN ((:BOUNDARY :SEMISPACE :PACKED :GRANULARITY 8 :C 128 :H 256))
ROW :ATOMIC-CODE-REJECTION (:CODE 536870914 :CONDITION
                            "Reference encoding code-row capacity exhausted")
ROW :CYCLE (:CASE (:BOUNDARY :SEMISPACE :PACKED :GRANULARITY 8 :C 128 :H 256)
            :ROUND 0 :STATUS :COMPLETE :REASON :COMPLETE :PHASE :RELEASE :MOVED
            2 :DISCOVERED 2)
ROW :CYCLE (:CASE (:BOUNDARY :SEMISPACE :PACKED :GRANULARITY 8 :C 128 :H 256)
            :ROUND 1 :STATUS :COMPLETE :REASON :COMPLETE :PHASE :RELEASE :MOVED
            2 :DISCOVERED 2)
ROW :CYCLE (:CASE (:BOUNDARY :SEMISPACE :PACKED :GRANULARITY 8 :C 128 :H 256)
            :ROUND 2 :STATUS :COMPLETE :REASON :COMPLETE :PHASE :RELEASE :MOVED
            2 :DISCOVERED 2)
ROW :PASS ((:BOUNDARY :SEMISPACE :PACKED :GRANULARITY 8 :C 128 :H 256))
ROW :BEGIN ((:BOUNDARY :SEMISPACE :PACKED :GRANULARITY 8 :C 128 :H 259))
ROW :ATOMIC-CODE-REJECTION (:CODE 536870914 :CONDITION
                            "Reference encoding code-row capacity exhausted")
ROW :CYCLE (:CASE (:BOUNDARY :SEMISPACE :PACKED :GRANULARITY 8 :C 128 :H 259)
            :ROUND 0 :STATUS :COMPLETE :REASON :COMPLETE :PHASE :RELEASE :MOVED
            2 :DISCOVERED 2)
ROW :CYCLE (:CASE (:BOUNDARY :SEMISPACE :PACKED :GRANULARITY 8 :C 128 :H 259)
            :ROUND 1 :STATUS :COMPLETE :REASON :COMPLETE :PHASE :RELEASE :MOVED
            2 :DISCOVERED 2)
ROW :CYCLE (:CASE (:BOUNDARY :SEMISPACE :PACKED :GRANULARITY 8 :C 128 :H 259)
            :ROUND 2 :STATUS :COMPLETE :REASON :COMPLETE :PHASE :RELEASE :MOVED
            2 :DISCOVERED 2)
ROW :PASS ((:BOUNDARY :SEMISPACE :PACKED :GRANULARITY 8 :C 128 :H 259))
ROW :BEGIN ((:HISTORY :SEMISPACE :PACKED 8 536870913))
ROW :CYCLE (:CASE (:HISTORY :SEMISPACE :PACKED 8 536870913) :ROUND 0 :STATUS
            :COMPLETE :REASON :COMPLETE :PHASE :RELEASE :MOVED 2 :DISCOVERED 2)
ROW :CYCLE (:CASE (:HISTORY :SEMISPACE :PACKED 8 536870913) :ROUND 1 :STATUS
            :COMPLETE :REASON :COMPLETE :PHASE :RELEASE :MOVED 2 :DISCOVERED 2)
ROW :CYCLE (:CASE (:HISTORY :SEMISPACE :PACKED 8 536870913) :ROUND 2 :STATUS
            :COMPLETE :REASON :COMPLETE :PHASE :RELEASE :MOVED 2 :DISCOVERED 2)
ROW :PASS ((:HISTORY :SEMISPACE :PACKED 8 536870913))
ROW :BEGIN ((:HISTORY :SEMISPACE :PACKED 8 268435464))
ROW :CYCLE (:CASE (:HISTORY :SEMISPACE :PACKED 8 268435464) :ROUND 0 :STATUS
            :COMPLETE :REASON :COMPLETE :PHASE :RELEASE :MOVED 2 :DISCOVERED 2)
ROW :CYCLE (:CASE (:HISTORY :SEMISPACE :PACKED 8 268435464) :ROUND 1 :STATUS
            :COMPLETE :REASON :COMPLETE :PHASE :RELEASE :MOVED 2 :DISCOVERED 2)
ROW :CYCLE (:CASE (:HISTORY :SEMISPACE :PACKED 8 268435464) :ROUND 2 :STATUS
            :COMPLETE :REASON :COMPLETE :PHASE :RELEASE :MOVED 2 :DISCOVERED 2)
ROW :PASS ((:HISTORY :SEMISPACE :PACKED 8 268435464))
ROW :BEGIN ((:ALL-CELLS :SEMISPACE :PACKED 8))
ROW :ALL-DESCRIPTOR-CELLS (:CELLS 128 :PASSES 2 :GRANULARITIES (8 8))
ROW :PASS ((:ALL-CELLS :SEMISPACE :PACKED 8))
ROW :BEGIN ((:FUTURE-LARGE :SEMISPACE :PACKED 8))
ROW :ATOMIC-CODE-REJECTION (:CODE 536870913 :CONDITION
                            "Reference encoding code-row capacity exhausted")
ROW :PASS ((:FUTURE-LARGE :SEMISPACE :PACKED 8))
ROW :BEGIN ((:STAGED :SEMISPACE :PACKED 8))
ROW :CYCLE (:CASE (:STAGED :SEMISPACE :PACKED 8) :ROUND 0 :STATUS :COMPLETE
            :REASON :COMPLETE :PHASE :RELEASE :MOVED 2 :DISCOVERED 2)
ROW :CYCLE (:CASE (:STAGED :SEMISPACE :PACKED 8) :ROUND 1 :STATUS :COMPLETE
            :REASON :COMPLETE :PHASE :RELEASE :MOVED 2 :DISCOVERED 2)
ROW :CYCLE (:CASE (:STAGED :SEMISPACE :PACKED 8) :ROUND 2 :STATUS :COMPLETE
            :REASON :COMPLETE :PHASE :RELEASE :MOVED 2 :DISCOVERED 2)
ROW :PASS ((:STAGED :SEMISPACE :PACKED 8))
ROW :BEGIN ((:OBSERVER-CONTROL :SEMISPACE :PACKED))
ROW :BUILDER-RELEASED (:ACQUIRED 11 :RELEASED 12)
ROW :PASS ((:OBSERVER-CONTROL :SEMISPACE :PACKED))
ROW :BEGIN ((:BOUNDARY :SEMISPACE :SCALAR :GRANULARITY 16 :C 64 :H 0))
ROW :ATOMIC-CODE-REJECTION (:CODE 536870913 :CONDITION
                            "Reference encoding code-row capacity exhausted")
ROW :CYCLE (:CASE (:BOUNDARY :SEMISPACE :SCALAR :GRANULARITY 16 :C 64 :H 0)
            :ROUND 0 :STATUS :COMPLETE :REASON :COMPLETE :PHASE :RELEASE :MOVED
            2 :DISCOVERED 2)
ROW :CYCLE (:CASE (:BOUNDARY :SEMISPACE :SCALAR :GRANULARITY 16 :C 64 :H 0)
            :ROUND 1 :STATUS :COMPLETE :REASON :COMPLETE :PHASE :RELEASE :MOVED
            2 :DISCOVERED 2)
ROW :CYCLE (:CASE (:BOUNDARY :SEMISPACE :SCALAR :GRANULARITY 16 :C 64 :H 0)
            :ROUND 2 :STATUS :COMPLETE :REASON :COMPLETE :PHASE :RELEASE :MOVED
            2 :DISCOVERED 2)
ROW :PASS ((:BOUNDARY :SEMISPACE :SCALAR :GRANULARITY 16 :C 64 :H 0))
ROW :BEGIN ((:BOUNDARY :SEMISPACE :SCALAR :GRANULARITY 16 :C 64 :H 1))
ROW :BUILDER-RELEASED (:ACQUIRED 11 :RELEASED 12)
ROW :PASS ((:BOUNDARY :SEMISPACE :SCALAR :GRANULARITY 16 :C 64 :H 1))
ROW :BEGIN ((:BOUNDARY :SEMISPACE :SCALAR :GRANULARITY 16 :C 64 :H 63))
ROW :BUILDER-RELEASED (:ACQUIRED 11 :RELEASED 12)
ROW :PASS ((:BOUNDARY :SEMISPACE :SCALAR :GRANULARITY 16 :C 64 :H 63))
ROW :BEGIN ((:BOUNDARY :SEMISPACE :SCALAR :GRANULARITY 16 :C 64 :H 64))
ROW :ATOMIC-CODE-REJECTION (:CODE 268435464 :CONDITION
                            "Reference encoding code-row capacity exhausted")
ROW :CYCLE (:CASE (:BOUNDARY :SEMISPACE :SCALAR :GRANULARITY 16 :C 64 :H 64)
            :ROUND 0 :STATUS :COMPLETE :REASON :COMPLETE :PHASE :RELEASE :MOVED
            2 :DISCOVERED 2)
ROW :CYCLE (:CASE (:BOUNDARY :SEMISPACE :SCALAR :GRANULARITY 16 :C 64 :H 64)
            :ROUND 1 :STATUS :COMPLETE :REASON :COMPLETE :PHASE :RELEASE :MOVED
            2 :DISCOVERED 2)
ROW :CYCLE (:CASE (:BOUNDARY :SEMISPACE :SCALAR :GRANULARITY 16 :C 64 :H 64)
            :ROUND 2 :STATUS :COMPLETE :REASON :COMPLETE :PHASE :RELEASE :MOVED
            2 :DISCOVERED 2)
ROW :PASS ((:BOUNDARY :SEMISPACE :SCALAR :GRANULARITY 16 :C 64 :H 64))
ROW :BEGIN ((:BOUNDARY :SEMISPACE :SCALAR :GRANULARITY 16 :C 64 :H 127))
ROW :ATOMIC-CODE-REJECTION (:CODE 268435464 :CONDITION
                            "Reference encoding code-row capacity exhausted")
ROW :CYCLE (:CASE (:BOUNDARY :SEMISPACE :SCALAR :GRANULARITY 16 :C 64 :H 127)
            :ROUND 0 :STATUS :COMPLETE :REASON :COMPLETE :PHASE :RELEASE :MOVED
            2 :DISCOVERED 2)
ROW :CYCLE (:CASE (:BOUNDARY :SEMISPACE :SCALAR :GRANULARITY 16 :C 64 :H 127)
            :ROUND 1 :STATUS :COMPLETE :REASON :COMPLETE :PHASE :RELEASE :MOVED
            2 :DISCOVERED 2)
ROW :CYCLE (:CASE (:BOUNDARY :SEMISPACE :SCALAR :GRANULARITY 16 :C 64 :H 127)
            :ROUND 2 :STATUS :COMPLETE :REASON :COMPLETE :PHASE :RELEASE :MOVED
            2 :DISCOVERED 2)
ROW :PASS ((:BOUNDARY :SEMISPACE :SCALAR :GRANULARITY 16 :C 64 :H 127))
ROW :BEGIN ((:BOUNDARY :SEMISPACE :SCALAR :GRANULARITY 16 :C 64 :H 128))
ROW :ATOMIC-CODE-REJECTION (:CODE 536870914 :CONDITION
                            "Reference encoding code-row capacity exhausted")
ROW :CYCLE (:CASE (:BOUNDARY :SEMISPACE :SCALAR :GRANULARITY 16 :C 64 :H 128)
            :ROUND 0 :STATUS :COMPLETE :REASON :COMPLETE :PHASE :RELEASE :MOVED
            2 :DISCOVERED 2)
ROW :CYCLE (:CASE (:BOUNDARY :SEMISPACE :SCALAR :GRANULARITY 16 :C 64 :H 128)
            :ROUND 1 :STATUS :COMPLETE :REASON :COMPLETE :PHASE :RELEASE :MOVED
            2 :DISCOVERED 2)
ROW :CYCLE (:CASE (:BOUNDARY :SEMISPACE :SCALAR :GRANULARITY 16 :C 64 :H 128)
            :ROUND 2 :STATUS :COMPLETE :REASON :COMPLETE :PHASE :RELEASE :MOVED
            2 :DISCOVERED 2)
ROW :PASS ((:BOUNDARY :SEMISPACE :SCALAR :GRANULARITY 16 :C 64 :H 128))
ROW :BEGIN ((:BOUNDARY :SEMISPACE :SCALAR :GRANULARITY 16 :C 64 :H 131))
ROW :ATOMIC-CODE-REJECTION (:CODE 536870914 :CONDITION
                            "Reference encoding code-row capacity exhausted")
ROW :CYCLE (:CASE (:BOUNDARY :SEMISPACE :SCALAR :GRANULARITY 16 :C 64 :H 131)
            :ROUND 0 :STATUS :COMPLETE :REASON :COMPLETE :PHASE :RELEASE :MOVED
            2 :DISCOVERED 2)
ROW :CYCLE (:CASE (:BOUNDARY :SEMISPACE :SCALAR :GRANULARITY 16 :C 64 :H 131)
            :ROUND 1 :STATUS :COMPLETE :REASON :COMPLETE :PHASE :RELEASE :MOVED
            2 :DISCOVERED 2)
ROW :CYCLE (:CASE (:BOUNDARY :SEMISPACE :SCALAR :GRANULARITY 16 :C 64 :H 131)
            :ROUND 2 :STATUS :COMPLETE :REASON :COMPLETE :PHASE :RELEASE :MOVED
            2 :DISCOVERED 2)
ROW :PASS ((:BOUNDARY :SEMISPACE :SCALAR :GRANULARITY 16 :C 64 :H 131))
ROW :BEGIN ((:HISTORY :SEMISPACE :SCALAR 16 536870913))
ROW :CYCLE (:CASE (:HISTORY :SEMISPACE :SCALAR 16 536870913) :ROUND 0 :STATUS
            :COMPLETE :REASON :COMPLETE :PHASE :RELEASE :MOVED 2 :DISCOVERED 2)
ROW :CYCLE (:CASE (:HISTORY :SEMISPACE :SCALAR 16 536870913) :ROUND 1 :STATUS
            :COMPLETE :REASON :COMPLETE :PHASE :RELEASE :MOVED 2 :DISCOVERED 2)
ROW :CYCLE (:CASE (:HISTORY :SEMISPACE :SCALAR 16 536870913) :ROUND 2 :STATUS
            :COMPLETE :REASON :COMPLETE :PHASE :RELEASE :MOVED 2 :DISCOVERED 2)
ROW :PASS ((:HISTORY :SEMISPACE :SCALAR 16 536870913))
ROW :BEGIN ((:HISTORY :SEMISPACE :SCALAR 16 268435464))
ROW :CYCLE (:CASE (:HISTORY :SEMISPACE :SCALAR 16 268435464) :ROUND 0 :STATUS
            :COMPLETE :REASON :COMPLETE :PHASE :RELEASE :MOVED 2 :DISCOVERED 2)
ROW :CYCLE (:CASE (:HISTORY :SEMISPACE :SCALAR 16 268435464) :ROUND 1 :STATUS
            :COMPLETE :REASON :COMPLETE :PHASE :RELEASE :MOVED 2 :DISCOVERED 2)
ROW :CYCLE (:CASE (:HISTORY :SEMISPACE :SCALAR 16 268435464) :ROUND 2 :STATUS
            :COMPLETE :REASON :COMPLETE :PHASE :RELEASE :MOVED 2 :DISCOVERED 2)
ROW :PASS ((:HISTORY :SEMISPACE :SCALAR 16 268435464))
ROW :BEGIN ((:ALL-CELLS :SEMISPACE :SCALAR 16))
ROW :ALL-DESCRIPTOR-CELLS (:CELLS 64 :PASSES 2 :GRANULARITIES (16 16))
ROW :PASS ((:ALL-CELLS :SEMISPACE :SCALAR 16))
ROW :BEGIN ((:FUTURE-LARGE :SEMISPACE :SCALAR 16))
ROW :ATOMIC-CODE-REJECTION (:CODE 536870913 :CONDITION
                            "Reference encoding code-row capacity exhausted")
ROW :PASS ((:FUTURE-LARGE :SEMISPACE :SCALAR 16))
ROW :BEGIN ((:STAGED :SEMISPACE :SCALAR 16))
ROW :CYCLE (:CASE (:STAGED :SEMISPACE :SCALAR 16) :ROUND 0 :STATUS :COMPLETE
            :REASON :COMPLETE :PHASE :RELEASE :MOVED 2 :DISCOVERED 2)
ROW :CYCLE (:CASE (:STAGED :SEMISPACE :SCALAR 16) :ROUND 1 :STATUS :COMPLETE
            :REASON :COMPLETE :PHASE :RELEASE :MOVED 2 :DISCOVERED 2)
ROW :CYCLE (:CASE (:STAGED :SEMISPACE :SCALAR 16) :ROUND 2 :STATUS :COMPLETE
            :REASON :COMPLETE :PHASE :RELEASE :MOVED 2 :DISCOVERED 2)
ROW :PASS ((:STAGED :SEMISPACE :SCALAR 16))
ROW :BEGIN ((:BOUNDARY :SEMISPACE :SCALAR :GRANULARITY 8 :C 128 :H 0))
ROW :ATOMIC-CODE-REJECTION (:CODE 536870913 :CONDITION
                            "Reference encoding code-row capacity exhausted")
ROW :CYCLE (:CASE (:BOUNDARY :SEMISPACE :SCALAR :GRANULARITY 8 :C 128 :H 0)
            :ROUND 0 :STATUS :COMPLETE :REASON :COMPLETE :PHASE :RELEASE :MOVED
            2 :DISCOVERED 2)
ROW :CYCLE (:CASE (:BOUNDARY :SEMISPACE :SCALAR :GRANULARITY 8 :C 128 :H 0)
            :ROUND 1 :STATUS :COMPLETE :REASON :COMPLETE :PHASE :RELEASE :MOVED
            2 :DISCOVERED 2)
ROW :CYCLE (:CASE (:BOUNDARY :SEMISPACE :SCALAR :GRANULARITY 8 :C 128 :H 0)
            :ROUND 2 :STATUS :COMPLETE :REASON :COMPLETE :PHASE :RELEASE :MOVED
            2 :DISCOVERED 2)
ROW :PASS ((:BOUNDARY :SEMISPACE :SCALAR :GRANULARITY 8 :C 128 :H 0))
ROW :BEGIN ((:BOUNDARY :SEMISPACE :SCALAR :GRANULARITY 8 :C 128 :H 1))
ROW :BUILDER-RELEASED (:ACQUIRED 11 :RELEASED 12)
ROW :PASS ((:BOUNDARY :SEMISPACE :SCALAR :GRANULARITY 8 :C 128 :H 1))
ROW :BEGIN ((:BOUNDARY :SEMISPACE :SCALAR :GRANULARITY 8 :C 128 :H 127))
ROW :BUILDER-RELEASED (:ACQUIRED 11 :RELEASED 12)
ROW :PASS ((:BOUNDARY :SEMISPACE :SCALAR :GRANULARITY 8 :C 128 :H 127))
ROW :BEGIN ((:BOUNDARY :SEMISPACE :SCALAR :GRANULARITY 8 :C 128 :H 128))
ROW :ATOMIC-CODE-REJECTION (:CODE 268435464 :CONDITION
                            "Reference encoding code-row capacity exhausted")
ROW :CYCLE (:CASE (:BOUNDARY :SEMISPACE :SCALAR :GRANULARITY 8 :C 128 :H 128)
            :ROUND 0 :STATUS :COMPLETE :REASON :COMPLETE :PHASE :RELEASE :MOVED
            2 :DISCOVERED 2)
ROW :CYCLE (:CASE (:BOUNDARY :SEMISPACE :SCALAR :GRANULARITY 8 :C 128 :H 128)
            :ROUND 1 :STATUS :COMPLETE :REASON :COMPLETE :PHASE :RELEASE :MOVED
            2 :DISCOVERED 2)
ROW :CYCLE (:CASE (:BOUNDARY :SEMISPACE :SCALAR :GRANULARITY 8 :C 128 :H 128)
            :ROUND 2 :STATUS :COMPLETE :REASON :COMPLETE :PHASE :RELEASE :MOVED
            2 :DISCOVERED 2)
ROW :PASS ((:BOUNDARY :SEMISPACE :SCALAR :GRANULARITY 8 :C 128 :H 128))
ROW :BEGIN ((:BOUNDARY :SEMISPACE :SCALAR :GRANULARITY 8 :C 128 :H 255))
ROW :ATOMIC-CODE-REJECTION (:CODE 268435464 :CONDITION
                            "Reference encoding code-row capacity exhausted")
ROW :CYCLE (:CASE (:BOUNDARY :SEMISPACE :SCALAR :GRANULARITY 8 :C 128 :H 255)
            :ROUND 0 :STATUS :COMPLETE :REASON :COMPLETE :PHASE :RELEASE :MOVED
            2 :DISCOVERED 2)
ROW :CYCLE (:CASE (:BOUNDARY :SEMISPACE :SCALAR :GRANULARITY 8 :C 128 :H 255)
            :ROUND 1 :STATUS :COMPLETE :REASON :COMPLETE :PHASE :RELEASE :MOVED
            2 :DISCOVERED 2)
ROW :CYCLE (:CASE (:BOUNDARY :SEMISPACE :SCALAR :GRANULARITY 8 :C 128 :H 255)
            :ROUND 2 :STATUS :COMPLETE :REASON :COMPLETE :PHASE :RELEASE :MOVED
            2 :DISCOVERED 2)
ROW :PASS ((:BOUNDARY :SEMISPACE :SCALAR :GRANULARITY 8 :C 128 :H 255))
ROW :BEGIN ((:BOUNDARY :SEMISPACE :SCALAR :GRANULARITY 8 :C 128 :H 256))
ROW :ATOMIC-CODE-REJECTION (:CODE 536870914 :CONDITION
                            "Reference encoding code-row capacity exhausted")
ROW :CYCLE (:CASE (:BOUNDARY :SEMISPACE :SCALAR :GRANULARITY 8 :C 128 :H 256)
            :ROUND 0 :STATUS :COMPLETE :REASON :COMPLETE :PHASE :RELEASE :MOVED
            2 :DISCOVERED 2)
ROW :CYCLE (:CASE (:BOUNDARY :SEMISPACE :SCALAR :GRANULARITY 8 :C 128 :H 256)
            :ROUND 1 :STATUS :COMPLETE :REASON :COMPLETE :PHASE :RELEASE :MOVED
            2 :DISCOVERED 2)
ROW :CYCLE (:CASE (:BOUNDARY :SEMISPACE :SCALAR :GRANULARITY 8 :C 128 :H 256)
            :ROUND 2 :STATUS :COMPLETE :REASON :COMPLETE :PHASE :RELEASE :MOVED
            2 :DISCOVERED 2)
ROW :PASS ((:BOUNDARY :SEMISPACE :SCALAR :GRANULARITY 8 :C 128 :H 256))
ROW :BEGIN ((:BOUNDARY :SEMISPACE :SCALAR :GRANULARITY 8 :C 128 :H 259))
ROW :ATOMIC-CODE-REJECTION (:CODE 536870914 :CONDITION
                            "Reference encoding code-row capacity exhausted")
ROW :CYCLE (:CASE (:BOUNDARY :SEMISPACE :SCALAR :GRANULARITY 8 :C 128 :H 259)
            :ROUND 0 :STATUS :COMPLETE :REASON :COMPLETE :PHASE :RELEASE :MOVED
            2 :DISCOVERED 2)
ROW :CYCLE (:CASE (:BOUNDARY :SEMISPACE :SCALAR :GRANULARITY 8 :C 128 :H 259)
            :ROUND 1 :STATUS :COMPLETE :REASON :COMPLETE :PHASE :RELEASE :MOVED
            2 :DISCOVERED 2)
ROW :CYCLE (:CASE (:BOUNDARY :SEMISPACE :SCALAR :GRANULARITY 8 :C 128 :H 259)
            :ROUND 2 :STATUS :COMPLETE :REASON :COMPLETE :PHASE :RELEASE :MOVED
            2 :DISCOVERED 2)
ROW :PASS ((:BOUNDARY :SEMISPACE :SCALAR :GRANULARITY 8 :C 128 :H 259))
ROW :BEGIN ((:HISTORY :SEMISPACE :SCALAR 8 536870913))
ROW :CYCLE (:CASE (:HISTORY :SEMISPACE :SCALAR 8 536870913) :ROUND 0 :STATUS
            :COMPLETE :REASON :COMPLETE :PHASE :RELEASE :MOVED 2 :DISCOVERED 2)
ROW :CYCLE (:CASE (:HISTORY :SEMISPACE :SCALAR 8 536870913) :ROUND 1 :STATUS
            :COMPLETE :REASON :COMPLETE :PHASE :RELEASE :MOVED 2 :DISCOVERED 2)
ROW :CYCLE (:CASE (:HISTORY :SEMISPACE :SCALAR 8 536870913) :ROUND 2 :STATUS
            :COMPLETE :REASON :COMPLETE :PHASE :RELEASE :MOVED 2 :DISCOVERED 2)
ROW :PASS ((:HISTORY :SEMISPACE :SCALAR 8 536870913))
ROW :BEGIN ((:HISTORY :SEMISPACE :SCALAR 8 268435464))
ROW :CYCLE (:CASE (:HISTORY :SEMISPACE :SCALAR 8 268435464) :ROUND 0 :STATUS
            :COMPLETE :REASON :COMPLETE :PHASE :RELEASE :MOVED 2 :DISCOVERED 2)
ROW :CYCLE (:CASE (:HISTORY :SEMISPACE :SCALAR 8 268435464) :ROUND 1 :STATUS
            :COMPLETE :REASON :COMPLETE :PHASE :RELEASE :MOVED 2 :DISCOVERED 2)
ROW :CYCLE (:CASE (:HISTORY :SEMISPACE :SCALAR 8 268435464) :ROUND 2 :STATUS
            :COMPLETE :REASON :COMPLETE :PHASE :RELEASE :MOVED 2 :DISCOVERED 2)
ROW :PASS ((:HISTORY :SEMISPACE :SCALAR 8 268435464))
ROW :BEGIN ((:ALL-CELLS :SEMISPACE :SCALAR 8))
ROW :ALL-DESCRIPTOR-CELLS (:CELLS 128 :PASSES 2 :GRANULARITIES (8 8))
ROW :PASS ((:ALL-CELLS :SEMISPACE :SCALAR 8))
ROW :BEGIN ((:FUTURE-LARGE :SEMISPACE :SCALAR 8))
ROW :ATOMIC-CODE-REJECTION (:CODE 536870913 :CONDITION
                            "Reference encoding code-row capacity exhausted")
ROW :PASS ((:FUTURE-LARGE :SEMISPACE :SCALAR 8))
ROW :BEGIN ((:STAGED :SEMISPACE :SCALAR 8))
ROW :CYCLE (:CASE (:STAGED :SEMISPACE :SCALAR 8) :ROUND 0 :STATUS :COMPLETE
            :REASON :COMPLETE :PHASE :RELEASE :MOVED 2 :DISCOVERED 2)
ROW :CYCLE (:CASE (:STAGED :SEMISPACE :SCALAR 8) :ROUND 1 :STATUS :COMPLETE
            :REASON :COMPLETE :PHASE :RELEASE :MOVED 2 :DISCOVERED 2)
ROW :CYCLE (:CASE (:STAGED :SEMISPACE :SCALAR 8) :ROUND 2 :STATUS :COMPLETE
            :REASON :COMPLETE :PHASE :RELEASE :MOVED 2 :DISCOVERED 2)
ROW :PASS ((:STAGED :SEMISPACE :SCALAR 8))
ROW :BEGIN ((:OBSERVER-CONTROL :SEMISPACE :SCALAR))
ROW :BUILDER-RELEASED (:ACQUIRED 11 :RELEASED 12)
ROW :PASS ((:OBSERVER-CONTROL :SEMISPACE :SCALAR))
ROW :BEGIN ((:BOUNDARY :MARKSWEEP :PACKED :GRANULARITY 16 :C 32 :H 0))
ROW :ATOMIC-CODE-REJECTION (:CODE 536870913 :CONDITION
                            "Reference encoding code-row capacity exhausted")
ROW :CYCLE (:CASE (:BOUNDARY :MARKSWEEP :PACKED :GRANULARITY 16 :C 32 :H 0)
            :ROUND 0 :STATUS :COMPLETE :REASON :COMPLETE :PHASE :RELEASE :MOVED
            0 :DISCOVERED 2)
ROW :CYCLE (:CASE (:BOUNDARY :MARKSWEEP :PACKED :GRANULARITY 16 :C 32 :H 0)
            :ROUND 1 :STATUS :COMPLETE :REASON :COMPLETE :PHASE :RELEASE :MOVED
            0 :DISCOVERED 2)
ROW :CYCLE (:CASE (:BOUNDARY :MARKSWEEP :PACKED :GRANULARITY 16 :C 32 :H 0)
            :ROUND 2 :STATUS :COMPLETE :REASON :COMPLETE :PHASE :RELEASE :MOVED
            0 :DISCOVERED 2)
ROW :PASS ((:BOUNDARY :MARKSWEEP :PACKED :GRANULARITY 16 :C 32 :H 0))
ROW :BEGIN ((:BOUNDARY :MARKSWEEP :PACKED :GRANULARITY 16 :C 32 :H 1))
ROW :BUILDER-RELEASED (:ACQUIRED 9 :RELEASED 10)
ROW :PASS ((:BOUNDARY :MARKSWEEP :PACKED :GRANULARITY 16 :C 32 :H 1))
ROW :BEGIN ((:BOUNDARY :MARKSWEEP :PACKED :GRANULARITY 16 :C 32 :H 31))
ROW :BUILDER-RELEASED (:ACQUIRED 9 :RELEASED 10)
ROW :PASS ((:BOUNDARY :MARKSWEEP :PACKED :GRANULARITY 16 :C 32 :H 31))
ROW :BEGIN ((:BOUNDARY :MARKSWEEP :PACKED :GRANULARITY 16 :C 32 :H 32))
ROW :ATOMIC-CODE-REJECTION (:CODE 268435464 :CONDITION
                            "Reference encoding code-row capacity exhausted")
ROW :CYCLE (:CASE (:BOUNDARY :MARKSWEEP :PACKED :GRANULARITY 16 :C 32 :H 32)
            :ROUND 0 :STATUS :COMPLETE :REASON :COMPLETE :PHASE :RELEASE :MOVED
            0 :DISCOVERED 2)
ROW :CYCLE (:CASE (:BOUNDARY :MARKSWEEP :PACKED :GRANULARITY 16 :C 32 :H 32)
            :ROUND 1 :STATUS :COMPLETE :REASON :COMPLETE :PHASE :RELEASE :MOVED
            0 :DISCOVERED 2)
ROW :CYCLE (:CASE (:BOUNDARY :MARKSWEEP :PACKED :GRANULARITY 16 :C 32 :H 32)
            :ROUND 2 :STATUS :COMPLETE :REASON :COMPLETE :PHASE :RELEASE :MOVED
            0 :DISCOVERED 2)
ROW :PASS ((:BOUNDARY :MARKSWEEP :PACKED :GRANULARITY 16 :C 32 :H 32))
ROW :BEGIN ((:BOUNDARY :MARKSWEEP :PACKED :GRANULARITY 16 :C 32 :H 63))
ROW :ATOMIC-CODE-REJECTION (:CODE 268435464 :CONDITION
                            "Reference encoding code-row capacity exhausted")
ROW :CYCLE (:CASE (:BOUNDARY :MARKSWEEP :PACKED :GRANULARITY 16 :C 32 :H 63)
            :ROUND 0 :STATUS :COMPLETE :REASON :COMPLETE :PHASE :RELEASE :MOVED
            0 :DISCOVERED 2)
ROW :CYCLE (:CASE (:BOUNDARY :MARKSWEEP :PACKED :GRANULARITY 16 :C 32 :H 63)
            :ROUND 1 :STATUS :COMPLETE :REASON :COMPLETE :PHASE :RELEASE :MOVED
            0 :DISCOVERED 2)
ROW :CYCLE (:CASE (:BOUNDARY :MARKSWEEP :PACKED :GRANULARITY 16 :C 32 :H 63)
            :ROUND 2 :STATUS :COMPLETE :REASON :COMPLETE :PHASE :RELEASE :MOVED
            0 :DISCOVERED 2)
ROW :PASS ((:BOUNDARY :MARKSWEEP :PACKED :GRANULARITY 16 :C 32 :H 63))
ROW :BEGIN ((:BOUNDARY :MARKSWEEP :PACKED :GRANULARITY 16 :C 32 :H 64))
ROW :ATOMIC-CODE-REJECTION (:CODE 536870914 :CONDITION
                            "Reference encoding code-row capacity exhausted")
ROW :CYCLE (:CASE (:BOUNDARY :MARKSWEEP :PACKED :GRANULARITY 16 :C 32 :H 64)
            :ROUND 0 :STATUS :COMPLETE :REASON :COMPLETE :PHASE :RELEASE :MOVED
            0 :DISCOVERED 2)
ROW :CYCLE (:CASE (:BOUNDARY :MARKSWEEP :PACKED :GRANULARITY 16 :C 32 :H 64)
            :ROUND 1 :STATUS :COMPLETE :REASON :COMPLETE :PHASE :RELEASE :MOVED
            0 :DISCOVERED 2)
ROW :CYCLE (:CASE (:BOUNDARY :MARKSWEEP :PACKED :GRANULARITY 16 :C 32 :H 64)
            :ROUND 2 :STATUS :COMPLETE :REASON :COMPLETE :PHASE :RELEASE :MOVED
            0 :DISCOVERED 2)
ROW :PASS ((:BOUNDARY :MARKSWEEP :PACKED :GRANULARITY 16 :C 32 :H 64))
ROW :BEGIN ((:BOUNDARY :MARKSWEEP :PACKED :GRANULARITY 16 :C 32 :H 67))
ROW :ATOMIC-CODE-REJECTION (:CODE 536870914 :CONDITION
                            "Reference encoding code-row capacity exhausted")
ROW :CYCLE (:CASE (:BOUNDARY :MARKSWEEP :PACKED :GRANULARITY 16 :C 32 :H 67)
            :ROUND 0 :STATUS :COMPLETE :REASON :COMPLETE :PHASE :RELEASE :MOVED
            0 :DISCOVERED 2)
ROW :CYCLE (:CASE (:BOUNDARY :MARKSWEEP :PACKED :GRANULARITY 16 :C 32 :H 67)
            :ROUND 1 :STATUS :COMPLETE :REASON :COMPLETE :PHASE :RELEASE :MOVED
            0 :DISCOVERED 2)
ROW :CYCLE (:CASE (:BOUNDARY :MARKSWEEP :PACKED :GRANULARITY 16 :C 32 :H 67)
            :ROUND 2 :STATUS :COMPLETE :REASON :COMPLETE :PHASE :RELEASE :MOVED
            0 :DISCOVERED 2)
ROW :PASS ((:BOUNDARY :MARKSWEEP :PACKED :GRANULARITY 16 :C 32 :H 67))
ROW :BEGIN ((:HISTORY :MARKSWEEP :PACKED 16 536870913))
ROW :CYCLE (:CASE (:HISTORY :MARKSWEEP :PACKED 16 536870913) :ROUND 0 :STATUS
            :COMPLETE :REASON :COMPLETE :PHASE :RELEASE :MOVED 0 :DISCOVERED 2)
ROW :CYCLE (:CASE (:HISTORY :MARKSWEEP :PACKED 16 536870913) :ROUND 1 :STATUS
            :COMPLETE :REASON :COMPLETE :PHASE :RELEASE :MOVED 0 :DISCOVERED 2)
ROW :CYCLE (:CASE (:HISTORY :MARKSWEEP :PACKED 16 536870913) :ROUND 2 :STATUS
            :COMPLETE :REASON :COMPLETE :PHASE :RELEASE :MOVED 0 :DISCOVERED 2)
ROW :PASS ((:HISTORY :MARKSWEEP :PACKED 16 536870913))
ROW :BEGIN ((:HISTORY :MARKSWEEP :PACKED 16 268435464))
ROW :CYCLE (:CASE (:HISTORY :MARKSWEEP :PACKED 16 268435464) :ROUND 0 :STATUS
            :COMPLETE :REASON :COMPLETE :PHASE :RELEASE :MOVED 0 :DISCOVERED 2)
ROW :CYCLE (:CASE (:HISTORY :MARKSWEEP :PACKED 16 268435464) :ROUND 1 :STATUS
            :COMPLETE :REASON :COMPLETE :PHASE :RELEASE :MOVED 0 :DISCOVERED 2)
ROW :CYCLE (:CASE (:HISTORY :MARKSWEEP :PACKED 16 268435464) :ROUND 2 :STATUS
            :COMPLETE :REASON :COMPLETE :PHASE :RELEASE :MOVED 0 :DISCOVERED 2)
ROW :PASS ((:HISTORY :MARKSWEEP :PACKED 16 268435464))
ROW :BEGIN ((:ALL-CELLS :MARKSWEEP :PACKED 16))
ROW :ALL-DESCRIPTOR-CELLS (:CELLS 32 :PASSES 2 :GRANULARITIES (16))
ROW :PASS ((:ALL-CELLS :MARKSWEEP :PACKED 16))
ROW :BEGIN ((:FUTURE-LARGE :MARKSWEEP :PACKED 16))
ROW :ATOMIC-CODE-REJECTION (:CODE 536870913 :CONDITION
                            "Reference encoding code-row capacity exhausted")
ROW :PASS ((:FUTURE-LARGE :MARKSWEEP :PACKED 16))
ROW :BEGIN ((:STAGED :MARKSWEEP :PACKED 16))
ROW :CYCLE (:CASE (:STAGED :MARKSWEEP :PACKED 16) :ROUND 0 :STATUS :COMPLETE
            :REASON :COMPLETE :PHASE :RELEASE :MOVED 0 :DISCOVERED 2)
ROW :CYCLE (:CASE (:STAGED :MARKSWEEP :PACKED 16) :ROUND 1 :STATUS :COMPLETE
            :REASON :COMPLETE :PHASE :RELEASE :MOVED 0 :DISCOVERED 2)
ROW :CYCLE (:CASE (:STAGED :MARKSWEEP :PACKED 16) :ROUND 2 :STATUS :COMPLETE
            :REASON :COMPLETE :PHASE :RELEASE :MOVED 0 :DISCOVERED 2)
ROW :PASS ((:STAGED :MARKSWEEP :PACKED 16))
ROW :BEGIN ((:BOUNDARY :MARKSWEEP :PACKED :GRANULARITY 8 :C 64 :H 0))
ROW :ATOMIC-CODE-REJECTION (:CODE 536870913 :CONDITION
                            "Reference encoding code-row capacity exhausted")
ROW :CYCLE (:CASE (:BOUNDARY :MARKSWEEP :PACKED :GRANULARITY 8 :C 64 :H 0)
            :ROUND 0 :STATUS :COMPLETE :REASON :COMPLETE :PHASE :RELEASE :MOVED
            0 :DISCOVERED 2)
ROW :CYCLE (:CASE (:BOUNDARY :MARKSWEEP :PACKED :GRANULARITY 8 :C 64 :H 0)
            :ROUND 1 :STATUS :COMPLETE :REASON :COMPLETE :PHASE :RELEASE :MOVED
            0 :DISCOVERED 2)
ROW :CYCLE (:CASE (:BOUNDARY :MARKSWEEP :PACKED :GRANULARITY 8 :C 64 :H 0)
            :ROUND 2 :STATUS :COMPLETE :REASON :COMPLETE :PHASE :RELEASE :MOVED
            0 :DISCOVERED 2)
ROW :PASS ((:BOUNDARY :MARKSWEEP :PACKED :GRANULARITY 8 :C 64 :H 0))
ROW :BEGIN ((:BOUNDARY :MARKSWEEP :PACKED :GRANULARITY 8 :C 64 :H 1))
ROW :BUILDER-RELEASED (:ACQUIRED 9 :RELEASED 10)
ROW :PASS ((:BOUNDARY :MARKSWEEP :PACKED :GRANULARITY 8 :C 64 :H 1))
ROW :BEGIN ((:BOUNDARY :MARKSWEEP :PACKED :GRANULARITY 8 :C 64 :H 63))
ROW :BUILDER-RELEASED (:ACQUIRED 9 :RELEASED 10)
ROW :PASS ((:BOUNDARY :MARKSWEEP :PACKED :GRANULARITY 8 :C 64 :H 63))
ROW :BEGIN ((:BOUNDARY :MARKSWEEP :PACKED :GRANULARITY 8 :C 64 :H 64))
ROW :ATOMIC-CODE-REJECTION (:CODE 268435464 :CONDITION
                            "Reference encoding code-row capacity exhausted")
ROW :CYCLE (:CASE (:BOUNDARY :MARKSWEEP :PACKED :GRANULARITY 8 :C 64 :H 64)
            :ROUND 0 :STATUS :COMPLETE :REASON :COMPLETE :PHASE :RELEASE :MOVED
            0 :DISCOVERED 2)
ROW :CYCLE (:CASE (:BOUNDARY :MARKSWEEP :PACKED :GRANULARITY 8 :C 64 :H 64)
            :ROUND 1 :STATUS :COMPLETE :REASON :COMPLETE :PHASE :RELEASE :MOVED
            0 :DISCOVERED 2)
ROW :CYCLE (:CASE (:BOUNDARY :MARKSWEEP :PACKED :GRANULARITY 8 :C 64 :H 64)
            :ROUND 2 :STATUS :COMPLETE :REASON :COMPLETE :PHASE :RELEASE :MOVED
            0 :DISCOVERED 2)
ROW :PASS ((:BOUNDARY :MARKSWEEP :PACKED :GRANULARITY 8 :C 64 :H 64))
ROW :BEGIN ((:BOUNDARY :MARKSWEEP :PACKED :GRANULARITY 8 :C 64 :H 127))
ROW :ATOMIC-CODE-REJECTION (:CODE 268435464 :CONDITION
                            "Reference encoding code-row capacity exhausted")
ROW :CYCLE (:CASE (:BOUNDARY :MARKSWEEP :PACKED :GRANULARITY 8 :C 64 :H 127)
            :ROUND 0 :STATUS :COMPLETE :REASON :COMPLETE :PHASE :RELEASE :MOVED
            0 :DISCOVERED 2)
ROW :CYCLE (:CASE (:BOUNDARY :MARKSWEEP :PACKED :GRANULARITY 8 :C 64 :H 127)
            :ROUND 1 :STATUS :COMPLETE :REASON :COMPLETE :PHASE :RELEASE :MOVED
            0 :DISCOVERED 2)
ROW :CYCLE (:CASE (:BOUNDARY :MARKSWEEP :PACKED :GRANULARITY 8 :C 64 :H 127)
            :ROUND 2 :STATUS :COMPLETE :REASON :COMPLETE :PHASE :RELEASE :MOVED
            0 :DISCOVERED 2)
ROW :PASS ((:BOUNDARY :MARKSWEEP :PACKED :GRANULARITY 8 :C 64 :H 127))
ROW :BEGIN ((:BOUNDARY :MARKSWEEP :PACKED :GRANULARITY 8 :C 64 :H 128))
ROW :ATOMIC-CODE-REJECTION (:CODE 536870914 :CONDITION
                            "Reference encoding code-row capacity exhausted")
ROW :CYCLE (:CASE (:BOUNDARY :MARKSWEEP :PACKED :GRANULARITY 8 :C 64 :H 128)
            :ROUND 0 :STATUS :COMPLETE :REASON :COMPLETE :PHASE :RELEASE :MOVED
            0 :DISCOVERED 2)
ROW :CYCLE (:CASE (:BOUNDARY :MARKSWEEP :PACKED :GRANULARITY 8 :C 64 :H 128)
            :ROUND 1 :STATUS :COMPLETE :REASON :COMPLETE :PHASE :RELEASE :MOVED
            0 :DISCOVERED 2)
ROW :CYCLE (:CASE (:BOUNDARY :MARKSWEEP :PACKED :GRANULARITY 8 :C 64 :H 128)
            :ROUND 2 :STATUS :COMPLETE :REASON :COMPLETE :PHASE :RELEASE :MOVED
            0 :DISCOVERED 2)
ROW :PASS ((:BOUNDARY :MARKSWEEP :PACKED :GRANULARITY 8 :C 64 :H 128))
ROW :BEGIN ((:BOUNDARY :MARKSWEEP :PACKED :GRANULARITY 8 :C 64 :H 131))
ROW :ATOMIC-CODE-REJECTION (:CODE 536870914 :CONDITION
                            "Reference encoding code-row capacity exhausted")
ROW :CYCLE (:CASE (:BOUNDARY :MARKSWEEP :PACKED :GRANULARITY 8 :C 64 :H 131)
            :ROUND 0 :STATUS :COMPLETE :REASON :COMPLETE :PHASE :RELEASE :MOVED
            0 :DISCOVERED 2)
ROW :CYCLE (:CASE (:BOUNDARY :MARKSWEEP :PACKED :GRANULARITY 8 :C 64 :H 131)
            :ROUND 1 :STATUS :COMPLETE :REASON :COMPLETE :PHASE :RELEASE :MOVED
            0 :DISCOVERED 2)
ROW :CYCLE (:CASE (:BOUNDARY :MARKSWEEP :PACKED :GRANULARITY 8 :C 64 :H 131)
            :ROUND 2 :STATUS :COMPLETE :REASON :COMPLETE :PHASE :RELEASE :MOVED
            0 :DISCOVERED 2)
ROW :PASS ((:BOUNDARY :MARKSWEEP :PACKED :GRANULARITY 8 :C 64 :H 131))
ROW :BEGIN ((:HISTORY :MARKSWEEP :PACKED 8 536870913))
ROW :CYCLE (:CASE (:HISTORY :MARKSWEEP :PACKED 8 536870913) :ROUND 0 :STATUS
            :COMPLETE :REASON :COMPLETE :PHASE :RELEASE :MOVED 0 :DISCOVERED 2)
ROW :CYCLE (:CASE (:HISTORY :MARKSWEEP :PACKED 8 536870913) :ROUND 1 :STATUS
            :COMPLETE :REASON :COMPLETE :PHASE :RELEASE :MOVED 0 :DISCOVERED 2)
ROW :CYCLE (:CASE (:HISTORY :MARKSWEEP :PACKED 8 536870913) :ROUND 2 :STATUS
            :COMPLETE :REASON :COMPLETE :PHASE :RELEASE :MOVED 0 :DISCOVERED 2)
ROW :PASS ((:HISTORY :MARKSWEEP :PACKED 8 536870913))
ROW :BEGIN ((:HISTORY :MARKSWEEP :PACKED 8 268435464))
ROW :CYCLE (:CASE (:HISTORY :MARKSWEEP :PACKED 8 268435464) :ROUND 0 :STATUS
            :COMPLETE :REASON :COMPLETE :PHASE :RELEASE :MOVED 0 :DISCOVERED 2)
ROW :CYCLE (:CASE (:HISTORY :MARKSWEEP :PACKED 8 268435464) :ROUND 1 :STATUS
            :COMPLETE :REASON :COMPLETE :PHASE :RELEASE :MOVED 0 :DISCOVERED 2)
ROW :CYCLE (:CASE (:HISTORY :MARKSWEEP :PACKED 8 268435464) :ROUND 2 :STATUS
            :COMPLETE :REASON :COMPLETE :PHASE :RELEASE :MOVED 0 :DISCOVERED 2)
ROW :PASS ((:HISTORY :MARKSWEEP :PACKED 8 268435464))
ROW :BEGIN ((:ALL-CELLS :MARKSWEEP :PACKED 8))
ROW :ALL-DESCRIPTOR-CELLS (:CELLS 64 :PASSES 2 :GRANULARITIES (8))
ROW :PASS ((:ALL-CELLS :MARKSWEEP :PACKED 8))
ROW :BEGIN ((:FUTURE-LARGE :MARKSWEEP :PACKED 8))
ROW :ATOMIC-CODE-REJECTION (:CODE 536870913 :CONDITION
                            "Reference encoding code-row capacity exhausted")
ROW :PASS ((:FUTURE-LARGE :MARKSWEEP :PACKED 8))
ROW :BEGIN ((:STAGED :MARKSWEEP :PACKED 8))
ROW :CYCLE (:CASE (:STAGED :MARKSWEEP :PACKED 8) :ROUND 0 :STATUS :COMPLETE
            :REASON :COMPLETE :PHASE :RELEASE :MOVED 0 :DISCOVERED 2)
ROW :CYCLE (:CASE (:STAGED :MARKSWEEP :PACKED 8) :ROUND 1 :STATUS :COMPLETE
            :REASON :COMPLETE :PHASE :RELEASE :MOVED 0 :DISCOVERED 2)
ROW :CYCLE (:CASE (:STAGED :MARKSWEEP :PACKED 8) :ROUND 2 :STATUS :COMPLETE
            :REASON :COMPLETE :PHASE :RELEASE :MOVED 0 :DISCOVERED 2)
ROW :PASS ((:STAGED :MARKSWEEP :PACKED 8))
ROW :BEGIN ((:OBSERVER-CONTROL :MARKSWEEP :PACKED))
ROW :BUILDER-RELEASED (:ACQUIRED 9 :RELEASED 10)
ROW :PASS ((:OBSERVER-CONTROL :MARKSWEEP :PACKED))
ROW :BEGIN ((:BOUNDARY :MARKSWEEP :SCALAR :GRANULARITY 16 :C 32 :H 0))
ROW :ATOMIC-CODE-REJECTION (:CODE 536870913 :CONDITION
                            "Reference encoding code-row capacity exhausted")
ROW :CYCLE (:CASE (:BOUNDARY :MARKSWEEP :SCALAR :GRANULARITY 16 :C 32 :H 0)
            :ROUND 0 :STATUS :COMPLETE :REASON :COMPLETE :PHASE :RELEASE :MOVED
            0 :DISCOVERED 2)
ROW :CYCLE (:CASE (:BOUNDARY :MARKSWEEP :SCALAR :GRANULARITY 16 :C 32 :H 0)
            :ROUND 1 :STATUS :COMPLETE :REASON :COMPLETE :PHASE :RELEASE :MOVED
            0 :DISCOVERED 2)
ROW :CYCLE (:CASE (:BOUNDARY :MARKSWEEP :SCALAR :GRANULARITY 16 :C 32 :H 0)
            :ROUND 2 :STATUS :COMPLETE :REASON :COMPLETE :PHASE :RELEASE :MOVED
            0 :DISCOVERED 2)
ROW :PASS ((:BOUNDARY :MARKSWEEP :SCALAR :GRANULARITY 16 :C 32 :H 0))
ROW :BEGIN ((:BOUNDARY :MARKSWEEP :SCALAR :GRANULARITY 16 :C 32 :H 1))
ROW :BUILDER-RELEASED (:ACQUIRED 9 :RELEASED 10)
ROW :PASS ((:BOUNDARY :MARKSWEEP :SCALAR :GRANULARITY 16 :C 32 :H 1))
ROW :BEGIN ((:BOUNDARY :MARKSWEEP :SCALAR :GRANULARITY 16 :C 32 :H 31))
ROW :BUILDER-RELEASED (:ACQUIRED 9 :RELEASED 10)
ROW :PASS ((:BOUNDARY :MARKSWEEP :SCALAR :GRANULARITY 16 :C 32 :H 31))
ROW :BEGIN ((:BOUNDARY :MARKSWEEP :SCALAR :GRANULARITY 16 :C 32 :H 32))
ROW :ATOMIC-CODE-REJECTION (:CODE 268435464 :CONDITION
                            "Reference encoding code-row capacity exhausted")
ROW :CYCLE (:CASE (:BOUNDARY :MARKSWEEP :SCALAR :GRANULARITY 16 :C 32 :H 32)
            :ROUND 0 :STATUS :COMPLETE :REASON :COMPLETE :PHASE :RELEASE :MOVED
            0 :DISCOVERED 2)
ROW :CYCLE (:CASE (:BOUNDARY :MARKSWEEP :SCALAR :GRANULARITY 16 :C 32 :H 32)
            :ROUND 1 :STATUS :COMPLETE :REASON :COMPLETE :PHASE :RELEASE :MOVED
            0 :DISCOVERED 2)
ROW :CYCLE (:CASE (:BOUNDARY :MARKSWEEP :SCALAR :GRANULARITY 16 :C 32 :H 32)
            :ROUND 2 :STATUS :COMPLETE :REASON :COMPLETE :PHASE :RELEASE :MOVED
            0 :DISCOVERED 2)
ROW :PASS ((:BOUNDARY :MARKSWEEP :SCALAR :GRANULARITY 16 :C 32 :H 32))
ROW :BEGIN ((:BOUNDARY :MARKSWEEP :SCALAR :GRANULARITY 16 :C 32 :H 63))
ROW :ATOMIC-CODE-REJECTION (:CODE 268435464 :CONDITION
                            "Reference encoding code-row capacity exhausted")
ROW :CYCLE (:CASE (:BOUNDARY :MARKSWEEP :SCALAR :GRANULARITY 16 :C 32 :H 63)
            :ROUND 0 :STATUS :COMPLETE :REASON :COMPLETE :PHASE :RELEASE :MOVED
            0 :DISCOVERED 2)
ROW :CYCLE (:CASE (:BOUNDARY :MARKSWEEP :SCALAR :GRANULARITY 16 :C 32 :H 63)
            :ROUND 1 :STATUS :COMPLETE :REASON :COMPLETE :PHASE :RELEASE :MOVED
            0 :DISCOVERED 2)
ROW :CYCLE (:CASE (:BOUNDARY :MARKSWEEP :SCALAR :GRANULARITY 16 :C 32 :H 63)
            :ROUND 2 :STATUS :COMPLETE :REASON :COMPLETE :PHASE :RELEASE :MOVED
            0 :DISCOVERED 2)
ROW :PASS ((:BOUNDARY :MARKSWEEP :SCALAR :GRANULARITY 16 :C 32 :H 63))
ROW :BEGIN ((:BOUNDARY :MARKSWEEP :SCALAR :GRANULARITY 16 :C 32 :H 64))
ROW :ATOMIC-CODE-REJECTION (:CODE 536870914 :CONDITION
                            "Reference encoding code-row capacity exhausted")
ROW :CYCLE (:CASE (:BOUNDARY :MARKSWEEP :SCALAR :GRANULARITY 16 :C 32 :H 64)
            :ROUND 0 :STATUS :COMPLETE :REASON :COMPLETE :PHASE :RELEASE :MOVED
            0 :DISCOVERED 2)
ROW :CYCLE (:CASE (:BOUNDARY :MARKSWEEP :SCALAR :GRANULARITY 16 :C 32 :H 64)
            :ROUND 1 :STATUS :COMPLETE :REASON :COMPLETE :PHASE :RELEASE :MOVED
            0 :DISCOVERED 2)
ROW :CYCLE (:CASE (:BOUNDARY :MARKSWEEP :SCALAR :GRANULARITY 16 :C 32 :H 64)
            :ROUND 2 :STATUS :COMPLETE :REASON :COMPLETE :PHASE :RELEASE :MOVED
            0 :DISCOVERED 2)
ROW :PASS ((:BOUNDARY :MARKSWEEP :SCALAR :GRANULARITY 16 :C 32 :H 64))
ROW :BEGIN ((:BOUNDARY :MARKSWEEP :SCALAR :GRANULARITY 16 :C 32 :H 67))
ROW :ATOMIC-CODE-REJECTION (:CODE 536870914 :CONDITION
                            "Reference encoding code-row capacity exhausted")
ROW :CYCLE (:CASE (:BOUNDARY :MARKSWEEP :SCALAR :GRANULARITY 16 :C 32 :H 67)
            :ROUND 0 :STATUS :COMPLETE :REASON :COMPLETE :PHASE :RELEASE :MOVED
            0 :DISCOVERED 2)
ROW :CYCLE (:CASE (:BOUNDARY :MARKSWEEP :SCALAR :GRANULARITY 16 :C 32 :H 67)
            :ROUND 1 :STATUS :COMPLETE :REASON :COMPLETE :PHASE :RELEASE :MOVED
            0 :DISCOVERED 2)
ROW :CYCLE (:CASE (:BOUNDARY :MARKSWEEP :SCALAR :GRANULARITY 16 :C 32 :H 67)
            :ROUND 2 :STATUS :COMPLETE :REASON :COMPLETE :PHASE :RELEASE :MOVED
            0 :DISCOVERED 2)
ROW :PASS ((:BOUNDARY :MARKSWEEP :SCALAR :GRANULARITY 16 :C 32 :H 67))
ROW :BEGIN ((:HISTORY :MARKSWEEP :SCALAR 16 536870913))
ROW :CYCLE (:CASE (:HISTORY :MARKSWEEP :SCALAR 16 536870913) :ROUND 0 :STATUS
            :COMPLETE :REASON :COMPLETE :PHASE :RELEASE :MOVED 0 :DISCOVERED 2)
ROW :CYCLE (:CASE (:HISTORY :MARKSWEEP :SCALAR 16 536870913) :ROUND 1 :STATUS
            :COMPLETE :REASON :COMPLETE :PHASE :RELEASE :MOVED 0 :DISCOVERED 2)
ROW :CYCLE (:CASE (:HISTORY :MARKSWEEP :SCALAR 16 536870913) :ROUND 2 :STATUS
            :COMPLETE :REASON :COMPLETE :PHASE :RELEASE :MOVED 0 :DISCOVERED 2)
ROW :PASS ((:HISTORY :MARKSWEEP :SCALAR 16 536870913))
ROW :BEGIN ((:HISTORY :MARKSWEEP :SCALAR 16 268435464))
ROW :CYCLE (:CASE (:HISTORY :MARKSWEEP :SCALAR 16 268435464) :ROUND 0 :STATUS
            :COMPLETE :REASON :COMPLETE :PHASE :RELEASE :MOVED 0 :DISCOVERED 2)
ROW :CYCLE (:CASE (:HISTORY :MARKSWEEP :SCALAR 16 268435464) :ROUND 1 :STATUS
            :COMPLETE :REASON :COMPLETE :PHASE :RELEASE :MOVED 0 :DISCOVERED 2)
ROW :CYCLE (:CASE (:HISTORY :MARKSWEEP :SCALAR 16 268435464) :ROUND 2 :STATUS
            :COMPLETE :REASON :COMPLETE :PHASE :RELEASE :MOVED 0 :DISCOVERED 2)
ROW :PASS ((:HISTORY :MARKSWEEP :SCALAR 16 268435464))
ROW :BEGIN ((:ALL-CELLS :MARKSWEEP :SCALAR 16))
ROW :ALL-DESCRIPTOR-CELLS (:CELLS 32 :PASSES 2 :GRANULARITIES (16))
ROW :PASS ((:ALL-CELLS :MARKSWEEP :SCALAR 16))
ROW :BEGIN ((:FUTURE-LARGE :MARKSWEEP :SCALAR 16))
ROW :ATOMIC-CODE-REJECTION (:CODE 536870913 :CONDITION
                            "Reference encoding code-row capacity exhausted")
ROW :PASS ((:FUTURE-LARGE :MARKSWEEP :SCALAR 16))
ROW :BEGIN ((:STAGED :MARKSWEEP :SCALAR 16))
ROW :CYCLE (:CASE (:STAGED :MARKSWEEP :SCALAR 16) :ROUND 0 :STATUS :COMPLETE
            :REASON :COMPLETE :PHASE :RELEASE :MOVED 0 :DISCOVERED 2)
ROW :CYCLE (:CASE (:STAGED :MARKSWEEP :SCALAR 16) :ROUND 1 :STATUS :COMPLETE
            :REASON :COMPLETE :PHASE :RELEASE :MOVED 0 :DISCOVERED 2)
ROW :CYCLE (:CASE (:STAGED :MARKSWEEP :SCALAR 16) :ROUND 2 :STATUS :COMPLETE
            :REASON :COMPLETE :PHASE :RELEASE :MOVED 0 :DISCOVERED 2)
ROW :PASS ((:STAGED :MARKSWEEP :SCALAR 16))
ROW :BEGIN ((:BOUNDARY :MARKSWEEP :SCALAR :GRANULARITY 8 :C 64 :H 0))
ROW :ATOMIC-CODE-REJECTION (:CODE 536870913 :CONDITION
                            "Reference encoding code-row capacity exhausted")
ROW :CYCLE (:CASE (:BOUNDARY :MARKSWEEP :SCALAR :GRANULARITY 8 :C 64 :H 0)
            :ROUND 0 :STATUS :COMPLETE :REASON :COMPLETE :PHASE :RELEASE :MOVED
            0 :DISCOVERED 2)
ROW :CYCLE (:CASE (:BOUNDARY :MARKSWEEP :SCALAR :GRANULARITY 8 :C 64 :H 0)
            :ROUND 1 :STATUS :COMPLETE :REASON :COMPLETE :PHASE :RELEASE :MOVED
            0 :DISCOVERED 2)
ROW :CYCLE (:CASE (:BOUNDARY :MARKSWEEP :SCALAR :GRANULARITY 8 :C 64 :H 0)
            :ROUND 2 :STATUS :COMPLETE :REASON :COMPLETE :PHASE :RELEASE :MOVED
            0 :DISCOVERED 2)
ROW :PASS ((:BOUNDARY :MARKSWEEP :SCALAR :GRANULARITY 8 :C 64 :H 0))
ROW :BEGIN ((:BOUNDARY :MARKSWEEP :SCALAR :GRANULARITY 8 :C 64 :H 1))
ROW :BUILDER-RELEASED (:ACQUIRED 9 :RELEASED 10)
ROW :PASS ((:BOUNDARY :MARKSWEEP :SCALAR :GRANULARITY 8 :C 64 :H 1))
ROW :BEGIN ((:BOUNDARY :MARKSWEEP :SCALAR :GRANULARITY 8 :C 64 :H 63))
ROW :BUILDER-RELEASED (:ACQUIRED 9 :RELEASED 10)
ROW :PASS ((:BOUNDARY :MARKSWEEP :SCALAR :GRANULARITY 8 :C 64 :H 63))
ROW :BEGIN ((:BOUNDARY :MARKSWEEP :SCALAR :GRANULARITY 8 :C 64 :H 64))
ROW :ATOMIC-CODE-REJECTION (:CODE 268435464 :CONDITION
                            "Reference encoding code-row capacity exhausted")
ROW :CYCLE (:CASE (:BOUNDARY :MARKSWEEP :SCALAR :GRANULARITY 8 :C 64 :H 64)
            :ROUND 0 :STATUS :COMPLETE :REASON :COMPLETE :PHASE :RELEASE :MOVED
            0 :DISCOVERED 2)
ROW :CYCLE (:CASE (:BOUNDARY :MARKSWEEP :SCALAR :GRANULARITY 8 :C 64 :H 64)
            :ROUND 1 :STATUS :COMPLETE :REASON :COMPLETE :PHASE :RELEASE :MOVED
            0 :DISCOVERED 2)
ROW :CYCLE (:CASE (:BOUNDARY :MARKSWEEP :SCALAR :GRANULARITY 8 :C 64 :H 64)
            :ROUND 2 :STATUS :COMPLETE :REASON :COMPLETE :PHASE :RELEASE :MOVED
            0 :DISCOVERED 2)
ROW :PASS ((:BOUNDARY :MARKSWEEP :SCALAR :GRANULARITY 8 :C 64 :H 64))
ROW :BEGIN ((:BOUNDARY :MARKSWEEP :SCALAR :GRANULARITY 8 :C 64 :H 127))
ROW :ATOMIC-CODE-REJECTION (:CODE 268435464 :CONDITION
                            "Reference encoding code-row capacity exhausted")
ROW :CYCLE (:CASE (:BOUNDARY :MARKSWEEP :SCALAR :GRANULARITY 8 :C 64 :H 127)
            :ROUND 0 :STATUS :COMPLETE :REASON :COMPLETE :PHASE :RELEASE :MOVED
            0 :DISCOVERED 2)
ROW :CYCLE (:CASE (:BOUNDARY :MARKSWEEP :SCALAR :GRANULARITY 8 :C 64 :H 127)
            :ROUND 1 :STATUS :COMPLETE :REASON :COMPLETE :PHASE :RELEASE :MOVED
            0 :DISCOVERED 2)
ROW :CYCLE (:CASE (:BOUNDARY :MARKSWEEP :SCALAR :GRANULARITY 8 :C 64 :H 127)
            :ROUND 2 :STATUS :COMPLETE :REASON :COMPLETE :PHASE :RELEASE :MOVED
            0 :DISCOVERED 2)
ROW :PASS ((:BOUNDARY :MARKSWEEP :SCALAR :GRANULARITY 8 :C 64 :H 127))
ROW :BEGIN ((:BOUNDARY :MARKSWEEP :SCALAR :GRANULARITY 8 :C 64 :H 128))
ROW :ATOMIC-CODE-REJECTION (:CODE 536870914 :CONDITION
                            "Reference encoding code-row capacity exhausted")
ROW :CYCLE (:CASE (:BOUNDARY :MARKSWEEP :SCALAR :GRANULARITY 8 :C 64 :H 128)
            :ROUND 0 :STATUS :COMPLETE :REASON :COMPLETE :PHASE :RELEASE :MOVED
            0 :DISCOVERED 2)
ROW :CYCLE (:CASE (:BOUNDARY :MARKSWEEP :SCALAR :GRANULARITY 8 :C 64 :H 128)
            :ROUND 1 :STATUS :COMPLETE :REASON :COMPLETE :PHASE :RELEASE :MOVED
            0 :DISCOVERED 2)
ROW :CYCLE (:CASE (:BOUNDARY :MARKSWEEP :SCALAR :GRANULARITY 8 :C 64 :H 128)
            :ROUND 2 :STATUS :COMPLETE :REASON :COMPLETE :PHASE :RELEASE :MOVED
            0 :DISCOVERED 2)
ROW :PASS ((:BOUNDARY :MARKSWEEP :SCALAR :GRANULARITY 8 :C 64 :H 128))
ROW :BEGIN ((:BOUNDARY :MARKSWEEP :SCALAR :GRANULARITY 8 :C 64 :H 131))
ROW :ATOMIC-CODE-REJECTION (:CODE 536870914 :CONDITION
                            "Reference encoding code-row capacity exhausted")
ROW :CYCLE (:CASE (:BOUNDARY :MARKSWEEP :SCALAR :GRANULARITY 8 :C 64 :H 131)
            :ROUND 0 :STATUS :COMPLETE :REASON :COMPLETE :PHASE :RELEASE :MOVED
            0 :DISCOVERED 2)
ROW :CYCLE (:CASE (:BOUNDARY :MARKSWEEP :SCALAR :GRANULARITY 8 :C 64 :H 131)
            :ROUND 1 :STATUS :COMPLETE :REASON :COMPLETE :PHASE :RELEASE :MOVED
            0 :DISCOVERED 2)
ROW :CYCLE (:CASE (:BOUNDARY :MARKSWEEP :SCALAR :GRANULARITY 8 :C 64 :H 131)
            :ROUND 2 :STATUS :COMPLETE :REASON :COMPLETE :PHASE :RELEASE :MOVED
            0 :DISCOVERED 2)
ROW :PASS ((:BOUNDARY :MARKSWEEP :SCALAR :GRANULARITY 8 :C 64 :H 131))
ROW :BEGIN ((:HISTORY :MARKSWEEP :SCALAR 8 536870913))
ROW :CYCLE (:CASE (:HISTORY :MARKSWEEP :SCALAR 8 536870913) :ROUND 0 :STATUS
            :COMPLETE :REASON :COMPLETE :PHASE :RELEASE :MOVED 0 :DISCOVERED 2)
ROW :CYCLE (:CASE (:HISTORY :MARKSWEEP :SCALAR 8 536870913) :ROUND 1 :STATUS
            :COMPLETE :REASON :COMPLETE :PHASE :RELEASE :MOVED 0 :DISCOVERED 2)
ROW :CYCLE (:CASE (:HISTORY :MARKSWEEP :SCALAR 8 536870913) :ROUND 2 :STATUS
            :COMPLETE :REASON :COMPLETE :PHASE :RELEASE :MOVED 0 :DISCOVERED 2)
ROW :PASS ((:HISTORY :MARKSWEEP :SCALAR 8 536870913))
ROW :BEGIN ((:HISTORY :MARKSWEEP :SCALAR 8 268435464))
ROW :CYCLE (:CASE (:HISTORY :MARKSWEEP :SCALAR 8 268435464) :ROUND 0 :STATUS
            :COMPLETE :REASON :COMPLETE :PHASE :RELEASE :MOVED 0 :DISCOVERED 2)
ROW :CYCLE (:CASE (:HISTORY :MARKSWEEP :SCALAR 8 268435464) :ROUND 1 :STATUS
            :COMPLETE :REASON :COMPLETE :PHASE :RELEASE :MOVED 0 :DISCOVERED 2)
ROW :CYCLE (:CASE (:HISTORY :MARKSWEEP :SCALAR 8 268435464) :ROUND 2 :STATUS
            :COMPLETE :REASON :COMPLETE :PHASE :RELEASE :MOVED 0 :DISCOVERED 2)
ROW :PASS ((:HISTORY :MARKSWEEP :SCALAR 8 268435464))
ROW :BEGIN ((:ALL-CELLS :MARKSWEEP :SCALAR 8))
ROW :ALL-DESCRIPTOR-CELLS (:CELLS 64 :PASSES 2 :GRANULARITIES (8))
ROW :PASS ((:ALL-CELLS :MARKSWEEP :SCALAR 8))
ROW :BEGIN ((:FUTURE-LARGE :MARKSWEEP :SCALAR 8))
ROW :ATOMIC-CODE-REJECTION (:CODE 536870913 :CONDITION
                            "Reference encoding code-row capacity exhausted")
ROW :PASS ((:FUTURE-LARGE :MARKSWEEP :SCALAR 8))
ROW :BEGIN ((:STAGED :MARKSWEEP :SCALAR 8))
ROW :CYCLE (:CASE (:STAGED :MARKSWEEP :SCALAR 8) :ROUND 0 :STATUS :COMPLETE
            :REASON :COMPLETE :PHASE :RELEASE :MOVED 0 :DISCOVERED 2)
ROW :CYCLE (:CASE (:STAGED :MARKSWEEP :SCALAR 8) :ROUND 1 :STATUS :COMPLETE
            :REASON :COMPLETE :PHASE :RELEASE :MOVED 0 :DISCOVERED 2)
ROW :CYCLE (:CASE (:STAGED :MARKSWEEP :SCALAR 8) :ROUND 2 :STATUS :COMPLETE
            :REASON :COMPLETE :PHASE :RELEASE :MOVED 0 :DISCOVERED 2)
ROW :PASS ((:STAGED :MARKSWEEP :SCALAR 8))
ROW :BEGIN ((:OBSERVER-CONTROL :MARKSWEEP :SCALAR))
ROW :BUILDER-RELEASED (:ACQUIRED 9 :RELEASED 10)
ROW :PASS ((:OBSERVER-CONTROL :MARKSWEEP :SCALAR))
ROW :BEGIN ((:MIXED-GRANULARITY-HISTORY :PACKED))
ROW :CYCLE (:CASE (:MIXED-GRANULARITY-HISTORY :PACKED) :ROUND 0 :STATUS
            :COMPLETE :REASON :COMPLETE :PHASE :RELEASE :MOVED 2 :DISCOVERED 2)
ROW :CYCLE (:CASE (:MIXED-GRANULARITY-HISTORY :PACKED) :ROUND 1 :STATUS
            :COMPLETE :REASON :COMPLETE :PHASE :RELEASE :MOVED 2 :DISCOVERED 2)
ROW :CYCLE (:CASE (:MIXED-GRANULARITY-HISTORY :PACKED) :ROUND 2 :STATUS
            :COMPLETE :REASON :COMPLETE :PHASE :RELEASE :MOVED 2 :DISCOVERED 2)
ROW :PASS ((:MIXED-GRANULARITY-HISTORY :PACKED))
ROW :BEGIN ((:MIXED-GRANULARITY-ALL-CELLS :PACKED))
ROW :ALL-DESCRIPTOR-CELLS (:CELLS 96 :PASSES 2 :GRANULARITIES (8 16))
ROW :PASS ((:MIXED-GRANULARITY-ALL-CELLS :PACKED))
ROW :BEGIN ((:MIXED-GRANULARITY-HISTORY :SCALAR))
ROW :CYCLE (:CASE (:MIXED-GRANULARITY-HISTORY :SCALAR) :ROUND 0 :STATUS
            :COMPLETE :REASON :COMPLETE :PHASE :RELEASE :MOVED 2 :DISCOVERED 2)
ROW :CYCLE (:CASE (:MIXED-GRANULARITY-HISTORY :SCALAR) :ROUND 1 :STATUS
            :COMPLETE :REASON :COMPLETE :PHASE :RELEASE :MOVED 2 :DISCOVERED 2)
ROW :CYCLE (:CASE (:MIXED-GRANULARITY-HISTORY :SCALAR) :ROUND 2 :STATUS
            :COMPLETE :REASON :COMPLETE :PHASE :RELEASE :MOVED 2 :DISCOVERED 2)
ROW :PASS ((:MIXED-GRANULARITY-HISTORY :SCALAR))
ROW :BEGIN ((:MIXED-GRANULARITY-ALL-CELLS :SCALAR))
ROW :ALL-DESCRIPTOR-CELLS (:CELLS 96 :PASSES 2 :GRANULARITIES (8 16))
ROW :PASS ((:MIXED-GRANULARITY-ALL-CELLS :SCALAR))
ROW :FINISHED (:PASSED 104 :FAILED 0 :PRESERVED-WORLDS 0)
ROW :BEGIN ((:DIRECTORY :SEMISPACE :PACKED))
ROW :ATOMIC-CODE-REJECTION (:CODE 268435487 :CONDITION
                            "Reference encoding code-row capacity exhausted")
ROW :CYCLE (:CASE (:DIRECTORY :SEMISPACE :PACKED) :ROUND 0 :STATUS :COMPLETE
            :REASON :COMPLETE :PHASE :RELEASE :MOVED 2 :DISCOVERED 2)
ROW :CYCLE (:CASE (:DIRECTORY :SEMISPACE :PACKED) :ROUND 1 :STATUS :COMPLETE
            :REASON :COMPLETE :PHASE :RELEASE :MOVED 2 :DISCOVERED 2)
ROW :CYCLE (:CASE (:DIRECTORY :SEMISPACE :PACKED) :ROUND 2 :STATUS :COMPLETE
            :REASON :COMPLETE :PHASE :RELEASE :MOVED 2 :DISCOVERED 2)
ROW :PASS ((:DIRECTORY :SEMISPACE :PACKED))
ROW :BEGIN ((:DIRECTORY :SEMISPACE :SCALAR))
ROW :ATOMIC-CODE-REJECTION (:CODE 268435487 :CONDITION
                            "Reference encoding code-row capacity exhausted")
ROW :CYCLE (:CASE (:DIRECTORY :SEMISPACE :SCALAR) :ROUND 0 :STATUS :COMPLETE
            :REASON :COMPLETE :PHASE :RELEASE :MOVED 2 :DISCOVERED 2)
ROW :CYCLE (:CASE (:DIRECTORY :SEMISPACE :SCALAR) :ROUND 1 :STATUS :COMPLETE
            :REASON :COMPLETE :PHASE :RELEASE :MOVED 2 :DISCOVERED 2)
ROW :CYCLE (:CASE (:DIRECTORY :SEMISPACE :SCALAR) :ROUND 2 :STATUS :COMPLETE
            :REASON :COMPLETE :PHASE :RELEASE :MOVED 2 :DISCOVERED 2)
ROW :PASS ((:DIRECTORY :SEMISPACE :SCALAR))
ROW :BEGIN ((:DIRECTORY :MARKSWEEP :PACKED))
ROW :ATOMIC-CODE-REJECTION (:CODE 268435487 :CONDITION
                            "Reference encoding code-row capacity exhausted")
ROW :CYCLE (:CASE (:DIRECTORY :MARKSWEEP :PACKED) :ROUND 0 :STATUS :COMPLETE
            :REASON :COMPLETE :PHASE :RELEASE :MOVED 0 :DISCOVERED 2)
ROW :CYCLE (:CASE (:DIRECTORY :MARKSWEEP :PACKED) :ROUND 1 :STATUS :COMPLETE
            :REASON :COMPLETE :PHASE :RELEASE :MOVED 0 :DISCOVERED 2)
ROW :CYCLE (:CASE (:DIRECTORY :MARKSWEEP :PACKED) :ROUND 2 :STATUS :COMPLETE
            :REASON :COMPLETE :PHASE :RELEASE :MOVED 0 :DISCOVERED 2)
ROW :PASS ((:DIRECTORY :MARKSWEEP :PACKED))
ROW :BEGIN ((:DIRECTORY :MARKSWEEP :SCALAR))
ROW :ATOMIC-CODE-REJECTION (:CODE 268435487 :CONDITION
                            "Reference encoding code-row capacity exhausted")
ROW :CYCLE (:CASE (:DIRECTORY :MARKSWEEP :SCALAR) :ROUND 0 :STATUS :COMPLETE
            :REASON :COMPLETE :PHASE :RELEASE :MOVED 0 :DISCOVERED 2)
ROW :CYCLE (:CASE (:DIRECTORY :MARKSWEEP :SCALAR) :ROUND 1 :STATUS :COMPLETE
            :REASON :COMPLETE :PHASE :RELEASE :MOVED 0 :DISCOVERED 2)
ROW :CYCLE (:CASE (:DIRECTORY :MARKSWEEP :SCALAR) :ROUND 2 :STATUS :COMPLETE
            :REASON :COMPLETE :PHASE :RELEASE :MOVED 0 :DISCOVERED 2)
ROW :PASS ((:DIRECTORY :MARKSWEEP :SCALAR))
ROW :DIRECTORY-FINISHED (:PASSED 4 :FAILED 0)
ROW :BEGIN ((:ENDPOINT-HOLES :SEMISPACE :PACKED 8))
ROW :EXACT-ROW-ACCOUNT (:REQUIRED 132 :H 128 :RESERVED 0)
ROW :ATOMIC-CODE-REJECTION (:CODE 268435456 :CONDITION
                            "Reference descriptor is outside the admitted domain")
ROW :ATOMIC-CODE-REJECTION (:CODE 536870912 :CONDITION
                            "Reference descriptor is outside the admitted domain")
ROW :ATOMIC-CODE-REJECTION (:CODE 805306368 :CONDITION
                            "Reference descriptor is outside the admitted domain")
ROW :ATOMIC-CODE-REJECTION (:CODE 1073741824 :CONDITION
                            "Malformed reference reconstruction descriptor")
ROW :ATOMIC-CODE-REJECTION (:CODE -1 :CONDITION
                            "Malformed reference reconstruction descriptor")
ROW :ATOMIC-CODE-REJECTION (:CODE :BAD :CONDITION
                            "Malformed reference reconstruction descriptor")
ROW :ATOMIC-CODE-REJECTION (:CODE 268435487 :CONDITION
                            "Reference descriptor is outside the admitted domain")
ROW :ATOMIC-CODE-REJECTION (:CODE 268435487 :CONDITION
                            "Reference descriptor is outside the admitted domain")
ROW :ATOMIC-CODE-REJECTION (:CODE 536870913 :CONDITION
                            "Reference encoding code-row capacity exhausted")
ROW :EXACT-ROW-ACCOUNT (:REQUIRED 132 :H 128 :RESERVED 128)
ROW :PASS ((:ENDPOINT-HOLES :SEMISPACE :PACKED 8))
ROW :BEGIN ((:ENDPOINT-HOLES :SEMISPACE :PACKED 16))
ROW :EXACT-ROW-ACCOUNT (:REQUIRED 68 :H 64 :RESERVED 0)
ROW :ATOMIC-CODE-REJECTION (:CODE 268435456 :CONDITION
                            "Reference descriptor is outside the admitted domain")
ROW :ATOMIC-CODE-REJECTION (:CODE 536870912 :CONDITION
                            "Reference descriptor is outside the admitted domain")
ROW :ATOMIC-CODE-REJECTION (:CODE 805306368 :CONDITION
                            "Reference descriptor is outside the admitted domain")
ROW :ATOMIC-CODE-REJECTION (:CODE 1073741824 :CONDITION
                            "Malformed reference reconstruction descriptor")
ROW :ATOMIC-CODE-REJECTION (:CODE -1 :CONDITION
                            "Malformed reference reconstruction descriptor")
ROW :ATOMIC-CODE-REJECTION (:CODE :BAD :CONDITION
                            "Malformed reference reconstruction descriptor")
ROW :ATOMIC-CODE-REJECTION (:CODE 268435487 :CONDITION
                            "Reference descriptor is outside the admitted domain")
ROW :ATOMIC-CODE-REJECTION (:CODE 268435487 :CONDITION
                            "Reference descriptor is outside the admitted domain")
ROW :ATOMIC-CODE-REJECTION (:CODE 536870913 :CONDITION
                            "Reference encoding code-row capacity exhausted")
ROW :EXACT-ROW-ACCOUNT (:REQUIRED 68 :H 64 :RESERVED 64)
ROW :PASS ((:ENDPOINT-HOLES :SEMISPACE :PACKED 16))
ROW :BEGIN ((:MAXIMUM-CANONICAL-FIELDS :SEMISPACE :PACKED))
ROW :EXACT-ROW-ACCOUNT (:REQUIRED 16 :H 12 :RESERVED 0)
ROW :ATOMIC-CODE-REJECTION (:CODE 805306369 :CONDITION
                            "Reference descriptor is outside the admitted domain")
ROW :ATOMIC-CODE-REJECTION (:CODE 1072693248 :CONDITION
                            "Reference descriptor is outside the admitted domain")
ROW :ATOMIC-CODE-REJECTION (:CODE 269484032 :CONDITION
                            "Reference descriptor is outside the admitted domain")
ROW :ATOMIC-CODE-REJECTION (:CODE 1073741824 :CONDITION
                            "Malformed reference reconstruction descriptor")
ROW :ATOMIC-CODE-REJECTION (:CODE 536870913 :CONDITION
                            "Reference encoding code-row capacity exhausted")
ROW :EXACT-ROW-ACCOUNT (:REQUIRED 16 :H 12 :RESERVED 12)
ROW :PASS ((:MAXIMUM-CANONICAL-FIELDS :SEMISPACE :PACKED))
ROW :BEGIN ((:ENDPOINT-HOLES :SEMISPACE :SCALAR 8))
ROW :EXACT-ROW-ACCOUNT (:REQUIRED 132 :H 128 :RESERVED 0)
ROW :ATOMIC-CODE-REJECTION (:CODE 268435456 :CONDITION
                            "Reference descriptor is outside the admitted domain")
ROW :ATOMIC-CODE-REJECTION (:CODE 536870912 :CONDITION
                            "Reference descriptor is outside the admitted domain")
ROW :ATOMIC-CODE-REJECTION (:CODE 805306368 :CONDITION
                            "Reference descriptor is outside the admitted domain")
ROW :ATOMIC-CODE-REJECTION (:CODE 1073741824 :CONDITION
                            "Malformed reference reconstruction descriptor")
ROW :ATOMIC-CODE-REJECTION (:CODE -1 :CONDITION
                            "Malformed reference reconstruction descriptor")
ROW :ATOMIC-CODE-REJECTION (:CODE :BAD :CONDITION
                            "Malformed reference reconstruction descriptor")
ROW :ATOMIC-CODE-REJECTION (:CODE 268435487 :CONDITION
                            "Reference descriptor is outside the admitted domain")
ROW :ATOMIC-CODE-REJECTION (:CODE 268435487 :CONDITION
                            "Reference descriptor is outside the admitted domain")
ROW :ATOMIC-CODE-REJECTION (:CODE 536870913 :CONDITION
                            "Reference encoding code-row capacity exhausted")
ROW :EXACT-ROW-ACCOUNT (:REQUIRED 132 :H 128 :RESERVED 128)
ROW :PASS ((:ENDPOINT-HOLES :SEMISPACE :SCALAR 8))
ROW :BEGIN ((:ENDPOINT-HOLES :SEMISPACE :SCALAR 16))
ROW :EXACT-ROW-ACCOUNT (:REQUIRED 68 :H 64 :RESERVED 0)
ROW :ATOMIC-CODE-REJECTION (:CODE 268435456 :CONDITION
                            "Reference descriptor is outside the admitted domain")
ROW :ATOMIC-CODE-REJECTION (:CODE 536870912 :CONDITION
                            "Reference descriptor is outside the admitted domain")
ROW :ATOMIC-CODE-REJECTION (:CODE 805306368 :CONDITION
                            "Reference descriptor is outside the admitted domain")
ROW :ATOMIC-CODE-REJECTION (:CODE 1073741824 :CONDITION
                            "Malformed reference reconstruction descriptor")
ROW :ATOMIC-CODE-REJECTION (:CODE -1 :CONDITION
                            "Malformed reference reconstruction descriptor")
ROW :ATOMIC-CODE-REJECTION (:CODE :BAD :CONDITION
                            "Malformed reference reconstruction descriptor")
ROW :ATOMIC-CODE-REJECTION (:CODE 268435487 :CONDITION
                            "Reference descriptor is outside the admitted domain")
ROW :ATOMIC-CODE-REJECTION (:CODE 268435487 :CONDITION
                            "Reference descriptor is outside the admitted domain")
ROW :ATOMIC-CODE-REJECTION (:CODE 536870913 :CONDITION
                            "Reference encoding code-row capacity exhausted")
ROW :EXACT-ROW-ACCOUNT (:REQUIRED 68 :H 64 :RESERVED 64)
ROW :PASS ((:ENDPOINT-HOLES :SEMISPACE :SCALAR 16))
ROW :BEGIN ((:MAXIMUM-CANONICAL-FIELDS :SEMISPACE :SCALAR))
ROW :EXACT-ROW-ACCOUNT (:REQUIRED 16 :H 12 :RESERVED 0)
ROW :ATOMIC-CODE-REJECTION (:CODE 805306369 :CONDITION
                            "Reference descriptor is outside the admitted domain")
ROW :ATOMIC-CODE-REJECTION (:CODE 1072693248 :CONDITION
                            "Reference descriptor is outside the admitted domain")
ROW :ATOMIC-CODE-REJECTION (:CODE 269484032 :CONDITION
                            "Reference descriptor is outside the admitted domain")
ROW :ATOMIC-CODE-REJECTION (:CODE 1073741824 :CONDITION
                            "Malformed reference reconstruction descriptor")
ROW :ATOMIC-CODE-REJECTION (:CODE 536870913 :CONDITION
                            "Reference encoding code-row capacity exhausted")
ROW :EXACT-ROW-ACCOUNT (:REQUIRED 16 :H 12 :RESERVED 12)
ROW :PASS ((:MAXIMUM-CANONICAL-FIELDS :SEMISPACE :SCALAR))
ROW :BEGIN ((:ENDPOINT-HOLES :MARKSWEEP :PACKED 8))
ROW :EXACT-ROW-ACCOUNT (:REQUIRED 68 :H 64 :RESERVED 0)
ROW :ATOMIC-CODE-REJECTION (:CODE 268435456 :CONDITION
                            "Reference descriptor is outside the admitted domain")
ROW :ATOMIC-CODE-REJECTION (:CODE 536870912 :CONDITION
                            "Reference descriptor is outside the admitted domain")
ROW :ATOMIC-CODE-REJECTION (:CODE 805306368 :CONDITION
                            "Reference descriptor is outside the admitted domain")
ROW :ATOMIC-CODE-REJECTION (:CODE 1073741824 :CONDITION
                            "Malformed reference reconstruction descriptor")
ROW :ATOMIC-CODE-REJECTION (:CODE -1 :CONDITION
                            "Malformed reference reconstruction descriptor")
ROW :ATOMIC-CODE-REJECTION (:CODE :BAD :CONDITION
                            "Malformed reference reconstruction descriptor")
ROW :ATOMIC-CODE-REJECTION (:CODE 268435487 :CONDITION
                            "Reference descriptor is outside the admitted domain")
ROW :ATOMIC-CODE-REJECTION (:CODE 536870913 :CONDITION
                            "Reference encoding code-row capacity exhausted")
ROW :EXACT-ROW-ACCOUNT (:REQUIRED 68 :H 64 :RESERVED 64)
ROW :PASS ((:ENDPOINT-HOLES :MARKSWEEP :PACKED 8))
ROW :BEGIN ((:ENDPOINT-HOLES :MARKSWEEP :PACKED 16))
ROW :EXACT-ROW-ACCOUNT (:REQUIRED 36 :H 32 :RESERVED 0)
ROW :ATOMIC-CODE-REJECTION (:CODE 268435456 :CONDITION
                            "Reference descriptor is outside the admitted domain")
ROW :ATOMIC-CODE-REJECTION (:CODE 536870912 :CONDITION
                            "Reference descriptor is outside the admitted domain")
ROW :ATOMIC-CODE-REJECTION (:CODE 805306368 :CONDITION
                            "Reference descriptor is outside the admitted domain")
ROW :ATOMIC-CODE-REJECTION (:CODE 1073741824 :CONDITION
                            "Malformed reference reconstruction descriptor")
ROW :ATOMIC-CODE-REJECTION (:CODE -1 :CONDITION
                            "Malformed reference reconstruction descriptor")
ROW :ATOMIC-CODE-REJECTION (:CODE :BAD :CONDITION
                            "Malformed reference reconstruction descriptor")
ROW :ATOMIC-CODE-REJECTION (:CODE 268435487 :CONDITION
                            "Reference descriptor is outside the admitted domain")
ROW :ATOMIC-CODE-REJECTION (:CODE 536870913 :CONDITION
                            "Reference encoding code-row capacity exhausted")
ROW :EXACT-ROW-ACCOUNT (:REQUIRED 36 :H 32 :RESERVED 32)
ROW :PASS ((:ENDPOINT-HOLES :MARKSWEEP :PACKED 16))
ROW :BEGIN ((:MAXIMUM-CANONICAL-FIELDS :MARKSWEEP :PACKED))
ROW :EXACT-ROW-ACCOUNT (:REQUIRED 10 :H 6 :RESERVED 0)
ROW :ATOMIC-CODE-REJECTION (:CODE 805306369 :CONDITION
                            "Reference descriptor is outside the admitted domain")
ROW :ATOMIC-CODE-REJECTION (:CODE 1072693248 :CONDITION
                            "Reference descriptor is outside the admitted domain")
ROW :ATOMIC-CODE-REJECTION (:CODE 269484032 :CONDITION
                            "Reference descriptor is outside the admitted domain")
ROW :ATOMIC-CODE-REJECTION (:CODE 1073741824 :CONDITION
                            "Malformed reference reconstruction descriptor")
ROW :ATOMIC-CODE-REJECTION (:CODE 536870913 :CONDITION
                            "Reference encoding code-row capacity exhausted")
ROW :EXACT-ROW-ACCOUNT (:REQUIRED 10 :H 6 :RESERVED 6)
ROW :PASS ((:MAXIMUM-CANONICAL-FIELDS :MARKSWEEP :PACKED))
ROW :BEGIN ((:ENDPOINT-HOLES :MARKSWEEP :SCALAR 8))
ROW :EXACT-ROW-ACCOUNT (:REQUIRED 68 :H 64 :RESERVED 0)
ROW :ATOMIC-CODE-REJECTION (:CODE 268435456 :CONDITION
                            "Reference descriptor is outside the admitted domain")
ROW :ATOMIC-CODE-REJECTION (:CODE 536870912 :CONDITION
                            "Reference descriptor is outside the admitted domain")
ROW :ATOMIC-CODE-REJECTION (:CODE 805306368 :CONDITION
                            "Reference descriptor is outside the admitted domain")
ROW :ATOMIC-CODE-REJECTION (:CODE 1073741824 :CONDITION
                            "Malformed reference reconstruction descriptor")
ROW :ATOMIC-CODE-REJECTION (:CODE -1 :CONDITION
                            "Malformed reference reconstruction descriptor")
ROW :ATOMIC-CODE-REJECTION (:CODE :BAD :CONDITION
                            "Malformed reference reconstruction descriptor")
ROW :ATOMIC-CODE-REJECTION (:CODE 268435487 :CONDITION
                            "Reference descriptor is outside the admitted domain")
ROW :ATOMIC-CODE-REJECTION (:CODE 536870913 :CONDITION
                            "Reference encoding code-row capacity exhausted")
ROW :EXACT-ROW-ACCOUNT (:REQUIRED 68 :H 64 :RESERVED 64)
ROW :PASS ((:ENDPOINT-HOLES :MARKSWEEP :SCALAR 8))
ROW :BEGIN ((:ENDPOINT-HOLES :MARKSWEEP :SCALAR 16))
ROW :EXACT-ROW-ACCOUNT (:REQUIRED 36 :H 32 :RESERVED 0)
ROW :ATOMIC-CODE-REJECTION (:CODE 268435456 :CONDITION
                            "Reference descriptor is outside the admitted domain")
ROW :ATOMIC-CODE-REJECTION (:CODE 536870912 :CONDITION
                            "Reference descriptor is outside the admitted domain")
ROW :ATOMIC-CODE-REJECTION (:CODE 805306368 :CONDITION
                            "Reference descriptor is outside the admitted domain")
ROW :ATOMIC-CODE-REJECTION (:CODE 1073741824 :CONDITION
                            "Malformed reference reconstruction descriptor")
ROW :ATOMIC-CODE-REJECTION (:CODE -1 :CONDITION
                            "Malformed reference reconstruction descriptor")
ROW :ATOMIC-CODE-REJECTION (:CODE :BAD :CONDITION
                            "Malformed reference reconstruction descriptor")
ROW :ATOMIC-CODE-REJECTION (:CODE 268435487 :CONDITION
                            "Reference descriptor is outside the admitted domain")
ROW :ATOMIC-CODE-REJECTION (:CODE 536870913 :CONDITION
                            "Reference encoding code-row capacity exhausted")
ROW :EXACT-ROW-ACCOUNT (:REQUIRED 36 :H 32 :RESERVED 32)
ROW :PASS ((:ENDPOINT-HOLES :MARKSWEEP :SCALAR 16))
ROW :BEGIN ((:MAXIMUM-CANONICAL-FIELDS :MARKSWEEP :SCALAR))
ROW :EXACT-ROW-ACCOUNT (:REQUIRED 10 :H 6 :RESERVED 0)
ROW :ATOMIC-CODE-REJECTION (:CODE 805306369 :CONDITION
                            "Reference descriptor is outside the admitted domain")
ROW :ATOMIC-CODE-REJECTION (:CODE 1072693248 :CONDITION
                            "Reference descriptor is outside the admitted domain")
ROW :ATOMIC-CODE-REJECTION (:CODE 269484032 :CONDITION
                            "Reference descriptor is outside the admitted domain")
ROW :ATOMIC-CODE-REJECTION (:CODE 1073741824 :CONDITION
                            "Malformed reference reconstruction descriptor")
ROW :ATOMIC-CODE-REJECTION (:CODE 536870913 :CONDITION
                            "Reference encoding code-row capacity exhausted")
ROW :EXACT-ROW-ACCOUNT (:REQUIRED 10 :H 6 :RESERVED 6)
ROW :PASS ((:MAXIMUM-CANONICAL-FIELDS :MARKSWEEP :SCALAR))
ROW :ADDITIONAL-FINISHED (:PASSED 12 :FAILED 0)
; compiling file "/tmp/clamsara-cas-only-1hf1b7ih/test/quality/finalizers.lisp" (written 21 SEP 2026 12:13:03 AM):

; wrote /tmp/clamsara-cas-only-native3-zmv7go3l/fasl/sbcl-2.6.8.3-db35d4561-linux-x64/tmp/clamsara-cas-only-1hf1b7ih/test/quality/finalizers-tmpTZOONXRW.fasl
; compilation finished in 0:00:00.023
FINALIZER-REGISTRATION-HISTORIES-PASS profiles=4
; compiling file "/tmp/clamsara-cas-only-1hf1b7ih/test/quality/finalizer-drain.lisp" (written 21 SEP 2026 12:13:03 AM):

; wrote /tmp/clamsara-cas-only-native3-zmv7go3l/fasl/sbcl-2.6.8.3-db35d4561-linux-x64/tmp/clamsara-cas-only-1hf1b7ih/test/quality/finalizer-drain-tmpWN0UKDSV.fasl
; compilation finished in 0:00:00.025
; compiling file "/tmp/clamsara-cas-only-1hf1b7ih/test/quality/finalizer-history.lisp" (written 21 SEP 2026 12:13:03 AM):

; wrote /tmp/clamsara-cas-only-native3-zmv7go3l/fasl/sbcl-2.6.8.3-db35d4561-linux-x64/tmp/clamsara-cas-only-1hf1b7ih/test/quality/finalizer-history-tmpBF3HHBTQ.fasl
; compilation finished in 0:00:00.016
FINALIZER-DRAIN :NORMAL :SEMISPACE :PACKED PASS
FINALIZER-DRAIN :ERROR :SEMISPACE :PACKED PASS
FINALIZER-DRAIN :THROW :SEMISPACE :PACKED PASS
FINALIZER-DRAIN :RECURSIVE :SEMISPACE :PACKED PASS
FINALIZER-DRAIN :NESTED-PUBLICATION :SEMISPACE :PACKED PASS
FINALIZER-DRAIN :APPENDS :SEMISPACE :PACKED PASS
FINALIZER-DRAIN :RUNNING-ROOTS :SEMISPACE :PACKED PASS
FINALIZER-DRAIN :ACTIVE-CONTEXT :SEMISPACE :PACKED PASS
FINALIZER-DRAIN :THROW-KEEPS-REST :SEMISPACE :PACKED PASS
FINALIZER-DRAIN :RECURSIVE-THROW :SEMISPACE :PACKED PASS
FINALIZER-DRAIN :SINGLE-RECORD :SEMISPACE :PACKED PASS
FINALIZER-DRAIN (:COLLECTION-FAILURE :RETURN) :SEMISPACE :PACKED PASS
FINALIZER-DRAIN (:COLLECTION-FAILURE :THROW) :SEMISPACE :PACKED PASS
FINALIZER-DRAIN (:COLLECTION-FAILURE :ERROR) :SEMISPACE :PACKED PASS
FINALIZER-DRAIN :NORMAL :SEMISPACE :SCALAR PASS
FINALIZER-DRAIN :ERROR :SEMISPACE :SCALAR PASS
FINALIZER-DRAIN :THROW :SEMISPACE :SCALAR PASS
FINALIZER-DRAIN :RECURSIVE :SEMISPACE :SCALAR PASS
FINALIZER-DRAIN :NESTED-PUBLICATION :SEMISPACE :SCALAR PASS
FINALIZER-DRAIN :APPENDS :SEMISPACE :SCALAR PASS
FINALIZER-DRAIN :RUNNING-ROOTS :SEMISPACE :SCALAR PASS
FINALIZER-DRAIN :ACTIVE-CONTEXT :SEMISPACE :SCALAR PASS
FINALIZER-DRAIN :THROW-KEEPS-REST :SEMISPACE :SCALAR PASS
FINALIZER-DRAIN :RECURSIVE-THROW :SEMISPACE :SCALAR PASS
FINALIZER-DRAIN :SINGLE-RECORD :SEMISPACE :SCALAR PASS
FINALIZER-DRAIN (:COLLECTION-FAILURE :RETURN) :SEMISPACE :SCALAR PASS
FINALIZER-DRAIN (:COLLECTION-FAILURE :THROW) :SEMISPACE :SCALAR PASS
FINALIZER-DRAIN (:COLLECTION-FAILURE :ERROR) :SEMISPACE :SCALAR PASS
FINALIZER-DRAIN :NORMAL :MARKSWEEP :PACKED PASS
FINALIZER-DRAIN :ERROR :MARKSWEEP :PACKED PASS
FINALIZER-DRAIN :THROW :MARKSWEEP :PACKED PASS
FINALIZER-DRAIN :RECURSIVE :MARKSWEEP :PACKED PASS
FINALIZER-DRAIN :NESTED-PUBLICATION :MARKSWEEP :PACKED PASS
FINALIZER-DRAIN :APPENDS :MARKSWEEP :PACKED PASS
FINALIZER-DRAIN :RUNNING-ROOTS :MARKSWEEP :PACKED PASS
FINALIZER-DRAIN :ACTIVE-CONTEXT :MARKSWEEP :PACKED PASS
FINALIZER-DRAIN :THROW-KEEPS-REST :MARKSWEEP :PACKED PASS
FINALIZER-DRAIN :RECURSIVE-THROW :MARKSWEEP :PACKED PASS
FINALIZER-DRAIN :SINGLE-RECORD :MARKSWEEP :PACKED PASS
FINALIZER-DRAIN (:COLLECTION-FAILURE :RETURN) :MARKSWEEP :PACKED PASS
FINALIZER-DRAIN (:COLLECTION-FAILURE :THROW) :MARKSWEEP :PACKED PASS
FINALIZER-DRAIN (:COLLECTION-FAILURE :ERROR) :MARKSWEEP :PACKED PASS
FINALIZER-DRAIN :NORMAL :MARKSWEEP :SCALAR PASS
FINALIZER-DRAIN :ERROR :MARKSWEEP :SCALAR PASS
FINALIZER-DRAIN :THROW :MARKSWEEP :SCALAR PASS
FINALIZER-DRAIN :RECURSIVE :MARKSWEEP :SCALAR PASS
FINALIZER-DRAIN :NESTED-PUBLICATION :MARKSWEEP :SCALAR PASS
FINALIZER-DRAIN :APPENDS :MARKSWEEP :SCALAR PASS
FINALIZER-DRAIN :RUNNING-ROOTS :MARKSWEEP :SCALAR PASS
FINALIZER-DRAIN :ACTIVE-CONTEXT :MARKSWEEP :SCALAR PASS
FINALIZER-DRAIN :THROW-KEEPS-REST :MARKSWEEP :SCALAR PASS
FINALIZER-DRAIN :RECURSIVE-THROW :MARKSWEEP :SCALAR PASS
FINALIZER-DRAIN :SINGLE-RECORD :MARKSWEEP :SCALAR PASS
FINALIZER-DRAIN (:COLLECTION-FAILURE :RETURN) :MARKSWEEP :SCALAR PASS
FINALIZER-DRAIN (:COLLECTION-FAILURE :THROW) :MARKSWEEP :SCALAR PASS
FINALIZER-DRAIN (:COLLECTION-FAILURE :ERROR) :MARKSWEEP :SCALAR PASS
FINALIZER-DRAIN-HISTORIES-PASS cases=56
COMPOSED-WRAP-PASS :SEMISPACE :PACKED rounds=10 callbacks=50 failures=30
TWO-REGISTRY-ESCAPE-PASS :SEMISPACE :PACKED
RECURSIVE-FAILURE-PASS :SEMISPACE :PACKED escape=NIL actual=:COLLECTION-BUSY inner=:COLLECTION-BUSY
RECURSIVE-FAILURE-PASS :SEMISPACE :PACKED escape=T actual=:ESCAPED inner=NIL
COMPOSED-WRAP-PASS :SEMISPACE :SCALAR rounds=10 callbacks=50 failures=30
TWO-REGISTRY-ESCAPE-PASS :SEMISPACE :SCALAR
RECURSIVE-FAILURE-PASS :SEMISPACE :SCALAR escape=NIL actual=:COLLECTION-BUSY inner=:COLLECTION-BUSY
RECURSIVE-FAILURE-PASS :SEMISPACE :SCALAR escape=T actual=:ESCAPED inner=NIL
COMPOSED-WRAP-PASS :MARKSWEEP :PACKED rounds=10 callbacks=50 failures=30
TWO-REGISTRY-ESCAPE-PASS :MARKSWEEP :PACKED
RECURSIVE-FAILURE-PASS :MARKSWEEP :PACKED escape=NIL actual=1 inner=2
RECURSIVE-FAILURE-PASS :MARKSWEEP :PACKED escape=T actual=:ESCAPED inner=NIL
COMPOSED-WRAP-PASS :MARKSWEEP :SCALAR rounds=10 callbacks=50 failures=30
TWO-REGISTRY-ESCAPE-PASS :MARKSWEEP :SCALAR
RECURSIVE-FAILURE-PASS :MARKSWEEP :SCALAR escape=NIL actual=1 inner=2
RECURSIVE-FAILURE-PASS :MARKSWEEP :SCALAR escape=T actual=:ESCAPED inner=NIL
INDEPENDENT-QUEUE-PASS cases=16
; compiling file "/tmp/clamsara-cas-only-1hf1b7ih/test/quality/model-resources.lisp" (written 21 SEP 2026 12:13:03 AM):

; wrote /tmp/clamsara-cas-only-native3-zmv7go3l/fasl/sbcl-2.6.8.3-db35d4561-linux-x64/tmp/clamsara-cas-only-1hf1b7ih/test/quality/model-resources-tmpGYUNPZCY.fasl
; compilation finished in 0:00:00.128
MODEL-RESOURCE-QUALITY-OK (:ELEMENT-COUNT 4096 :OBJECT-BYTES 32784 :SPACE-BASE
                           4096 :SPACE-EXTENT 66592 :PACKING-QUANTUM 16
                           :ARENA-ELEMENT-TYPE (UNSIGNED-BYTE 8)
                           :WORD-PLANE-ELEMENT-TYPE T
                           :MODEL-REPRESENTATION-CAPACITY 8324
                           :MODEL-DESCRIPTOR-CELLS 8324
                           :TOP-LEVEL-MODEL-PLANE-BYTES 666272
                           :BASE-REFERENCE-RECORD-BYTES 532736
                           :STAGING-BACKING-BYTES 65600
                           :PARTIAL-MODEL-SUBTOTAL-BYTES 1264608
                           :ACCOUNT-PHYSICAL-BYTES 402752
                           :ACCOUNT-AUXILIARY-BYTES 1602112
                           :EXPLICIT-REFERENCE-SCAN-CALLBACKS (4096 4096)
                           :EXPLICIT-NUMERIC-SCAN-CALLBACKS 0
                           :COLLECTOR-SCAN-CALLBACKS :NOT-MEASURED
                           :OBJECTS-DISCOVERED 2 :OBJECTS-MOVED 2 :BYTES-MOVED
                           65568)
; compiling file "/tmp/clamsara-cas-only-1hf1b7ih/tools/debug.lisp" (written 21 SEP 2026 12:13:03 AM):

; wrote /tmp/clamsara-cas-only-native3-zmv7go3l/fasl/sbcl-2.6.8.3-db35d4561-linux-x64/tmp/clamsara-cas-only-1hf1b7ih/tools/debug-tmpD68Q8WCA.fasl
; compilation finished in 0:00:00.030
; compiling file "/tmp/clamsara-cas-only-1hf1b7ih/tools/check-structure.lisp" (written 21 SEP 2026 12:13:03 AM):

; file: /tmp/clamsara-cas-only-1hf1b7ih/tools/check-structure.lisp
; in: DEFUN %PACKAGE-DESIGNATOR
;     (TYPECASE CLAMSARA.STRUCTURE::VALUE
;       (PACKAGE CLAMSARA.STRUCTURE::VALUE)
;       (SYMBOL (SYMBOL-NAME CLAMSARA.STRUCTURE::VALUE))
;       (STRING CLAMSARA.STRUCTURE::VALUE)
;       (T CLAMSARA.STRUCTURE::VALUE))
; --> IF IF IF THE 
; ==>
;   CLAMSARA.STRUCTURE::VALUE
; 
; note: deleting unreachable code


; wrote /tmp/clamsara-cas-only-native3-zmv7go3l/fasl/sbcl-2.6.8.3-db35d4561-linux-x64/tmp/clamsara-cas-only-1hf1b7ih/tools/check-structure-tmp7MK9KM9C.fasl
; compilation finished in 0:00:00.113
; compiling file "/tmp/clamsara-cas-only-1hf1b7ih/test/quality/structure.lisp" (written 21 SEP 2026 12:13:03 AM):

; wrote /tmp/clamsara-cas-only-native3-zmv7go3l/fasl/sbcl-2.6.8.3-db35d4561-linux-x64/tmp/clamsara-cas-only-1hf1b7ih/test/quality/structure-tmpJJ71X849.fasl
; compilation finished in 0:00:00.013
; compiling file "/tmp/clamsara-structure-3998937100-4047042964791612174/native-clean.lisp" (written 21 SEP 2026 04:51:40 AM):

; wrote /tmp/clamsara-structure-3998937100-4047042964791612174/native-clean.fasl
; compilation finished in 0:00:00.003
Structure fixture tests passed (30 checks).
(:STATUS :OK :ROOT "/tmp/clamsara-cas-only-1hf1b7ih/" :FILES
 ("/tmp/clamsara-cas-only-1hf1b7ih/src/client/atomics.lisp"
  "/tmp/clamsara-cas-only-1hf1b7ih/src/client/coordinator.lisp"
  "/tmp/clamsara-cas-only-1hf1b7ih/src/client/diagnostics.lisp"
  "/tmp/clamsara-cas-only-1hf1b7ih/src/client/finalizers.lisp"
  "/tmp/clamsara-cas-only-1hf1b7ih/src/client/mapping.lisp"
  "/tmp/clamsara-cas-only-1hf1b7ih/src/client/metadata.lisp"
  "/tmp/clamsara-cas-only-1hf1b7ih/src/client/object-model.lisp"
  "/tmp/clamsara-cas-only-1hf1b7ih/src/client/roots.lisp"
  "/tmp/clamsara-cas-only-1hf1b7ih/src/construction/build.lisp"
  "/tmp/clamsara-cas-only-1hf1b7ih/src/construction/graph.lisp"
  "/tmp/clamsara-cas-only-1hf1b7ih/src/construction/layout.lisp"
  "/tmp/clamsara-cas-only-1hf1b7ih/src/construction/protocol.lisp"
  "/tmp/clamsara-cas-only-1hf1b7ih/src/construction/records.lisp"
  "/tmp/clamsara-cas-only-1hf1b7ih/src/construction/validation.lisp"
  "/tmp/clamsara-cas-only-1hf1b7ih/src/host/address-space.lisp"
  "/tmp/clamsara-cas-only-1hf1b7ih/src/host/atomics.lisp"
  "/tmp/clamsara-cas-only-1hf1b7ih/src/host/auxiliary.lisp"
  "/tmp/clamsara-cas-only-1hf1b7ih/src/host/coordinator.lisp"
  "/tmp/clamsara-cas-only-1hf1b7ih/src/host/object-model.lisp"
  "/tmp/clamsara-cas-only-1hf1b7ih/src/host/resources.lisp"
  "/tmp/clamsara-cas-only-1hf1b7ih/src/host/roots.lisp"
  "/tmp/clamsara-cas-only-1hf1b7ih/src/metadata/metadata.lisp"
  "/tmp/clamsara-cas-only-1hf1b7ih/src/package.lisp"
  "/tmp/clamsara-cas-only-1hf1b7ih/src/runtime/allocation.lisp"
  "/tmp/clamsara-cas-only-1hf1b7ih/src/runtime/barrier.lisp"
  "/tmp/clamsara-cas-only-1hf1b7ih/src/runtime/cycle.lisp"
  "/tmp/clamsara-cas-only-1hf1b7ih/src/runtime/finalizers.lisp"
  "/tmp/clamsara-cas-only-1hf1b7ih/src/runtime/protocol.lisp"
  "/tmp/clamsara-cas-only-1hf1b7ih/src/runtime/records.lisp"
  "/tmp/clamsara-cas-only-1hf1b7ih/src/runtime/spaces.lisp"
  "/tmp/clamsara-cas-only-1hf1b7ih/src/runtime/trace.lisp")
 :DEFINITION-COUNT 952 :NATIVE-READER T :NATIVE-INTROSPECTION T
 :NATIVE-COMPILATION-PREREQUISITE
 "Load :CLAMSARA through ASDF before INSPECT-LOADED." :ISSUES NIL)
; 
; compilation unit finished
;   printed 5 notes
; compiling file "/tmp/clamsara-cas-only-1hf1b7ih/test/tools/debug.lisp" (written 21 SEP 2026 12:13:03 AM):

; wrote /tmp/clamsara-cas-only-native3-zmv7go3l/fasl/sbcl-2.6.8.3-db35d4561-linux-x64/tmp/clamsara-cas-only-1hf1b7ih/test/tools/debug-tmp75WVSJEW.fasl
; compilation finished in 0:00:00.005
; compiling file "/tmp/clamsara-debug-G5154.lisp" (written 21 SEP 2026 04:51:41 AM):

; wrote /tmp/clamsara-debug-test.fasl
; compilation finished in 0:00:00.000
; compiling file "/tmp/clamsara-debug-G5157.lisp" (written 21 SEP 2026 04:51:41 AM):

; file: /tmp/clamsara-debug-G5157.lisp
; in: DEFUN BAD-IF
;     (IF T
;         1
;         2
;         3)
; 
; caught ERROR:
;   Error while parsing arguments to special operator IF:
;     too many elements in
;       (T 1 2 3)
;     to satisfy lambda list
;       (TEST THEN &OPTIONAL ELSE):
;     between 2 and 3 expected, but got 4


; wrote /tmp/clamsara-debug-test.fasl
; compilation finished in 0:00:00.001
DEBUG-TOOLS: 14 checks passed
; 
; compilation unit finished
;   caught 1 ERROR condition
; compiling file "/home/iskam/quicklisp/dists/quicklisp/software/trivial-indent-20260101-git/indent.lisp" (written 05 AUG 2026 11:11:24 AM):

; wrote /tmp/clamsara-cas-only-native3-zmv7go3l/fasl/sbcl-2.6.8.3-db35d4561-linux-x64/home/iskam/quicklisp/dists/quicklisp/software/trivial-indent-20260101-git/indent-tmpBU5UM3S4.fasl
; compilation finished in 0:00:00.010
; compiling file "/home/iskam/quicklisp/dists/quicklisp/software/documentation-utils-20260101-git/package.lisp" (written 05 AUG 2026 11:11:25 AM):

; wrote /tmp/clamsara-cas-only-native3-zmv7go3l/fasl/sbcl-2.6.8.3-db35d4561-linux-x64/home/iskam/quicklisp/dists/quicklisp/software/documentation-utils-20260101-git/package-tmpOBHVA3CD.fasl
; compilation finished in 0:00:00.001
; compiling file "/home/iskam/quicklisp/dists/quicklisp/software/documentation-utils-20260101-git/toolkit.lisp" (written 05 AUG 2026 11:11:25 AM):

; wrote /tmp/clamsara-cas-only-native3-zmv7go3l/fasl/sbcl-2.6.8.3-db35d4561-linux-x64/home/iskam/quicklisp/dists/quicklisp/software/documentation-utils-20260101-git/toolkit-tmpJ6ELVFLF.fasl
; compilation finished in 0:00:00.030
; compiling file "/home/iskam/quicklisp/dists/quicklisp/software/documentation-utils-20260101-git/documentation.lisp" (written 05 AUG 2026 11:11:25 AM):

; wrote /tmp/clamsara-cas-only-native3-zmv7go3l/fasl/sbcl-2.6.8.3-db35d4561-linux-x64/home/iskam/quicklisp/dists/quicklisp/software/documentation-utils-20260101-git/documentation-tmpULDB0RG.fasl
; compilation finished in 0:00:00.002
; compiling file "/home/iskam/quicklisp/local-projects/Clostrum/packages.lisp" (written 18 MAY 2026 12:34:10 PM):

; wrote /tmp/clamsara-cas-only-native3-zmv7go3l/fasl/sbcl-2.6.8.3-db35d4561-linux-x64/home/iskam/quicklisp/local-projects/Clostrum/packages-tmpUTZ0UUTE.fasl
; compilation finished in 0:00:00.002
; compiling file "/home/iskam/quicklisp/local-projects/Clostrum/clostrum.lisp" (written 18 MAY 2026 12:34:10 PM):

; wrote /tmp/clamsara-cas-only-native3-zmv7go3l/fasl/sbcl-2.6.8.3-db35d4561-linux-x64/home/iskam/quicklisp/local-projects/Clostrum/clostrum-tmpOOSRA8PZ.fasl
; compilation finished in 0:00:00.011
; compiling file "/home/iskam/quicklisp/local-projects/Clostrum/default-methods.lisp" (written 18 MAY 2026 12:34:10 PM):

; wrote /tmp/clamsara-cas-only-native3-zmv7go3l/fasl/sbcl-2.6.8.3-db35d4561-linux-x64/home/iskam/quicklisp/local-projects/Clostrum/default-methods-tmpDMIL0RVK.fasl
; compilation finished in 0:00:00.076
; compiling file "/home/iskam/quicklisp/local-projects/Clostrum/conditions.lisp" (written 18 MAY 2026 12:34:10 PM):

; wrote /tmp/clamsara-cas-only-native3-zmv7go3l/fasl/sbcl-2.6.8.3-db35d4561-linux-x64/home/iskam/quicklisp/local-projects/Clostrum/conditions-tmp8MR9IMIO.fasl
; compilation finished in 0:00:00.013
; compiling file "/home/iskam/quicklisp/local-projects/Clostrum/documentation.lisp" (written 18 MAY 2026 12:34:10 PM):

; wrote /tmp/clamsara-cas-only-native3-zmv7go3l/fasl/sbcl-2.6.8.3-db35d4561-linux-x64/home/iskam/quicklisp/local-projects/Clostrum/documentation-tmpJQDKAVAY.fasl
; compilation finished in 0:00:00.005
; compiling file "/home/iskam/quicklisp/dists/quicklisp/software/acclimation-20241012-git/packages.lisp" (written 16 AUG 2026 10:13:22 PM):

; wrote /tmp/clamsara-cas-only-native3-zmv7go3l/fasl/sbcl-2.6.8.3-db35d4561-linux-x64/home/iskam/quicklisp/dists/quicklisp/software/acclimation-20241012-git/packages-tmp3I8CEEQY.fasl
; compilation finished in 0:00:00.000
; compiling file "/home/iskam/quicklisp/dists/quicklisp/software/acclimation-20241012-git/locale.lisp" (written 16 AUG 2026 10:13:22 PM):

; wrote /tmp/clamsara-cas-only-native3-zmv7go3l/fasl/sbcl-2.6.8.3-db35d4561-linux-x64/home/iskam/quicklisp/dists/quicklisp/software/acclimation-20241012-git/locale-tmpA3RHFLWZ.fasl
; compilation finished in 0:00:00.001
; compiling file "/home/iskam/quicklisp/dists/quicklisp/software/acclimation-20241012-git/date.lisp" (written 16 AUG 2026 10:13:22 PM):

; wrote /tmp/clamsara-cas-only-native3-zmv7go3l/fasl/sbcl-2.6.8.3-db35d4561-linux-x64/home/iskam/quicklisp/dists/quicklisp/software/acclimation-20241012-git/date-tmpYZIB7VXO.fasl
; compilation finished in 0:00:00.001
; compiling file "/home/iskam/quicklisp/dists/quicklisp/software/acclimation-20241012-git/language.lisp" (written 16 AUG 2026 10:13:22 PM):

; wrote /tmp/clamsara-cas-only-native3-zmv7go3l/fasl/sbcl-2.6.8.3-db35d4561-linux-x64/home/iskam/quicklisp/dists/quicklisp/software/acclimation-20241012-git/language-tmpR8PK79V8.fasl
; compilation finished in 0:00:00.001
; compiling file "/home/iskam/quicklisp/dists/quicklisp/software/acclimation-20241012-git/language-english.lisp" (written 16 AUG 2026 10:13:22 PM):

; wrote /tmp/clamsara-cas-only-native3-zmv7go3l/fasl/sbcl-2.6.8.3-db35d4561-linux-x64/home/iskam/quicklisp/dists/quicklisp/software/acclimation-20241012-git/language-english-tmpN1ZVB1HZ.fasl
; compilation finished in 0:00:00.019
; compiling file "/home/iskam/quicklisp/dists/quicklisp/software/acclimation-20241012-git/language-french.lisp" (written 16 AUG 2026 10:13:22 PM):

; wrote /tmp/clamsara-cas-only-native3-zmv7go3l/fasl/sbcl-2.6.8.3-db35d4561-linux-x64/home/iskam/quicklisp/dists/quicklisp/software/acclimation-20241012-git/language-french-tmpZGRRPISB.fasl
; compilation finished in 0:00:00.019
; compiling file "/home/iskam/quicklisp/dists/quicklisp/software/acclimation-20241012-git/language-swedish.lisp" (written 16 AUG 2026 10:13:22 PM):

; wrote /tmp/clamsara-cas-only-native3-zmv7go3l/fasl/sbcl-2.6.8.3-db35d4561-linux-x64/home/iskam/quicklisp/dists/quicklisp/software/acclimation-20241012-git/language-swedish-tmpFNKDE5XP.fasl
; compilation finished in 0:00:00.019
; compiling file "/home/iskam/quicklisp/dists/quicklisp/software/acclimation-20241012-git/language-vietnamese.lisp" (written 16 AUG 2026 10:13:22 PM):

; wrote /tmp/clamsara-cas-only-native3-zmv7go3l/fasl/sbcl-2.6.8.3-db35d4561-linux-x64/home/iskam/quicklisp/dists/quicklisp/software/acclimation-20241012-git/language-vietnamese-tmpRJTU435C.fasl
; compilation finished in 0:00:00.008
; compiling file "/home/iskam/quicklisp/dists/quicklisp/software/acclimation-20241012-git/language-japanese.lisp" (written 16 AUG 2026 10:13:22 PM):

; wrote /tmp/clamsara-cas-only-native3-zmv7go3l/fasl/sbcl-2.6.8.3-db35d4561-linux-x64/home/iskam/quicklisp/dists/quicklisp/software/acclimation-20241012-git/language-japanese-tmpI9WG87JK.fasl
; compilation finished in 0:00:00.007
; compiling file "/home/iskam/quicklisp/dists/quicklisp/software/acclimation-20241012-git/language-polish.lisp" (written 16 AUG 2026 10:13:22 PM):

; wrote /tmp/clamsara-cas-only-native3-zmv7go3l/fasl/sbcl-2.6.8.3-db35d4561-linux-x64/home/iskam/quicklisp/dists/quicklisp/software/acclimation-20241012-git/language-polish-tmpYDE6I9E6.fasl
; compilation finished in 0:00:00.019
; compiling file "/home/iskam/quicklisp/dists/quicklisp/software/acclimation-20241012-git/language-german.lisp" (written 16 AUG 2026 10:13:22 PM):

; wrote /tmp/clamsara-cas-only-native3-zmv7go3l/fasl/sbcl-2.6.8.3-db35d4561-linux-x64/home/iskam/quicklisp/dists/quicklisp/software/acclimation-20241012-git/language-german-tmp319UV2V8.fasl
; compilation finished in 0:00:00.018
; compiling file "/home/iskam/quicklisp/dists/quicklisp/software/acclimation-20241012-git/language-afrikaans.lisp" (written 16 AUG 2026 10:13:22 PM):

; wrote /tmp/clamsara-cas-only-native3-zmv7go3l/fasl/sbcl-2.6.8.3-db35d4561-linux-x64/home/iskam/quicklisp/dists/quicklisp/software/acclimation-20241012-git/language-afrikaans-tmpLYQINFYS.fasl
; compilation finished in 0:00:00.019
; compiling file "/home/iskam/quicklisp/dists/quicklisp/software/acclimation-20241012-git/condition.lisp" (written 16 AUG 2026 10:13:22 PM):

; wrote /tmp/clamsara-cas-only-native3-zmv7go3l/fasl/sbcl-2.6.8.3-db35d4561-linux-x64/home/iskam/quicklisp/dists/quicklisp/software/acclimation-20241012-git/condition-tmpGA31XWNO.fasl
; compilation finished in 0:00:00.002
; compiling file "/home/iskam/quicklisp/dists/quicklisp/software/acclimation-20241012-git/restart.lisp" (written 16 AUG 2026 10:13:22 PM):

; wrote /tmp/clamsara-cas-only-native3-zmv7go3l/fasl/sbcl-2.6.8.3-db35d4561-linux-x64/home/iskam/quicklisp/dists/quicklisp/software/acclimation-20241012-git/restart-tmp5HT23M6C.fasl
; compilation finished in 0:00:00.006
; compiling file "/home/iskam/quicklisp/dists/quicklisp/software/acclimation-20241012-git/documentation.lisp" (written 16 AUG 2026 10:13:22 PM):

; wrote /tmp/clamsara-cas-only-native3-zmv7go3l/fasl/sbcl-2.6.8.3-db35d4561-linux-x64/home/iskam/quicklisp/dists/quicklisp/software/acclimation-20241012-git/documentation-tmpA60KLDKY.fasl
; compilation finished in 0:00:00.002
; compiling file "/home/iskam/quicklisp/dists/quicklisp/software/acclimation-20241012-git/init.lisp" (written 16 AUG 2026 10:13:22 PM):

; wrote /tmp/clamsara-cas-only-native3-zmv7go3l/fasl/sbcl-2.6.8.3-db35d4561-linux-x64/home/iskam/quicklisp/dists/quicklisp/software/acclimation-20241012-git/init-tmpD801X3GJ.fasl
; compilation finished in 0:00:00.001
; compiling file "/home/iskam/quicklisp/local-projects/Trucler/Code/packages.lisp" (written 28 JUN 2023 11:10:05 PM):

; wrote /tmp/clamsara-cas-only-native3-zmv7go3l/fasl/sbcl-2.6.8.3-db35d4561-linux-x64/home/iskam/quicklisp/local-projects/Trucler/Code/packages-tmpGOW1GC70.fasl
; compilation finished in 0:00:00.001
; compiling file "/home/iskam/quicklisp/local-projects/Trucler/Code/query-functions.lisp" (written 19 MAR 2023 10:41:37 PM):

; wrote /tmp/clamsara-cas-only-native3-zmv7go3l/fasl/sbcl-2.6.8.3-db35d4561-linux-x64/home/iskam/quicklisp/local-projects/Trucler/Code/query-functions-tmpPQ1X28TL.fasl
; compilation finished in 0:00:00.001
; compiling file "/home/iskam/quicklisp/local-projects/Trucler/Code/query-class-accessors.lisp" (written 19 MAR 2023 10:41:37 PM):

; wrote /tmp/clamsara-cas-only-native3-zmv7go3l/fasl/sbcl-2.6.8.3-db35d4561-linux-x64/home/iskam/quicklisp/local-projects/Trucler/Code/query-class-accessors-tmpE92ECU7O.fasl
; compilation finished in 0:00:00.001
; compiling file "/home/iskam/quicklisp/local-projects/Trucler/Code/cloning-information.lisp" (written 19 MAR 2023 10:41:37 PM):

; wrote /tmp/clamsara-cas-only-native3-zmv7go3l/fasl/sbcl-2.6.8.3-db35d4561-linux-x64/home/iskam/quicklisp/local-projects/Trucler/Code/cloning-information-tmp8S0II570.fasl
; compilation finished in 0:00:00.000
; compiling file "/home/iskam/quicklisp/local-projects/Trucler/Code/quasi-clone.lisp" (written 19 MAR 2023 10:41:37 PM):

; wrote /tmp/clamsara-cas-only-native3-zmv7go3l/fasl/sbcl-2.6.8.3-db35d4561-linux-x64/home/iskam/quicklisp/local-projects/Trucler/Code/quasi-clone-tmpJE88A12F.fasl
; compilation finished in 0:00:00.001
; compiling file "/home/iskam/quicklisp/local-projects/Trucler/Code/query-mixin-classes.lisp" (written 19 MAR 2023 10:41:37 PM):

; wrote /tmp/clamsara-cas-only-native3-zmv7go3l/fasl/sbcl-2.6.8.3-db35d4561-linux-x64/home/iskam/quicklisp/local-projects/Trucler/Code/query-mixin-classes-tmpA5FNLPLT.fasl
; compilation finished in 0:00:00.019
; compiling file "/home/iskam/quicklisp/local-projects/Trucler/Code/query-classes.lisp" (written 19 MAR 2023 10:41:37 PM):

; wrote /tmp/clamsara-cas-only-native3-zmv7go3l/fasl/sbcl-2.6.8.3-db35d4561-linux-x64/home/iskam/quicklisp/local-projects/Trucler/Code/query-classes-tmpHKCV9TP8.fasl
; compilation finished in 0:00:00.001
; compiling file "/home/iskam/quicklisp/local-projects/Trucler/Code/query-factories.lisp" (written 01 OCT 2023 05:03:48 PM):

; wrote /tmp/clamsara-cas-only-native3-zmv7go3l/fasl/sbcl-2.6.8.3-db35d4561-linux-x64/home/iskam/quicklisp/local-projects/Trucler/Code/query-factories-tmpZ18MA7XE.fasl
; compilation finished in 0:00:00.006
; compiling file "/home/iskam/quicklisp/local-projects/Trucler/Code/merge-functions.lisp" (written 19 MAR 2023 10:41:37 PM):

; wrote /tmp/clamsara-cas-only-native3-zmv7go3l/fasl/sbcl-2.6.8.3-db35d4561-linux-x64/home/iskam/quicklisp/local-projects/Trucler/Code/merge-functions-tmp6LQJ9T0C.fasl
; compilation finished in 0:00:00.001
; compiling file "/home/iskam/quicklisp/local-projects/Trucler/Code/merge-methods.lisp" (written 01 OCT 2023 05:03:48 PM):

; wrote /tmp/clamsara-cas-only-native3-zmv7go3l/fasl/sbcl-2.6.8.3-db35d4561-linux-x64/home/iskam/quicklisp/local-projects/Trucler/Code/merge-methods-tmpTX7OA81T.fasl
; compilation finished in 0:00:00.015
; compiling file "/home/iskam/quicklisp/local-projects/Trucler/Code/low-level-augmentation-functions.lisp" (written 19 MAR 2023 10:41:37 PM):

; wrote /tmp/clamsara-cas-only-native3-zmv7go3l/fasl/sbcl-2.6.8.3-db35d4561-linux-x64/home/iskam/quicklisp/local-projects/Trucler/Code/low-level-augmentation-functions-tmpWOTC3PB7.fasl
; compilation finished in 0:00:00.001
; compiling file "/home/iskam/quicklisp/local-projects/Trucler/Code/augmentation-functions.lisp" (written 28 JUN 2023 11:10:05 PM):

; wrote /tmp/clamsara-cas-only-native3-zmv7go3l/fasl/sbcl-2.6.8.3-db35d4561-linux-x64/home/iskam/quicklisp/local-projects/Trucler/Code/augmentation-functions-tmpHQE95SAC.fasl
; compilation finished in 0:00:00.002
; compiling file "/home/iskam/quicklisp/local-projects/Trucler/Code/environment-builder.lisp" (written 19 MAR 2023 10:41:37 PM):

; wrote /tmp/clamsara-cas-only-native3-zmv7go3l/fasl/sbcl-2.6.8.3-db35d4561-linux-x64/home/iskam/quicklisp/local-projects/Trucler/Code/environment-builder-tmpO87FP9NR.fasl
; compilation finished in 0:00:00.001
; compiling file "/home/iskam/quicklisp/local-projects/Trucler/Code/macro-functions.lisp" (written 19 MAR 2023 10:41:37 PM):

; wrote /tmp/clamsara-cas-only-native3-zmv7go3l/fasl/sbcl-2.6.8.3-db35d4561-linux-x64/home/iskam/quicklisp/local-projects/Trucler/Code/macro-functions-tmpP6A3E92I.fasl
; compilation finished in 0:00:00.001
; compiling file "/home/iskam/quicklisp/local-projects/Trucler/Code/conditions.lisp" (written 28 JUN 2023 11:10:05 PM):

; wrote /tmp/clamsara-cas-only-native3-zmv7go3l/fasl/sbcl-2.6.8.3-db35d4561-linux-x64/home/iskam/quicklisp/local-projects/Trucler/Code/conditions-tmpUSHT8RIL.fasl
; compilation finished in 0:00:00.002
; compiling file "/home/iskam/quicklisp/local-projects/Trucler/Code/condition-reporters-english.lisp" (written 28 JUN 2023 11:10:05 PM):

; wrote /tmp/clamsara-cas-only-native3-zmv7go3l/fasl/sbcl-2.6.8.3-db35d4561-linux-x64/home/iskam/quicklisp/local-projects/Trucler/Code/condition-reporters-english-tmp7YCPD44Y.fasl
; compilation finished in 0:00:00.013
; compiling file "/home/iskam/quicklisp/local-projects/Trucler/Code/docstrings-english.lisp" (written 28 JUN 2023 11:10:05 PM):

; wrote /tmp/clamsara-cas-only-native3-zmv7go3l/fasl/sbcl-2.6.8.3-db35d4561-linux-x64/home/iskam/quicklisp/local-projects/Trucler/Code/docstrings-english-tmpQXR7SNXD.fasl
; compilation finished in 0:00:00.012
; compiling file "/home/iskam/quicklisp/local-projects/Trucler/Code/Implementations/Native/packages.lisp" (written 19 MAR 2023 10:41:37 PM):

; wrote /tmp/clamsara-cas-only-native3-zmv7go3l/fasl/sbcl-2.6.8.3-db35d4561-linux-x64/home/iskam/quicklisp/local-projects/Trucler/Code/Implementations/Native/packages-tmp6FLI1OC3.fasl
; compilation finished in 0:00:00.000
; compiling file "/home/iskam/quicklisp/local-projects/Trucler/Code/Implementations/Native/client.lisp" (written 19 MAR 2023 10:41:37 PM):

; wrote /tmp/clamsara-cas-only-native3-zmv7go3l/fasl/sbcl-2.6.8.3-db35d4561-linux-x64/home/iskam/quicklisp/local-projects/Trucler/Code/Implementations/Native/client-tmpWBK8JTS9.fasl
; compilation finished in 0:00:00.000
; compiling file "/home/iskam/quicklisp/local-projects/Trucler/Code/Implementations/Native/methods.lisp" (written 19 MAR 2023 10:41:37 PM):

; wrote /tmp/clamsara-cas-only-native3-zmv7go3l/fasl/sbcl-2.6.8.3-db35d4561-linux-x64/home/iskam/quicklisp/local-projects/Trucler/Code/Implementations/Native/methods-tmpUVEUD2ZN.fasl
; compilation finished in 0:00:00.002
; compiling file "/home/iskam/quicklisp/local-projects/Trucler/Code/Implementations/Native/SBCL/packages.lisp" (written 01 OCT 2023 05:03:48 PM):

; wrote /tmp/clamsara-cas-only-native3-zmv7go3l/fasl/sbcl-2.6.8.3-db35d4561-linux-x64/home/iskam/quicklisp/local-projects/Trucler/Code/Implementations/Native/SBCL/packages-tmpOWNJOEU.fasl
; compilation finished in 0:00:00.001
; compiling file "/home/iskam/quicklisp/local-projects/Trucler/Code/Implementations/Native/SBCL/utilities.lisp" (written 19 MAR 2023 10:41:37 PM):

; wrote /tmp/clamsara-cas-only-native3-zmv7go3l/fasl/sbcl-2.6.8.3-db35d4561-linux-x64/home/iskam/quicklisp/local-projects/Trucler/Code/Implementations/Native/SBCL/utilities-tmpVT5BMTA5.fasl
; compilation finished in 0:00:00.002
; compiling file "/home/iskam/quicklisp/local-projects/Trucler/Code/Implementations/Native/SBCL/query-classes.lisp" (written 19 MAR 2023 10:41:37 PM):

; wrote /tmp/clamsara-cas-only-native3-zmv7go3l/fasl/sbcl-2.6.8.3-db35d4561-linux-x64/home/iskam/quicklisp/local-projects/Trucler/Code/Implementations/Native/SBCL/query-classes-tmpN3CFVWZF.fasl
; compilation finished in 0:00:00.001
; compiling file "/home/iskam/quicklisp/local-projects/Trucler/Code/Implementations/Native/SBCL/describe-block.lisp" (written 01 OCT 2023 05:03:48 PM):

; wrote /tmp/clamsara-cas-only-native3-zmv7go3l/fasl/sbcl-2.6.8.3-db35d4561-linux-x64/home/iskam/quicklisp/local-projects/Trucler/Code/Implementations/Native/SBCL/describe-block-tmpNK27C0R1.fasl
; compilation finished in 0:00:00.003
; compiling file "/home/iskam/quicklisp/local-projects/Trucler/Code/Implementations/Native/SBCL/describe-function.lisp" (written 19 MAR 2023 10:41:37 PM):

; wrote /tmp/clamsara-cas-only-native3-zmv7go3l/fasl/sbcl-2.6.8.3-db35d4561-linux-x64/home/iskam/quicklisp/local-projects/Trucler/Code/Implementations/Native/SBCL/describe-function-tmp3BPE71HR.fasl
; compilation finished in 0:00:00.007
; compiling file "/home/iskam/quicklisp/local-projects/Trucler/Code/Implementations/Native/SBCL/describe-optimize.lisp" (written 01 OCT 2023 05:03:48 PM):

; wrote /tmp/clamsara-cas-only-native3-zmv7go3l/fasl/sbcl-2.6.8.3-db35d4561-linux-x64/home/iskam/quicklisp/local-projects/Trucler/Code/Implementations/Native/SBCL/describe-optimize-tmp758YUXMV.fasl
; compilation finished in 0:00:00.002
; compiling file "/home/iskam/quicklisp/local-projects/Trucler/Code/Implementations/Native/SBCL/describe-declarations.lisp" (written 19 MAR 2023 10:41:37 PM):

; wrote /tmp/clamsara-cas-only-native3-zmv7go3l/fasl/sbcl-2.6.8.3-db35d4561-linux-x64/home/iskam/quicklisp/local-projects/Trucler/Code/Implementations/Native/SBCL/describe-declarations-tmpGMQXK1HK.fasl
; compilation finished in 0:00:00.002
; compiling file "/home/iskam/quicklisp/local-projects/Trucler/Code/Implementations/Native/SBCL/describe-tag.lisp" (written 19 MAR 2023 10:41:37 PM):

; wrote /tmp/clamsara-cas-only-native3-zmv7go3l/fasl/sbcl-2.6.8.3-db35d4561-linux-x64/home/iskam/quicklisp/local-projects/Trucler/Code/Implementations/Native/SBCL/describe-tag-tmp49Q238TW.fasl
; compilation finished in 0:00:00.002
; compiling file "/home/iskam/quicklisp/local-projects/Trucler/Code/Implementations/Native/SBCL/describe-variable.lisp" (written 19 MAR 2023 10:41:37 PM):

; wrote /tmp/clamsara-cas-only-native3-zmv7go3l/fasl/sbcl-2.6.8.3-db35d4561-linux-x64/home/iskam/quicklisp/local-projects/Trucler/Code/Implementations/Native/SBCL/describe-variable-tmpMXPMJ5KG.fasl
; compilation finished in 0:00:00.011
; compiling file "/home/iskam/quicklisp/local-projects/Trucler/Code/Implementations/Native/SBCL/global-environment.lisp" (written 19 MAR 2023 10:41:37 PM):

; wrote /tmp/clamsara-cas-only-native3-zmv7go3l/fasl/sbcl-2.6.8.3-db35d4561-linux-x64/home/iskam/quicklisp/local-projects/Trucler/Code/Implementations/Native/SBCL/global-environment-tmpB69313KI.fasl
; compilation finished in 0:00:00.001
; compiling file "/home/iskam/quicklisp/local-projects/Trucler/Code/Implementations/Native/SBCL/global-environment-p.lisp" (written 19 MAR 2023 10:41:37 PM):

; wrote /tmp/clamsara-cas-only-native3-zmv7go3l/fasl/sbcl-2.6.8.3-db35d4561-linux-x64/home/iskam/quicklisp/local-projects/Trucler/Code/Implementations/Native/SBCL/global-environment-p-tmp9ZT99EEA.fasl
; compilation finished in 0:00:00.001
; compiling file "/home/iskam/quicklisp/dists/quicklisp/software/ecclesia-20250622-git/packages.lisp" (written 20 MAY 2026 03:37:15 PM):

; wrote /tmp/clamsara-cas-only-native3-zmv7go3l/fasl/sbcl-2.6.8.3-db35d4561-linux-x64/home/iskam/quicklisp/dists/quicklisp/software/ecclesia-20250622-git/packages-tmpW045U8V2.fasl
; compilation finished in 0:00:00.001
; compiling file "/home/iskam/quicklisp/dists/quicklisp/software/ecclesia-20250622-git/conditions.lisp" (written 20 MAY 2026 03:37:15 PM):

; wrote /tmp/clamsara-cas-only-native3-zmv7go3l/fasl/sbcl-2.6.8.3-db35d4561-linux-x64/home/iskam/quicklisp/dists/quicklisp/software/ecclesia-20250622-git/conditions-tmp6XOIRI3N.fasl
; compilation finished in 0:00:00.006
; compiling file "/home/iskam/quicklisp/dists/quicklisp/software/ecclesia-20250622-git/condition-reporters-english.lisp" (written 20 MAY 2026 03:37:15 PM):

; wrote /tmp/clamsara-cas-only-native3-zmv7go3l/fasl/sbcl-2.6.8.3-db35d4561-linux-x64/home/iskam/quicklisp/dists/quicklisp/software/ecclesia-20250622-git/condition-reporters-english-tmp9ZHTLHSG.fasl
; compilation finished in 0:00:00.033
; compiling file "/home/iskam/quicklisp/dists/quicklisp/software/ecclesia-20250622-git/argcount.lisp" (written 20 MAY 2026 03:37:15 PM):

; wrote /tmp/clamsara-cas-only-native3-zmv7go3l/fasl/sbcl-2.6.8.3-db35d4561-linux-x64/home/iskam/quicklisp/dists/quicklisp/software/ecclesia-20250622-git/argcount-tmpRW73Q691.fasl
; compilation finished in 0:00:00.001
; compiling file "/home/iskam/quicklisp/dists/quicklisp/software/ecclesia-20250622-git/list-structure.lisp" (written 20 MAY 2026 03:37:15 PM):

; wrote /tmp/clamsara-cas-only-native3-zmv7go3l/fasl/sbcl-2.6.8.3-db35d4561-linux-x64/home/iskam/quicklisp/dists/quicklisp/software/ecclesia-20250622-git/list-structure-tmp4TM0ME1F.fasl
; compilation finished in 0:00:00.007
; compiling file "/home/iskam/quicklisp/dists/quicklisp/software/ecclesia-20250622-git/form.lisp" (written 20 MAY 2026 03:37:15 PM):

; wrote /tmp/clamsara-cas-only-native3-zmv7go3l/fasl/sbcl-2.6.8.3-db35d4561-linux-x64/home/iskam/quicklisp/dists/quicklisp/software/ecclesia-20250622-git/form-tmpU2IL9N4.fasl
; compilation finished in 0:00:00.000
; compiling file "/home/iskam/quicklisp/dists/quicklisp/software/ecclesia-20250622-git/declarations.lisp" (written 20 MAY 2026 03:37:15 PM):

; wrote /tmp/clamsara-cas-only-native3-zmv7go3l/fasl/sbcl-2.6.8.3-db35d4561-linux-x64/home/iskam/quicklisp/dists/quicklisp/software/ecclesia-20250622-git/declarations-tmpOPW41KDL.fasl
; compilation finished in 0:00:00.008
; compiling file "/home/iskam/quicklisp/dists/quicklisp/software/ecclesia-20250622-git/lambda-list-parsing.lisp" (written 20 MAY 2026 03:37:15 PM):

; wrote /tmp/clamsara-cas-only-native3-zmv7go3l/fasl/sbcl-2.6.8.3-db35d4561-linux-x64/home/iskam/quicklisp/dists/quicklisp/software/ecclesia-20250622-git/lambda-list-parsing-tmpIPVWLON2.fasl
; compilation finished in 0:00:00.068
; compiling file "/home/iskam/quicklisp/dists/quicklisp/software/ecclesia-20250622-git/lambda-list-canonicalization.lisp" (written 20 MAY 2026 03:37:15 PM):

; wrote /tmp/clamsara-cas-only-native3-zmv7go3l/fasl/sbcl-2.6.8.3-db35d4561-linux-x64/home/iskam/quicklisp/dists/quicklisp/software/ecclesia-20250622-git/lambda-list-canonicalization-tmpO0LCOIDS.fasl
; compilation finished in 0:00:00.039
; compiling file "/home/iskam/quicklisp/dists/quicklisp/software/ecclesia-20250622-git/destructuring.lisp" (written 20 MAY 2026 03:37:15 PM):

; wrote /tmp/clamsara-cas-only-native3-zmv7go3l/fasl/sbcl-2.6.8.3-db35d4561-linux-x64/home/iskam/quicklisp/dists/quicklisp/software/ecclesia-20250622-git/destructuring-tmpP264WQ6O.fasl
; compilation finished in 0:00:00.091
; compiling file "/home/iskam/quicklisp/dists/quicklisp/software/ecclesia-20250622-git/canonicalized-destructuring.lisp" (written 20 MAY 2026 03:37:15 PM):

; file: /home/iskam/quicklisp/dists/quicklisp/software/ecclesia-20250622-git/canonicalized-destructuring.lisp
; in: DEFUN PARSE-DEFTYPE-USING-CANONICALIZATION
;     (DEFUN ECCLESIA:PARSE-DEFTYPE-USING-CANONICALIZATION
;            (ECCLESIA::NAME ECCLESIA:LAMBDA-LIST ECCLESIA::BODY
;             &OPTIONAL ECCLESIA:ENVIRONMENT ECCLESIA::HEADER-DECLARATIONS)
;       (DECLARE (IGNORE ECCLESIA::NAME))
;       (LET* ((ECCLESIA::CANONICALIZED-LAMBDA-LIST
;               (ECCLESIA::CANONICALIZE-DEFTYPE-LAMBDA-LIST ECCLESIA:LAMBDA-LIST))
;              (ECCLESIA::ENVIRONMENT-GROUP
;               (ECCLESIA:EXTRACT-NAMED-GROUP ECCLESIA::CANONICALIZED-LAMBDA-LIST
;                                             '&ENVIRONMENT))
;              (ECCLESIA::ENVIRONMENT-PARAMETER
;               (IF #
;                   #
;                   #))
;              (ECCLESIA::WHOLE-GROUP
;               (ECCLESIA:EXTRACT-NAMED-GROUP ECCLESIA::CANONICALIZED-LAMBDA-LIST
;                                             '&WHOLE))
;              (ECCLESIA::WHOLE-PARAMETER
;               (IF #
;                   #
;                   #))
;              (ECCLESIA::REMAINING
;               (REMOVE '&ENVIRONMENT # :KEY #'FIRST :TEST #'EQ))
;              (ECCLESIA::ARGS-VAR (GENSYM)))
;         (MULTIPLE-VALUE-BIND
;             (ECCLESIA::DECLARATIONS DOCUMENTATION ECCLESIA::FORMS)
;             (ECCLESIA:SEPARATE-FUNCTION-BODY ECCLESIA::BODY)
;           (MULTIPLE-VALUE-BIND (ECCLESIA::BINDINGS ECCLESIA::IGNORED-VARIABLES)
;               (ECCLESIA:DESTRUCTURE-CANONICALIZED-LAMBDA-LIST ECCLESIA::REMAINING
;                ECCLESIA::ARGS-VAR)
;             `(LAMBDA # ,@# ,@# #)))))
; --> SB-IMPL::%DEFUN SB-IMPL::%DEFUN SB-INT:NAMED-LAMBDA 
; ==>
;   #'(SB-INT:NAMED-LAMBDA ECCLESIA:PARSE-DEFTYPE-USING-CANONICALIZATION
;         (ECCLESIA::NAME ECCLESIA:LAMBDA-LIST ECCLESIA::BODY &OPTIONAL
;          ECCLESIA:ENVIRONMENT ECCLESIA::HEADER-DECLARATIONS)
;       (DECLARE (SB-C::TOP-LEVEL-FORM))
;       (DECLARE (IGNORE ECCLESIA::NAME))
;       (BLOCK ECCLESIA:PARSE-DEFTYPE-USING-CANONICALIZATION
;         (LET* ((ECCLESIA::CANONICALIZED-LAMBDA-LIST #)
;                (ECCLESIA::ENVIRONMENT-GROUP #)
;                (ECCLESIA::ENVIRONMENT-PARAMETER #)
;                (ECCLESIA::WHOLE-GROUP #)
;                (ECCLESIA::WHOLE-PARAMETER #)
;                (ECCLESIA::REMAINING #)
;                (ECCLESIA::ARGS-VAR #))
;           (MULTIPLE-VALUE-BIND
;               (ECCLESIA::DECLARATIONS DOCUMENTATION ECCLESIA::FORMS)
;               (ECCLESIA:SEPARATE-FUNCTION-BODY ECCLESIA::BODY)
;             (MULTIPLE-VALUE-BIND # # `#)))))
; 
; caught STYLE-WARNING:
;   The variable ENVIRONMENT is defined but never used.
; 
; caught STYLE-WARNING:
;   The variable HEADER-DECLARATIONS is defined but never used.


; wrote /tmp/clamsara-cas-only-native3-zmv7go3l/fasl/sbcl-2.6.8.3-db35d4561-linux-x64/home/iskam/quicklisp/dists/quicklisp/software/ecclesia-20250622-git/canonicalized-destructuring-tmpESC43OCR.fasl
; compilation finished in 0:00:00.021
WARNING:
   Lisp compilation had style-warnings while
   compiling #<CL-SOURCE-FILE "ecclesia" "canonicalized-destructuring">
; compiling file "/home/iskam/quicklisp/local-projects/Common-macros/Common-macro-definitions/packages-extrinsic.lisp" (written 18 MAY 2026 11:54:42 AM):

; wrote /tmp/clamsara-cas-only-native3-zmv7go3l/fasl/sbcl-2.6.8.3-db35d4561-linux-x64/home/iskam/quicklisp/local-projects/Common-macros/Common-macro-definitions/packages-extrinsic-tmpWCAM54ZJ.fasl
; compilation finished in 0:00:00.001
; compiling file "/home/iskam/quicklisp/local-projects/Common-macros/Common-macro-definitions/Low/condition-types.lisp" (written 18 MAY 2026 11:54:42 AM):

; wrote /tmp/clamsara-cas-only-native3-zmv7go3l/fasl/sbcl-2.6.8.3-db35d4561-linux-x64/home/iskam/quicklisp/local-projects/Common-macros/Common-macro-definitions/Low/condition-types-tmpVTMW561L.fasl
; compilation finished in 0:00:00.054
; compiling file "/home/iskam/quicklisp/local-projects/Common-macros/Common-macro-definitions/Low/utilities.lisp" (written 18 MAY 2026 11:54:42 AM):

; wrote /tmp/clamsara-cas-only-native3-zmv7go3l/fasl/sbcl-2.6.8.3-db35d4561-linux-x64/home/iskam/quicklisp/local-projects/Common-macros/Common-macro-definitions/Low/utilities-tmpUNNGT9CF.fasl
; compilation finished in 0:00:00.010
; compiling file "/home/iskam/quicklisp/local-projects/Common-macros/Common-macro-definitions/Low/when.lisp" (written 18 MAY 2026 11:54:42 AM):

; wrote /tmp/clamsara-cas-only-native3-zmv7go3l/fasl/sbcl-2.6.8.3-db35d4561-linux-x64/home/iskam/quicklisp/local-projects/Common-macros/Common-macro-definitions/Low/when-tmp4L3W83SU.fasl
; compilation finished in 0:00:00.002
; compiling file "/home/iskam/quicklisp/local-projects/Common-macros/Common-macro-definitions/Low/unless.lisp" (written 18 MAY 2026 11:54:42 AM):

; wrote /tmp/clamsara-cas-only-native3-zmv7go3l/fasl/sbcl-2.6.8.3-db35d4561-linux-x64/home/iskam/quicklisp/local-projects/Common-macros/Common-macro-definitions/Low/unless-tmpGE7QNNEE.fasl
; compilation finished in 0:00:00.001
; compiling file "/home/iskam/quicklisp/local-projects/Common-macros/Common-macro-definitions/Low/and.lisp" (written 18 MAY 2026 11:54:42 AM):

; wrote /tmp/clamsara-cas-only-native3-zmv7go3l/fasl/sbcl-2.6.8.3-db35d4561-linux-x64/home/iskam/quicklisp/local-projects/Common-macros/Common-macro-definitions/Low/and-tmp9B0UZGT4.fasl
; compilation finished in 0:00:00.001
; compiling file "/home/iskam/quicklisp/local-projects/Common-macros/Common-macro-definitions/Low/or.lisp" (written 18 MAY 2026 11:54:42 AM):

; wrote /tmp/clamsara-cas-only-native3-zmv7go3l/fasl/sbcl-2.6.8.3-db35d4561-linux-x64/home/iskam/quicklisp/local-projects/Common-macros/Common-macro-definitions/Low/or-tmpAJ5U325P.fasl
; compilation finished in 0:00:00.001
; compiling file "/home/iskam/quicklisp/local-projects/Common-macros/Common-macro-definitions/Low/cond.lisp" (written 18 MAY 2026 11:54:42 AM):

; wrote /tmp/clamsara-cas-only-native3-zmv7go3l/fasl/sbcl-2.6.8.3-db35d4561-linux-x64/home/iskam/quicklisp/local-projects/Common-macros/Common-macro-definitions/Low/cond-tmpAOF1CYAS.fasl
; compilation finished in 0:00:00.002
; compiling file "/home/iskam/quicklisp/local-projects/Common-macros/Common-macro-definitions/Low/case.lisp" (written 18 MAY 2026 11:54:42 AM):

; wrote /tmp/clamsara-cas-only-native3-zmv7go3l/fasl/sbcl-2.6.8.3-db35d4561-linux-x64/home/iskam/quicklisp/local-projects/Common-macros/Common-macro-definitions/Low/case-tmpIXCQTSHA.fasl
; compilation finished in 0:00:00.004
; compiling file "/home/iskam/quicklisp/local-projects/Common-macros/Common-macro-definitions/Low/ecase.lisp" (written 18 MAY 2026 11:54:42 AM):

; wrote /tmp/clamsara-cas-only-native3-zmv7go3l/fasl/sbcl-2.6.8.3-db35d4561-linux-x64/home/iskam/quicklisp/local-projects/Common-macros/Common-macro-definitions/Low/ecase-tmp5E6VIEMS.fasl
; compilation finished in 0:00:00.003
; compiling file "/home/iskam/quicklisp/local-projects/Common-macros/Common-macro-definitions/Low/return.lisp" (written 18 MAY 2026 11:54:42 AM):

; wrote /tmp/clamsara-cas-only-native3-zmv7go3l/fasl/sbcl-2.6.8.3-db35d4561-linux-x64/home/iskam/quicklisp/local-projects/Common-macros/Common-macro-definitions/Low/return-tmpI0PODGVV.fasl
; compilation finished in 0:00:00.001
; compiling file "/home/iskam/quicklisp/local-projects/Common-macros/Common-macro-definitions/Low/multiple-value-bind.lisp" (written 18 MAY 2026 11:54:42 AM):

; wrote /tmp/clamsara-cas-only-native3-zmv7go3l/fasl/sbcl-2.6.8.3-db35d4561-linux-x64/home/iskam/quicklisp/local-projects/Common-macros/Common-macro-definitions/Low/multiple-value-bind-tmp1Z95I17K.fasl
; compilation finished in 0:00:00.002
; compiling file "/home/iskam/quicklisp/local-projects/Common-macros/Common-macro-definitions/Low/multiple-value-list.lisp" (written 18 MAY 2026 11:54:42 AM):

; wrote /tmp/clamsara-cas-only-native3-zmv7go3l/fasl/sbcl-2.6.8.3-db35d4561-linux-x64/home/iskam/quicklisp/local-projects/Common-macros/Common-macro-definitions/Low/multiple-value-list-tmpCFVK1AC1.fasl
; compilation finished in 0:00:00.001
; compiling file "/home/iskam/quicklisp/local-projects/Common-macros/Common-macro-definitions/Low/multiple-value-setq.lisp" (written 18 MAY 2026 11:54:42 AM):

; wrote /tmp/clamsara-cas-only-native3-zmv7go3l/fasl/sbcl-2.6.8.3-db35d4561-linux-x64/home/iskam/quicklisp/local-projects/Common-macros/Common-macro-definitions/Low/multiple-value-setq-tmpHHRR8E8N.fasl
; compilation finished in 0:00:00.002
; compiling file "/home/iskam/quicklisp/local-projects/Common-macros/Common-macro-definitions/Low/nth-value.lisp" (written 18 MAY 2026 11:54:42 AM):

; wrote /tmp/clamsara-cas-only-native3-zmv7go3l/fasl/sbcl-2.6.8.3-db35d4561-linux-x64/home/iskam/quicklisp/local-projects/Common-macros/Common-macro-definitions/Low/nth-value-tmpWWJ02E3I.fasl
; compilation finished in 0:00:00.001
; compiling file "/home/iskam/quicklisp/local-projects/Common-macros/Common-macro-definitions/Low/defvar.lisp" (written 18 MAY 2026 11:54:42 AM):

; wrote /tmp/clamsara-cas-only-native3-zmv7go3l/fasl/sbcl-2.6.8.3-db35d4561-linux-x64/home/iskam/quicklisp/local-projects/Common-macros/Common-macro-definitions/Low/defvar-tmpONTOHUJ2.fasl
; compilation finished in 0:00:00.003
; compiling file "/home/iskam/quicklisp/local-projects/Common-macros/Common-macro-definitions/Low/expand-defmethod.lisp" (written 18 MAY 2026 11:54:42 AM):

; wrote /tmp/clamsara-cas-only-native3-zmv7go3l/fasl/sbcl-2.6.8.3-db35d4561-linux-x64/home/iskam/quicklisp/local-projects/Common-macros/Common-macro-definitions/Low/expand-defmethod-tmpQT9APWMH.fasl
; compilation finished in 0:00:00.002
; compiling file "/home/iskam/quicklisp/local-projects/Common-macros/Common-macro-definitions/Low/expand-deftype.lisp" (written 18 MAY 2026 11:54:42 AM):

; wrote /tmp/clamsara-cas-only-native3-zmv7go3l/fasl/sbcl-2.6.8.3-db35d4561-linux-x64/home/iskam/quicklisp/local-projects/Common-macros/Common-macro-definitions/Low/expand-deftype-tmp6LYQXY0L.fasl
; compilation finished in 0:00:00.000
; compiling file "/home/iskam/quicklisp/local-projects/Common-macros/Common-macro-definitions/Low/expand-defpackage.lisp" (written 18 MAY 2026 11:54:42 AM):

; wrote /tmp/clamsara-cas-only-native3-zmv7go3l/fasl/sbcl-2.6.8.3-db35d4561-linux-x64/home/iskam/quicklisp/local-projects/Common-macros/Common-macro-definitions/Low/expand-defpackage-tmpNKVDR0J1.fasl
; compilation finished in 0:00:00.025
; compiling file "/home/iskam/quicklisp/local-projects/Common-macros/Common-macro-definitions/Low/expand-defun.lisp" (written 18 MAY 2026 11:54:42 AM):

; wrote /tmp/clamsara-cas-only-native3-zmv7go3l/fasl/sbcl-2.6.8.3-db35d4561-linux-x64/home/iskam/quicklisp/local-projects/Common-macros/Common-macro-definitions/Low/expand-defun-tmp6F83SDCV.fasl
; compilation finished in 0:00:00.001
; compiling file "/home/iskam/quicklisp/local-projects/Common-macros/Common-macro-definitions/Low/expand-defclass.lisp" (written 18 MAY 2026 11:54:42 AM):

; wrote /tmp/clamsara-cas-only-native3-zmv7go3l/fasl/sbcl-2.6.8.3-db35d4561-linux-x64/home/iskam/quicklisp/local-projects/Common-macros/Common-macro-definitions/Low/expand-defclass-tmpEJNPPMJY.fasl
; compilation finished in 0:00:00.021
; compiling file "/home/iskam/quicklisp/local-projects/Common-macros/Common-macro-definitions/Low/expand-defgeneric.lisp" (written 18 MAY 2026 11:54:42 AM):

; wrote /tmp/clamsara-cas-only-native3-zmv7go3l/fasl/sbcl-2.6.8.3-db35d4561-linux-x64/home/iskam/quicklisp/local-projects/Common-macros/Common-macro-definitions/Low/expand-defgeneric-tmp31RWPSX2.fasl
; compilation finished in 0:00:00.008
; compiling file "/home/iskam/quicklisp/local-projects/Common-macros/Common-macro-definitions/Low/expand-declaim.lisp" (written 18 MAY 2026 11:54:42 AM):

; wrote /tmp/clamsara-cas-only-native3-zmv7go3l/fasl/sbcl-2.6.8.3-db35d4561-linux-x64/home/iskam/quicklisp/local-projects/Common-macros/Common-macro-definitions/Low/expand-declaim-tmp1HKLMSTH.fasl
; compilation finished in 0:00:00.001
; compiling file "/home/iskam/quicklisp/local-projects/Common-macros/Common-macro-definitions/Low/defsetf.lisp" (written 18 MAY 2026 11:54:42 AM):

; wrote /tmp/clamsara-cas-only-native3-zmv7go3l/fasl/sbcl-2.6.8.3-db35d4561-linux-x64/home/iskam/quicklisp/local-projects/Common-macros/Common-macro-definitions/Low/defsetf-tmpEWG5XJ53.fasl
; compilation finished in 0:00:00.006
; compiling file "/home/iskam/quicklisp/local-projects/Common-macros/Common-macro-definitions/Low/destructuring-bind.lisp" (written 18 MAY 2026 11:54:42 AM):

; wrote /tmp/clamsara-cas-only-native3-zmv7go3l/fasl/sbcl-2.6.8.3-db35d4561-linux-x64/home/iskam/quicklisp/local-projects/Common-macros/Common-macro-definitions/Low/destructuring-bind-tmpXHL60MUV.fasl
; compilation finished in 0:00:00.001
; compiling file "/home/iskam/quicklisp/local-projects/Common-macros/Common-macro-definitions/Low/do-symbols.lisp" (written 18 MAY 2026 11:54:42 AM):

; wrote /tmp/clamsara-cas-only-native3-zmv7go3l/fasl/sbcl-2.6.8.3-db35d4561-linux-x64/home/iskam/quicklisp/local-projects/Common-macros/Common-macro-definitions/Low/do-symbols-tmpB7NPDQCW.fasl
; compilation finished in 0:00:00.006
; compiling file "/home/iskam/quicklisp/local-projects/Common-macros/Common-macro-definitions/Low/lambda.lisp" (written 18 MAY 2026 11:54:42 AM):

; wrote /tmp/clamsara-cas-only-native3-zmv7go3l/fasl/sbcl-2.6.8.3-db35d4561-linux-x64/home/iskam/quicklisp/local-projects/Common-macros/Common-macro-definitions/Low/lambda-tmpGZ70QILE.fasl
; compilation finished in 0:00:00.002
; compiling file "/home/iskam/quicklisp/local-projects/Common-macros/Common-macro-definitions/Low/prog.lisp" (written 18 MAY 2026 11:54:42 AM):

; wrote /tmp/clamsara-cas-only-native3-zmv7go3l/fasl/sbcl-2.6.8.3-db35d4561-linux-x64/home/iskam/quicklisp/local-projects/Common-macros/Common-macro-definitions/Low/prog-tmpKYD38Q95.fasl
; compilation finished in 0:00:00.002
; compiling file "/home/iskam/quicklisp/local-projects/Common-macros/Common-macro-definitions/Low/progstar.lisp" (written 18 MAY 2026 11:54:42 AM):

; wrote /tmp/clamsara-cas-only-native3-zmv7go3l/fasl/sbcl-2.6.8.3-db35d4561-linux-x64/home/iskam/quicklisp/local-projects/Common-macros/Common-macro-definitions/Low/progstar-tmpV4YQ0HKA.fasl
; compilation finished in 0:00:00.002
; compiling file "/home/iskam/quicklisp/local-projects/Common-macros/Common-macro-definitions/Low/prog1.lisp" (written 18 MAY 2026 11:54:42 AM):

; wrote /tmp/clamsara-cas-only-native3-zmv7go3l/fasl/sbcl-2.6.8.3-db35d4561-linux-x64/home/iskam/quicklisp/local-projects/Common-macros/Common-macro-definitions/Low/prog1-tmpJXWE1HN2.fasl
; compilation finished in 0:00:00.001
; compiling file "/home/iskam/quicklisp/local-projects/Common-macros/Common-macro-definitions/Low/prog2.lisp" (written 18 MAY 2026 11:54:42 AM):

; wrote /tmp/clamsara-cas-only-native3-zmv7go3l/fasl/sbcl-2.6.8.3-db35d4561-linux-x64/home/iskam/quicklisp/local-projects/Common-macros/Common-macro-definitions/Low/prog2-tmpMNC5LX5B.fasl
; compilation finished in 0:00:00.002
; compiling file "/home/iskam/quicklisp/local-projects/Common-macros/Common-macro-definitions/Low/handler-case.lisp" (written 18 MAY 2026 11:54:42 AM):

; wrote /tmp/clamsara-cas-only-native3-zmv7go3l/fasl/sbcl-2.6.8.3-db35d4561-linux-x64/home/iskam/quicklisp/local-projects/Common-macros/Common-macro-definitions/Low/handler-case-tmp4RNSVVC1.fasl
; compilation finished in 0:00:00.016
; compiling file "/home/iskam/quicklisp/local-projects/Common-macros/Common-macro-definitions/Low/ignore-errors.lisp" (written 18 MAY 2026 11:54:42 AM):

; wrote /tmp/clamsara-cas-only-native3-zmv7go3l/fasl/sbcl-2.6.8.3-db35d4561-linux-x64/home/iskam/quicklisp/local-projects/Common-macros/Common-macro-definitions/Low/ignore-errors-tmpN626KU7B.fasl
; compilation finished in 0:00:00.002
; compiling file "/home/iskam/quicklisp/local-projects/Common-macros/Common-macro-definitions/Low/in-package.lisp" (written 18 MAY 2026 11:54:42 AM):

; wrote /tmp/clamsara-cas-only-native3-zmv7go3l/fasl/sbcl-2.6.8.3-db35d4561-linux-x64/home/iskam/quicklisp/local-projects/Common-macros/Common-macro-definitions/Low/in-package-tmpOO0K1B0C.fasl
; compilation finished in 0:00:00.002
; compiling file "/home/iskam/quicklisp/local-projects/Common-macros/Common-macro-definitions/Low/iteration-support.lisp" (written 18 MAY 2026 11:54:42 AM):

; wrote /tmp/clamsara-cas-only-native3-zmv7go3l/fasl/sbcl-2.6.8.3-db35d4561-linux-x64/home/iskam/quicklisp/local-projects/Common-macros/Common-macro-definitions/Low/iteration-support-tmpVFL7JAFK.fasl
; compilation finished in 0:00:00.005
; compiling file "/home/iskam/quicklisp/local-projects/Common-macros/Common-macro-definitions/Low/dolist.lisp" (written 18 MAY 2026 11:54:42 AM):

; wrote /tmp/clamsara-cas-only-native3-zmv7go3l/fasl/sbcl-2.6.8.3-db35d4561-linux-x64/home/iskam/quicklisp/local-projects/Common-macros/Common-macro-definitions/Low/dolist-tmpU45RTF.fasl
; compilation finished in 0:00:00.004
; compiling file "/home/iskam/quicklisp/local-projects/Common-macros/Common-macro-definitions/Low/dotimes.lisp" (written 18 MAY 2026 11:54:42 AM):

; wrote /tmp/clamsara-cas-only-native3-zmv7go3l/fasl/sbcl-2.6.8.3-db35d4561-linux-x64/home/iskam/quicklisp/local-projects/Common-macros/Common-macro-definitions/Low/dotimes-tmpZTS6G7ND.fasl
; compilation finished in 0:00:00.004
; compiling file "/home/iskam/quicklisp/local-projects/Common-macros/Common-macro-definitions/Low/do.lisp" (written 18 MAY 2026 11:54:42 AM):

; wrote /tmp/clamsara-cas-only-native3-zmv7go3l/fasl/sbcl-2.6.8.3-db35d4561-linux-x64/home/iskam/quicklisp/local-projects/Common-macros/Common-macro-definitions/Low/do-tmp5TNBATEG.fasl
; compilation finished in 0:00:00.002
; compiling file "/home/iskam/quicklisp/local-projects/Common-macros/Common-macro-definitions/Low/dostar.lisp" (written 18 MAY 2026 11:54:42 AM):

; wrote /tmp/clamsara-cas-only-native3-zmv7go3l/fasl/sbcl-2.6.8.3-db35d4561-linux-x64/home/iskam/quicklisp/local-projects/Common-macros/Common-macro-definitions/Low/dostar-tmpJL6JXW7Z.fasl
; compilation finished in 0:00:00.002
; compiling file "/home/iskam/quicklisp/local-projects/Common-macros/Common-macro-definitions/Low/psetq.lisp" (written 18 MAY 2026 11:54:42 AM):

; wrote /tmp/clamsara-cas-only-native3-zmv7go3l/fasl/sbcl-2.6.8.3-db35d4561-linux-x64/home/iskam/quicklisp/local-projects/Common-macros/Common-macro-definitions/Low/psetq-tmp5PQ00DH7.fasl
; compilation finished in 0:00:00.001
; compiling file "/home/iskam/quicklisp/local-projects/Common-macros/Common-macro-definitions/Low/restart-case.lisp" (written 18 MAY 2026 11:54:42 AM):

; wrote /tmp/clamsara-cas-only-native3-zmv7go3l/fasl/sbcl-2.6.8.3-db35d4561-linux-x64/home/iskam/quicklisp/local-projects/Common-macros/Common-macro-definitions/Low/restart-case-tmp5R1KP4O2.fasl
; compilation finished in 0:00:00.019
; compiling file "/home/iskam/quicklisp/local-projects/Common-macros/Common-macro-definitions/Low/check-type.lisp" (written 18 MAY 2026 11:54:42 AM):

; wrote /tmp/clamsara-cas-only-native3-zmv7go3l/fasl/sbcl-2.6.8.3-db35d4561-linux-x64/home/iskam/quicklisp/local-projects/Common-macros/Common-macro-definitions/Low/check-type-tmpXQDKKJYI.fasl
; compilation finished in 0:00:00.007
; compiling file "/home/iskam/quicklisp/local-projects/Common-macros/Common-macro-definitions/Low/typecase.lisp" (written 18 MAY 2026 11:54:42 AM):

; wrote /tmp/clamsara-cas-only-native3-zmv7go3l/fasl/sbcl-2.6.8.3-db35d4561-linux-x64/home/iskam/quicklisp/local-projects/Common-macros/Common-macro-definitions/Low/typecase-tmpGJ3P31TF.fasl
; compilation finished in 0:00:00.004
; compiling file "/home/iskam/quicklisp/local-projects/Common-macros/Common-macro-definitions/Low/etypecase.lisp" (written 18 MAY 2026 11:54:42 AM):

; wrote /tmp/clamsara-cas-only-native3-zmv7go3l/fasl/sbcl-2.6.8.3-db35d4561-linux-x64/home/iskam/quicklisp/local-projects/Common-macros/Common-macro-definitions/Low/etypecase-tmpT2P2LFJI.fasl
; compilation finished in 0:00:00.002
; compiling file "/home/iskam/quicklisp/local-projects/Common-macros/Common-macro-definitions/Low/with-accessors.lisp" (written 18 MAY 2026 11:54:42 AM):

; wrote /tmp/clamsara-cas-only-native3-zmv7go3l/fasl/sbcl-2.6.8.3-db35d4561-linux-x64/home/iskam/quicklisp/local-projects/Common-macros/Common-macro-definitions/Low/with-accessors-tmpKOV75BS9.fasl
; compilation finished in 0:00:00.003
; compiling file "/home/iskam/quicklisp/local-projects/Common-macros/Common-macro-definitions/Low/with-input-from-string.lisp" (written 18 MAY 2026 11:54:42 AM):

; wrote /tmp/clamsara-cas-only-native3-zmv7go3l/fasl/sbcl-2.6.8.3-db35d4561-linux-x64/home/iskam/quicklisp/local-projects/Common-macros/Common-macro-definitions/Low/with-input-from-string-tmpP07HWIXP.fasl
; compilation finished in 0:00:00.004
; compiling file "/home/iskam/quicklisp/local-projects/Common-macros/Common-macro-definitions/Low/with-open-file.lisp" (written 18 MAY 2026 11:54:42 AM):

; wrote /tmp/clamsara-cas-only-native3-zmv7go3l/fasl/sbcl-2.6.8.3-db35d4561-linux-x64/home/iskam/quicklisp/local-projects/Common-macros/Common-macro-definitions/Low/with-open-file-tmpURW0SA3C.fasl
; compilation finished in 0:00:00.004
; compiling file "/home/iskam/quicklisp/local-projects/Common-macros/Common-macro-definitions/Low/with-open-stream.lisp" (written 18 MAY 2026 11:54:42 AM):

; wrote /tmp/clamsara-cas-only-native3-zmv7go3l/fasl/sbcl-2.6.8.3-db35d4561-linux-x64/home/iskam/quicklisp/local-projects/Common-macros/Common-macro-definitions/Low/with-open-stream-tmp627QKRZN.fasl
; compilation finished in 0:00:00.003
; compiling file "/home/iskam/quicklisp/local-projects/Common-macros/Common-macro-definitions/Low/with-output-to-string.lisp" (written 18 MAY 2026 11:54:42 AM):

; file: /home/iskam/quicklisp/local-projects/Common-macros/Common-macro-definitions/Low/with-output-to-string.lisp
; in: DEFMACRO WITH-OUTPUT-TO-STRING
;     (COMMON-MACRO-DEFINITIONS:DEFMACRO WITH-OUTPUT-TO-STRING
;         ((COMMON-MACRO-DEFINITIONS::STREAM-VARIABLE &OPTIONAL
;           COMMON-MACRO-DEFINITIONS::STRING-FORM &KEY
;           (COMMON-MACRO-DEFINITIONS::ELEMENT-TYPE ''CHARACTER))
;          &BODY COMMON-MACRO-DEFINITIONS::BODY)
;       (IF (NULL COMMON-MACRO-DEFINITIONS::STRING-FORM)
;           `(LET ((,COMMON-MACRO-DEFINITIONS::STREAM-VARIABLE #))
;              (UNWIND-PROTECT (PROGN # #)
;                (CLOSE ,COMMON-MACRO-DEFINITIONS::STREAM-VARIABLE)))
;           (LET ((COMMON-MACRO-DEFINITIONS::STRING-VARIABLE #))
;             `(LET* (# #)
;                (UNWIND-PROTECT # #)))))
; 
; caught STYLE-WARNING:
;   &OPTIONAL and &KEY found in the same lambda list: (STREAM-VARIABLE &OPTIONAL
;                                                      STRING-FORM &KEY
;                                                      (ELEMENT-TYPE
;                                                       (QUOTE (QUOTE CHARACTER))))


; wrote /tmp/clamsara-cas-only-native3-zmv7go3l/fasl/sbcl-2.6.8.3-db35d4561-linux-x64/home/iskam/quicklisp/local-projects/Common-macros/Common-macro-definitions/Low/with-output-to-string-tmpK8OFNZFV.fasl
; compilation finished in 0:00:00.005
WARNING:
   Lisp compilation had style-warnings while compiling
   #<CL-SOURCE-FILE "common-macro-definitions-low" "with-output-to-string">
; compiling file "/home/iskam/quicklisp/local-projects/Common-macros/Common-macro-definitions/Low/with-simple-restart.lisp" (written 18 MAY 2026 11:54:42 AM):

; wrote /tmp/clamsara-cas-only-native3-zmv7go3l/fasl/sbcl-2.6.8.3-db35d4561-linux-x64/home/iskam/quicklisp/local-projects/Common-macros/Common-macro-definitions/Low/with-simple-restart-tmpRMCY5COB.fasl
; compilation finished in 0:00:00.003
; compiling file "/home/iskam/quicklisp/local-projects/Common-macros/Common-macro-definitions/Low/with-slots.lisp" (written 18 MAY 2026 11:54:42 AM):

; wrote /tmp/clamsara-cas-only-native3-zmv7go3l/fasl/sbcl-2.6.8.3-db35d4561-linux-x64/home/iskam/quicklisp/local-projects/Common-macros/Common-macro-definitions/Low/with-slots-tmp9TN1FOJ6.fasl
; compilation finished in 0:00:00.003
; compiling file "/home/iskam/quicklisp/local-projects/Common-macros/Common-macro-definitions/utilities.lisp" (written 18 MAY 2026 11:54:42 AM):

; wrote /tmp/clamsara-cas-only-native3-zmv7go3l/fasl/sbcl-2.6.8.3-db35d4561-linux-x64/home/iskam/quicklisp/local-projects/Common-macros/Common-macro-definitions/utilities-tmpEID7NJG3.fasl
; compilation finished in 0:00:00.000
; compiling file "/home/iskam/quicklisp/local-projects/Common-macros/Common-macro-definitions/defmethod.lisp" (written 18 MAY 2026 11:54:42 AM):

; wrote /tmp/clamsara-cas-only-native3-zmv7go3l/fasl/sbcl-2.6.8.3-db35d4561-linux-x64/home/iskam/quicklisp/local-projects/Common-macros/Common-macro-definitions/defmethod-tmp8CJLVG9R.fasl
; compilation finished in 0:00:00.009
; compiling file "/home/iskam/quicklisp/local-projects/Common-macros/Common-macro-definitions/deftype.lisp" (written 18 MAY 2026 11:54:42 AM):

; wrote /tmp/clamsara-cas-only-native3-zmv7go3l/fasl/sbcl-2.6.8.3-db35d4561-linux-x64/home/iskam/quicklisp/local-projects/Common-macros/Common-macro-definitions/deftype-tmpZCJK45JG.fasl
; compilation finished in 0:00:00.002
; compiling file "/home/iskam/quicklisp/local-projects/Common-macros/Common-macro-definitions/defpackage.lisp" (written 18 MAY 2026 11:54:42 AM):

; wrote /tmp/clamsara-cas-only-native3-zmv7go3l/fasl/sbcl-2.6.8.3-db35d4561-linux-x64/home/iskam/quicklisp/local-projects/Common-macros/Common-macro-definitions/defpackage-tmpQC4TENAZ.fasl
; compilation finished in 0:00:00.001
; compiling file "/home/iskam/quicklisp/local-projects/Common-macros/Common-macro-definitions/defparameter.lisp" (written 18 MAY 2026 11:54:42 AM):

; wrote /tmp/clamsara-cas-only-native3-zmv7go3l/fasl/sbcl-2.6.8.3-db35d4561-linux-x64/home/iskam/quicklisp/local-projects/Common-macros/Common-macro-definitions/defparameter-tmp4HJFFDY3.fasl
; compilation finished in 0:00:00.002
; compiling file "/home/iskam/quicklisp/local-projects/Common-macros/Common-macro-definitions/defmacro.lisp" (written 18 MAY 2026 11:54:42 AM):

; wrote /tmp/clamsara-cas-only-native3-zmv7go3l/fasl/sbcl-2.6.8.3-db35d4561-linux-x64/home/iskam/quicklisp/local-projects/Common-macros/Common-macro-definitions/defmacro-tmp78H81ZL.fasl
; compilation finished in 0:00:00.002
; compiling file "/home/iskam/quicklisp/local-projects/Common-macros/Common-macro-definitions/define-compiler-macro.lisp" (written 18 MAY 2026 11:54:42 AM):

; wrote /tmp/clamsara-cas-only-native3-zmv7go3l/fasl/sbcl-2.6.8.3-db35d4561-linux-x64/home/iskam/quicklisp/local-projects/Common-macros/Common-macro-definitions/define-compiler-macro-tmp86K6JU7V.fasl
; compilation finished in 0:00:00.002
; compiling file "/home/iskam/quicklisp/local-projects/Common-macros/Common-macro-definitions/define-setf-expander.lisp" (written 18 MAY 2026 11:54:42 AM):

; wrote /tmp/clamsara-cas-only-native3-zmv7go3l/fasl/sbcl-2.6.8.3-db35d4561-linux-x64/home/iskam/quicklisp/local-projects/Common-macros/Common-macro-definitions/define-setf-expander-tmp2L6X9BVQ.fasl
; compilation finished in 0:00:00.002
; compiling file "/home/iskam/quicklisp/local-projects/Common-macros/Common-macro-definitions/defun.lisp" (written 18 MAY 2026 11:54:42 AM):

; wrote /tmp/clamsara-cas-only-native3-zmv7go3l/fasl/sbcl-2.6.8.3-db35d4561-linux-x64/home/iskam/quicklisp/local-projects/Common-macros/Common-macro-definitions/defun-tmpES5DCUFN.fasl
; compilation finished in 0:00:00.002
; compiling file "/home/iskam/quicklisp/local-projects/Common-macros/Common-macro-definitions/defclass.lisp" (written 18 MAY 2026 11:54:42 AM):

; wrote /tmp/clamsara-cas-only-native3-zmv7go3l/fasl/sbcl-2.6.8.3-db35d4561-linux-x64/home/iskam/quicklisp/local-projects/Common-macros/Common-macro-definitions/defclass-tmpDVKOEP6R.fasl
; compilation finished in 0:00:00.002
; compiling file "/home/iskam/quicklisp/local-projects/Common-macros/Common-macro-definitions/defgeneric.lisp" (written 18 MAY 2026 11:54:42 AM):

; wrote /tmp/clamsara-cas-only-native3-zmv7go3l/fasl/sbcl-2.6.8.3-db35d4561-linux-x64/home/iskam/quicklisp/local-projects/Common-macros/Common-macro-definitions/defgeneric-tmp4TWTKS75.fasl
; compilation finished in 0:00:00.003
; compiling file "/home/iskam/quicklisp/local-projects/Common-macros/Common-macro-definitions/declaim.lisp" (written 18 MAY 2026 11:54:42 AM):

; wrote /tmp/clamsara-cas-only-native3-zmv7go3l/fasl/sbcl-2.6.8.3-db35d4561-linux-x64/home/iskam/quicklisp/local-projects/Common-macros/Common-macro-definitions/declaim-tmpXSOQ2I78.fasl
; compilation finished in 0:00:00.003
; compiling file "/home/iskam/quicklisp/local-projects/Common-macros/Common-macro-definitions/ccase.lisp" (written 18 MAY 2026 11:54:42 AM):

; wrote /tmp/clamsara-cas-only-native3-zmv7go3l/fasl/sbcl-2.6.8.3-db35d4561-linux-x64/home/iskam/quicklisp/local-projects/Common-macros/Common-macro-definitions/ccase-tmpUA03GLW1.fasl
; compilation finished in 0:00:00.004
; compiling file "/home/iskam/quicklisp/local-projects/Common-macros/Common-macro-definitions/ctypecase.lisp" (written 18 MAY 2026 11:54:42 AM):

; wrote /tmp/clamsara-cas-only-native3-zmv7go3l/fasl/sbcl-2.6.8.3-db35d4561-linux-x64/home/iskam/quicklisp/local-projects/Common-macros/Common-macro-definitions/ctypecase-tmpO0OW34V4.fasl
; compilation finished in 0:00:00.004
; compiling file "/home/iskam/quicklisp/local-projects/Common-macros/Common-macro-definitions/decf.lisp" (written 18 MAY 2026 11:54:42 AM):

; wrote /tmp/clamsara-cas-only-native3-zmv7go3l/fasl/sbcl-2.6.8.3-db35d4561-linux-x64/home/iskam/quicklisp/local-projects/Common-macros/Common-macro-definitions/decf-tmpU8KQLETJ.fasl
; compilation finished in 0:00:00.004
; compiling file "/home/iskam/quicklisp/local-projects/Common-macros/Common-macro-definitions/incf.lisp" (written 18 MAY 2026 11:54:42 AM):

; wrote /tmp/clamsara-cas-only-native3-zmv7go3l/fasl/sbcl-2.6.8.3-db35d4561-linux-x64/home/iskam/quicklisp/local-projects/Common-macros/Common-macro-definitions/incf-tmpLBWGBOTB.fasl
; compilation finished in 0:00:00.003
; compiling file "/home/iskam/quicklisp/local-projects/Common-macros/Common-macro-definitions/pop.lisp" (written 18 MAY 2026 11:54:42 AM):

; wrote /tmp/clamsara-cas-only-native3-zmv7go3l/fasl/sbcl-2.6.8.3-db35d4561-linux-x64/home/iskam/quicklisp/local-projects/Common-macros/Common-macro-definitions/pop-tmpRX2XGI9U.fasl
; compilation finished in 0:00:00.003
; compiling file "/home/iskam/quicklisp/local-projects/Common-macros/Common-macro-definitions/psetf.lisp" (written 18 MAY 2026 11:54:42 AM):

; wrote /tmp/clamsara-cas-only-native3-zmv7go3l/fasl/sbcl-2.6.8.3-db35d4561-linux-x64/home/iskam/quicklisp/local-projects/Common-macros/Common-macro-definitions/psetf-tmpT2A3PQL9.fasl
; compilation finished in 0:00:00.009
; compiling file "/home/iskam/quicklisp/local-projects/Common-macros/Common-macro-definitions/push.lisp" (written 18 MAY 2026 11:54:42 AM):

; wrote /tmp/clamsara-cas-only-native3-zmv7go3l/fasl/sbcl-2.6.8.3-db35d4561-linux-x64/home/iskam/quicklisp/local-projects/Common-macros/Common-macro-definitions/push-tmpOVHYA3BO.fasl
; compilation finished in 0:00:00.004
; compiling file "/home/iskam/quicklisp/local-projects/Common-macros/Common-macro-definitions/pushnew.lisp" (written 18 MAY 2026 11:54:42 AM):

; wrote /tmp/clamsara-cas-only-native3-zmv7go3l/fasl/sbcl-2.6.8.3-db35d4561-linux-x64/home/iskam/quicklisp/local-projects/Common-macros/Common-macro-definitions/pushnew-tmpLT3TYWCE.fasl
; compilation finished in 0:00:00.008
; compiling file "/home/iskam/quicklisp/local-projects/Common-macros/Common-macro-definitions/remf.lisp" (written 18 MAY 2026 11:54:42 AM):

; wrote /tmp/clamsara-cas-only-native3-zmv7go3l/fasl/sbcl-2.6.8.3-db35d4561-linux-x64/home/iskam/quicklisp/local-projects/Common-macros/Common-macro-definitions/remf-tmp3YF2HENI.fasl
; compilation finished in 0:00:00.006
; compiling file "/home/iskam/quicklisp/local-projects/Common-macros/Common-macro-definitions/rotatef.lisp" (written 18 MAY 2026 11:54:42 AM):

; wrote /tmp/clamsara-cas-only-native3-zmv7go3l/fasl/sbcl-2.6.8.3-db35d4561-linux-x64/home/iskam/quicklisp/local-projects/Common-macros/Common-macro-definitions/rotatef-tmp9EEV8FN4.fasl
; compilation finished in 0:00:00.011
; compiling file "/home/iskam/quicklisp/local-projects/Common-macros/Common-macro-definitions/setf.lisp" (written 18 MAY 2026 11:54:42 AM):

; wrote /tmp/clamsara-cas-only-native3-zmv7go3l/fasl/sbcl-2.6.8.3-db35d4561-linux-x64/home/iskam/quicklisp/local-projects/Common-macros/Common-macro-definitions/setf-tmpDK25NJJO.fasl
; compilation finished in 0:00:00.004
; compiling file "/home/iskam/quicklisp/local-projects/Common-macros/Common-macro-definitions/shiftf.lisp" (written 18 MAY 2026 11:54:42 AM):

; wrote /tmp/clamsara-cas-only-native3-zmv7go3l/fasl/sbcl-2.6.8.3-db35d4561-linux-x64/home/iskam/quicklisp/local-projects/Common-macros/Common-macro-definitions/shiftf-tmpNMZ5RT9R.fasl
; compilation finished in 0:00:00.015
; compiling file "/home/iskam/quicklisp/local-projects/Common-macros/Common-macro-definitions/define-modify-macro.lisp" (written 18 MAY 2026 11:54:42 AM):

; wrote /tmp/clamsara-cas-only-native3-zmv7go3l/fasl/sbcl-2.6.8.3-db35d4561-linux-x64/home/iskam/quicklisp/local-projects/Common-macros/Common-macro-definitions/define-modify-macro-tmp8K51P1O1.fasl
; compilation finished in 0:00:00.005
; compiling file "/home/iskam/quicklisp/local-projects/closer-mop/closer-mop-packages.lisp" (written 28 AUG 2026 11:05:22 PM):

; wrote /tmp/clamsara-cas-only-native3-zmv7go3l/fasl/sbcl-2.6.8.3-db35d4561-linux-x64/home/iskam/quicklisp/local-projects/closer-mop/closer-mop-packages-tmpXAVJ8WEV.fasl
; compilation finished in 0:00:00.054
; compiling file "/home/iskam/quicklisp/local-projects/closer-mop/closer-mop-shared.lisp" (written 29 AUG 2026 03:23:51 AM):

; file: /home/iskam/quicklisp/local-projects/closer-mop/closer-mop-shared.lisp
; in: DEFUN GET-EMF
;     (SUBSEQ CLOSER-MOP::ARGS 0 CLOSER-MOP::NOF-REQUIRED-ARGS)
; 
; note: unable to
;   optimize
; due to type uncertainty:
;   The first argument is a SEQUENCE, not a VECTOR.
; 
; note: unable to
;   optimize
; due to type uncertainty:
;   The first argument is a SEQUENCE, not a LIST.
; 
; note: unable to
;   optimize
; due to type uncertainty:
;   The first argument is a SEQUENCE, not a SB-KERNEL:EXTENDED-SEQUENCE.

; in: DEFUN ONLY-STANDARD-METHODS
;     (TYPEP CLOSER-MOP::GF SB-MOP:SPECIALIZER)
; 
; note: unable to optimize because: can't open-code test of non-constant type

;     (EQL (SB-MOP:EQL-SPECIALIZER-OBJECT SB-MOP:SPECIALIZER) CLOSER-MOP::GF)
; 
; note: forced to do IF-EQL (cost 15)
;       unable to do inline float comparison (cost 4) because:
;       The first argument is a T, not a SINGLE-FLOAT.
;       The second argument is a T, not a SINGLE-FLOAT.
;       unable to do inline float comparison (cost 4) because:
;       The first argument is a T, not a DOUBLE-FLOAT.
;       The second argument is a T, not a DOUBLE-FLOAT.
;       etc.

; in: DEFUN METHODS-ALL-THE-SAME-SPECIALIZERS
;     (EQL (SB-MOP:EQL-SPECIALIZER-OBJECT CLOSER-MOP::SPEC1)
;          (SB-MOP:EQL-SPECIALIZER-OBJECT CLOSER-MOP::SPEC2))
; 
; note: forced to do IF-EQL (cost 15)
;       unable to do inline float comparison (cost 4) because:
;       The first argument is a T, not a SINGLE-FLOAT.
;       The second argument is a T, not a SINGLE-FLOAT.
;       unable to do inline float comparison (cost 4) because:
;       The first argument is a T, not a DOUBLE-FLOAT.
;       The second argument is a T, not a DOUBLE-FLOAT.
;       etc.

; in: DEFUN COMPUTE-DISCRIMINATOR
;     (FUNCALL CLOSER-MOP::COMPUTE-NATIVE-DISCRIMINATOR)
; 
; note: unable to
;   optimize away possible call to FDEFINITION at runtime
; because:
;   COMPUTE-NATIVE-DISCRIMINATOR is not known to be a function

;     (TYPEP CLOSER-MOP::ARG CLOSER-MOP::SPEC)
; 
; note: unable to optimize because: can't open-code test of non-constant type

;     (FUNCALL CLOSER-MOP::COMPUTE-NATIVE-DISCRIMINATOR)
; 
; note: unable to
;   optimize away possible call to FDEFINITION at runtime
; because:
;   COMPUTE-NATIVE-DISCRIMINATOR is not known to be a function

;     (EQL CLOSER-MOP::ARG (SB-MOP:EQL-SPECIALIZER-OBJECT CLOSER-MOP::SPEC))
; 
; note: forced to do IF-EQL (cost 15)
;       unable to do inline float comparison (cost 4) because:
;       The first argument is a T, not a SINGLE-FLOAT.
;       The second argument is a T, not a SINGLE-FLOAT.
;       unable to do inline float comparison (cost 4) because:
;       The first argument is a T, not a DOUBLE-FLOAT.
;       The second argument is a T, not a DOUBLE-FLOAT.
;       etc.


; wrote /tmp/clamsara-cas-only-native3-zmv7go3l/fasl/sbcl-2.6.8.3-db35d4561-linux-x64/home/iskam/quicklisp/local-projects/closer-mop/closer-mop-shared-tmpOZHFIU2N.fasl
; compilation finished in 0:00:00.056
; compiling file "/home/iskam/quicklisp/local-projects/closer-mop/closer-sbcl.lisp" (written 28 AUG 2026 11:05:22 PM):

; wrote /tmp/clamsara-cas-only-native3-zmv7go3l/fasl/sbcl-2.6.8.3-db35d4561-linux-x64/home/iskam/quicklisp/local-projects/closer-mop/closer-sbcl-tmpJD9SCIW3.fasl
; compilation finished in 0:00:00.001
; compiling file "/home/iskam/quicklisp/local-projects/alexandria/alexandria-1/package.lisp" (written 19 MAY 2026 08:15:21 PM):

; wrote /tmp/clamsara-cas-only-native3-zmv7go3l/fasl/sbcl-2.6.8.3-db35d4561-linux-x64/home/iskam/quicklisp/local-projects/alexandria/alexandria-1/package-tmpICVK4HSI.fasl
; compilation finished in 0:00:00.002
; compiling file "/home/iskam/quicklisp/local-projects/alexandria/alexandria-1/definitions.lisp" (written 19 MAY 2026 08:15:21 PM):

; wrote /tmp/clamsara-cas-only-native3-zmv7go3l/fasl/sbcl-2.6.8.3-db35d4561-linux-x64/home/iskam/quicklisp/local-projects/alexandria/alexandria-1/definitions-tmpA5CK3QHN.fasl
; compilation finished in 0:00:00.003
; compiling file "/home/iskam/quicklisp/local-projects/alexandria/alexandria-1/binding.lisp" (written 19 MAY 2026 08:15:21 PM):

; wrote /tmp/clamsara-cas-only-native3-zmv7go3l/fasl/sbcl-2.6.8.3-db35d4561-linux-x64/home/iskam/quicklisp/local-projects/alexandria/alexandria-1/binding-tmp5KE6HXAY.fasl
; compilation finished in 0:00:00.007
; compiling file "/home/iskam/quicklisp/local-projects/alexandria/alexandria-1/strings.lisp" (written 19 MAY 2026 08:15:21 PM):

; wrote /tmp/clamsara-cas-only-native3-zmv7go3l/fasl/sbcl-2.6.8.3-db35d4561-linux-x64/home/iskam/quicklisp/local-projects/alexandria/alexandria-1/strings-tmp5UBS1APN.fasl
; compilation finished in 0:00:00.001
; compiling file "/home/iskam/quicklisp/local-projects/alexandria/alexandria-1/conditions.lisp" (written 19 MAY 2026 08:15:21 PM):

; wrote /tmp/clamsara-cas-only-native3-zmv7go3l/fasl/sbcl-2.6.8.3-db35d4561-linux-x64/home/iskam/quicklisp/local-projects/alexandria/alexandria-1/conditions-tmpSI9E4AQB.fasl
; compilation finished in 0:00:00.009
; compiling file "/home/iskam/quicklisp/local-projects/alexandria/alexandria-1/symbols.lisp" (written 19 MAY 2026 08:15:21 PM):

; wrote /tmp/clamsara-cas-only-native3-zmv7go3l/fasl/sbcl-2.6.8.3-db35d4561-linux-x64/home/iskam/quicklisp/local-projects/alexandria/alexandria-1/symbols-tmpID7X8UGC.fasl
; compilation finished in 0:00:00.006
; compiling file "/home/iskam/quicklisp/local-projects/alexandria/alexandria-1/macros.lisp" (written 19 MAY 2026 08:15:21 PM):

; wrote /tmp/clamsara-cas-only-native3-zmv7go3l/fasl/sbcl-2.6.8.3-db35d4561-linux-x64/home/iskam/quicklisp/local-projects/alexandria/alexandria-1/macros-tmpFYN8G5D1.fasl
; compilation finished in 0:00:00.042
; compiling file "/home/iskam/quicklisp/local-projects/alexandria/alexandria-1/functions.lisp" (written 19 MAY 2026 08:15:21 PM):

; wrote /tmp/clamsara-cas-only-native3-zmv7go3l/fasl/sbcl-2.6.8.3-db35d4561-linux-x64/home/iskam/quicklisp/local-projects/alexandria/alexandria-1/functions-tmpG1VNK6NW.fasl
; compilation finished in 0:00:00.022
; compiling file "/home/iskam/quicklisp/local-projects/alexandria/alexandria-1/lists.lisp" (written 19 MAY 2026 08:15:21 PM):

; wrote /tmp/clamsara-cas-only-native3-zmv7go3l/fasl/sbcl-2.6.8.3-db35d4561-linux-x64/home/iskam/quicklisp/local-projects/alexandria/alexandria-1/lists-tmpV4YWE7CS.fasl
; compilation finished in 0:00:00.047
; compiling file "/home/iskam/quicklisp/local-projects/alexandria/alexandria-1/types.lisp" (written 19 MAY 2026 08:15:21 PM):

; wrote /tmp/clamsara-cas-only-native3-zmv7go3l/fasl/sbcl-2.6.8.3-db35d4561-linux-x64/home/iskam/quicklisp/local-projects/alexandria/alexandria-1/types-tmpC487WU3K.fasl
; compilation finished in 0:00:00.032
; compiling file "/home/iskam/quicklisp/local-projects/alexandria/alexandria-1/io.lisp" (written 19 MAY 2026 08:15:21 PM):

; wrote /tmp/clamsara-cas-only-native3-zmv7go3l/fasl/sbcl-2.6.8.3-db35d4561-linux-x64/home/iskam/quicklisp/local-projects/alexandria/alexandria-1/io-tmpKMQH3GP.fasl
; compilation finished in 0:00:00.057
; compiling file "/home/iskam/quicklisp/local-projects/alexandria/alexandria-1/hash-tables.lisp" (written 19 MAY 2026 08:15:21 PM):

; wrote /tmp/clamsara-cas-only-native3-zmv7go3l/fasl/sbcl-2.6.8.3-db35d4561-linux-x64/home/iskam/quicklisp/local-projects/alexandria/alexandria-1/hash-tables-tmp8N0WO2QA.fasl
; compilation finished in 0:00:00.023
; compiling file "/home/iskam/quicklisp/local-projects/alexandria/alexandria-1/control-flow.lisp" (written 19 MAY 2026 08:15:21 PM):

; wrote /tmp/clamsara-cas-only-native3-zmv7go3l/fasl/sbcl-2.6.8.3-db35d4561-linux-x64/home/iskam/quicklisp/local-projects/alexandria/alexandria-1/control-flow-tmpZ9QI367A.fasl
; compilation finished in 0:00:00.020
; compiling file "/home/iskam/quicklisp/local-projects/alexandria/alexandria-1/arrays.lisp" (written 19 MAY 2026 08:15:21 PM):

; wrote /tmp/clamsara-cas-only-native3-zmv7go3l/fasl/sbcl-2.6.8.3-db35d4561-linux-x64/home/iskam/quicklisp/local-projects/alexandria/alexandria-1/arrays-tmpRD10QMAI.fasl
; compilation finished in 0:00:00.007
; compiling file "/home/iskam/quicklisp/local-projects/alexandria/alexandria-1/sequences.lisp" (written 19 MAY 2026 08:15:21 PM):

; file: /home/iskam/quicklisp/local-projects/alexandria/alexandria-1/sequences.lisp
; in: DEFUN LENGTH=
;     (LENGTH FIRST)
; 
; note: unable to
;   optimize
; due to type uncertainty:
;   The first argument is a SEQUENCE, not a VECTOR.


; wrote /tmp/clamsara-cas-only-native3-zmv7go3l/fasl/sbcl-2.6.8.3-db35d4561-linux-x64/home/iskam/quicklisp/local-projects/alexandria/alexandria-1/sequences-tmp2L2R3A8M.fasl
; compilation finished in 0:00:00.068
; compiling file "/home/iskam/quicklisp/local-projects/alexandria/alexandria-1/numbers.lisp" (written 19 MAY 2026 08:15:21 PM):

; wrote /tmp/clamsara-cas-only-native3-zmv7go3l/fasl/sbcl-2.6.8.3-db35d4561-linux-x64/home/iskam/quicklisp/local-projects/alexandria/alexandria-1/numbers-tmp1CJ2OZ96.fasl
; compilation finished in 0:00:00.066
; compiling file "/home/iskam/quicklisp/local-projects/alexandria/alexandria-1/features.lisp" (written 19 MAY 2026 08:15:21 PM):

; wrote /tmp/clamsara-cas-only-native3-zmv7go3l/fasl/sbcl-2.6.8.3-db35d4561-linux-x64/home/iskam/quicklisp/local-projects/alexandria/alexandria-1/features-tmpDKS9KGUG.fasl
; compilation finished in 0:00:00.003
; compiling file "/home/iskam/quicklisp/local-projects/alexandria/alexandria-2/package.lisp" (written 19 MAY 2026 08:15:21 PM):

; wrote /tmp/clamsara-cas-only-native3-zmv7go3l/fasl/sbcl-2.6.8.3-db35d4561-linux-x64/home/iskam/quicklisp/local-projects/alexandria/alexandria-2/package-tmp3E37X9HX.fasl
; compilation finished in 0:00:00.004
; compiling file "/home/iskam/quicklisp/local-projects/alexandria/alexandria-2/arrays.lisp" (written 19 MAY 2026 08:15:21 PM):

; wrote /tmp/clamsara-cas-only-native3-zmv7go3l/fasl/sbcl-2.6.8.3-db35d4561-linux-x64/home/iskam/quicklisp/local-projects/alexandria/alexandria-2/arrays-tmpXPWOLC8S.fasl
; compilation finished in 0:00:00.008
; compiling file "/home/iskam/quicklisp/local-projects/alexandria/alexandria-2/control-flow.lisp" (written 19 MAY 2026 08:15:21 PM):

; wrote /tmp/clamsara-cas-only-native3-zmv7go3l/fasl/sbcl-2.6.8.3-db35d4561-linux-x64/home/iskam/quicklisp/local-projects/alexandria/alexandria-2/control-flow-tmpUSWNVC8E.fasl
; compilation finished in 0:00:00.003
; compiling file "/home/iskam/quicklisp/local-projects/alexandria/alexandria-2/sequences.lisp" (written 19 MAY 2026 08:15:21 PM):

; wrote /tmp/clamsara-cas-only-native3-zmv7go3l/fasl/sbcl-2.6.8.3-db35d4561-linux-x64/home/iskam/quicklisp/local-projects/alexandria/alexandria-2/sequences-tmp68FKQK8H.fasl
; compilation finished in 0:00:00.001
; compiling file "/home/iskam/quicklisp/local-projects/alexandria/alexandria-2/lists.lisp" (written 19 MAY 2026 08:15:21 PM):

; wrote /tmp/clamsara-cas-only-native3-zmv7go3l/fasl/sbcl-2.6.8.3-db35d4561-linux-x64/home/iskam/quicklisp/local-projects/alexandria/alexandria-2/lists-tmpMU3D23G2.fasl
; compilation finished in 0:00:00.002
; compiling file "/home/iskam/quicklisp/dists/quicklisp/software/trivial-features-20250622-git/src/tf-sbcl.lisp" (written 05 AUG 2026 11:10:44 AM):

; wrote /tmp/clamsara-cas-only-native3-zmv7go3l/fasl/sbcl-2.6.8.3-db35d4561-linux-x64/home/iskam/quicklisp/dists/quicklisp/software/trivial-features-20250622-git/src/tf-sbcl-tmpP7RRFRW4.fasl
; compilation finished in 0:00:00.003
; compiling file "/home/iskam/quicklisp/dists/quicklisp/software/quaviver-20260101-git/code/packages.lisp" (written 20 MAY 2026 03:37:16 PM):

; wrote /tmp/clamsara-cas-only-native3-zmv7go3l/fasl/sbcl-2.6.8.3-db35d4561-linux-x64/home/iskam/quicklisp/dists/quicklisp/software/quaviver-20260101-git/code/packages-tmp11AFZINB.fasl
; compilation finished in 0:00:00.002
; compiling file "/home/iskam/quicklisp/dists/quicklisp/software/quaviver-20260101-git/code/condition/utility.lisp" (written 20 MAY 2026 03:37:16 PM):

; wrote /tmp/clamsara-cas-only-native3-zmv7go3l/fasl/sbcl-2.6.8.3-db35d4561-linux-x64/home/iskam/quicklisp/dists/quicklisp/software/quaviver-20260101-git/code/condition/utility-tmpN84Z1F4D.fasl
; compilation finished in 0:00:00.009
; compiling file "/home/iskam/quicklisp/dists/quicklisp/software/quaviver-20260101-git/code/condition/parse-error.lisp" (written 20 MAY 2026 03:37:16 PM):

; wrote /tmp/clamsara-cas-only-native3-zmv7go3l/fasl/sbcl-2.6.8.3-db35d4561-linux-x64/home/iskam/quicklisp/dists/quicklisp/software/quaviver-20260101-git/code/condition/parse-error-tmpHX0IAQ8A.fasl
; compilation finished in 0:00:00.013
; compiling file "/home/iskam/quicklisp/dists/quicklisp/software/quaviver-20260101-git/code/interface.lisp" (written 20 MAY 2026 03:37:16 PM):

; wrote /tmp/clamsara-cas-only-native3-zmv7go3l/fasl/sbcl-2.6.8.3-db35d4561-linux-x64/home/iskam/quicklisp/dists/quicklisp/software/quaviver-20260101-git/code/interface-tmp8MQVZGT.fasl
; compilation finished in 0:00:00.023
; compiling file "/home/iskam/quicklisp/dists/quicklisp/software/quaviver-20260101-git/code/traits.lisp" (written 20 MAY 2026 03:37:16 PM):

; wrote /tmp/clamsara-cas-only-native3-zmv7go3l/fasl/sbcl-2.6.8.3-db35d4561-linux-x64/home/iskam/quicklisp/dists/quicklisp/software/quaviver-20260101-git/code/traits-tmp88LUAVGW.fasl
; compilation finished in 0:00:00.034
; compiling file "/home/iskam/quicklisp/dists/quicklisp/software/quaviver-20260101-git/code/external-traits.lisp" (written 20 MAY 2026 03:37:16 PM):

; wrote /tmp/clamsara-cas-only-native3-zmv7go3l/fasl/sbcl-2.6.8.3-db35d4561-linux-x64/home/iskam/quicklisp/dists/quicklisp/software/quaviver-20260101-git/code/external-traits-tmpM5RP096T.fasl
; compilation finished in 0:00:00.089
; compiling file "/home/iskam/quicklisp/dists/quicklisp/software/quaviver-20260101-git/code/math/log-expt.lisp" (written 20 MAY 2026 03:37:16 PM):

; wrote /tmp/clamsara-cas-only-native3-zmv7go3l/fasl/sbcl-2.6.8.3-db35d4561-linux-x64/home/iskam/quicklisp/dists/quicklisp/software/quaviver-20260101-git/code/math/log-expt-tmpRHTB3TH1.fasl
; compilation finished in 0:00:00.028
; compiling file "/home/iskam/quicklisp/dists/quicklisp/software/quaviver-20260101-git/code/math/utility.lisp" (written 20 MAY 2026 03:37:16 PM):

; wrote /tmp/clamsara-cas-only-native3-zmv7go3l/fasl/sbcl-2.6.8.3-db35d4561-linux-x64/home/iskam/quicklisp/dists/quicklisp/software/quaviver-20260101-git/code/math/utility-tmp4YJPLPB8.fasl
; compilation finished in 0:00:00.012
; compiling file "/home/iskam/quicklisp/dists/quicklisp/software/quaviver-20260101-git/code/math/count-digits.lisp" (written 20 MAY 2026 03:37:16 PM):

; file: /home/iskam/quicklisp/dists/quicklisp/software/quaviver-20260101-git/code/math/count-digits.lisp
; in: DEFUN COUNT-DIGITS
;     (LENGTH QUAVIVER.MATH::TABLE)
; 
; note: unable to
;   optimize
; due to type uncertainty:
;   The first argument is a SEQUENCE, not a VECTOR.

;     (< COUNT (LENGTH QUAVIVER.MATH::TABLE))
; 
; note: unable to
;   open-code FLOAT to RATIONAL comparison
; due to type uncertainty:
;   The first argument is a REAL, not a SINGLE-FLOAT.
; 
; note: unable to
;   open-code FLOAT to RATIONAL comparison
; due to type uncertainty:
;   The first argument is a REAL, not a DOUBLE-FLOAT.

;     (EXPT QUAVIVER.MATH::BASE COUNT)
; 
; note: unable to
;   optimize
; due to type uncertainty:
;   The second argument is a (OR (FLOAT 0.0) (RATIONAL 0)), not a INTEGER.

;     (INTEGER-LENGTH QUAVIVER.MATH::VALUE)
; 
; note: forced to do full call
;       unable to do inline positive fixnum integer-length (cost 24) because:
;       The first argument is a UNSIGNED-BYTE, not a (UNSIGNED-BYTE 62).
;       unable to do inline fixnum integer-length (cost 25) because:
;       The first argument is a UNSIGNED-BYTE, not a FIXNUM.
;       etc.

;     (< COUNT (LENGTH QUAVIVER.MATH::TABLE))
; 
; note: forced to do GENERIC-< (cost 10)
;       unable to do inline fixnum comparison (cost 4) because:
;       The first argument is a T, not a FIXNUM.

;     (< QUAVIVER.MATH::VALUE
;        (LET ((QUAVIVER.MATH::TABLE (SVREF QUAVIVER.MATH::*COUNT-DIGITS-TABLE* #)))
;          (IF (< COUNT (LENGTH QUAVIVER.MATH::TABLE))
;              (SVREF QUAVIVER.MATH::TABLE COUNT)
;              (EXPT QUAVIVER.MATH::BASE COUNT))))
; 
; note: forced to do GENERIC-< (cost 10)
;       unable to do inline fixnum comparison (cost 4) because:
;       The first argument is a UNSIGNED-BYTE, not a FIXNUM.
;       The second argument is a T, not a FIXNUM.

;     (DEFUN QUAVIVER.MATH:COUNT-DIGITS (QUAVIVER.MATH::BASE QUAVIVER.MATH::VALUE)
;       (DECLARE (OPTIMIZE SPEED))
;       (LET ((QUAVIVER.MATH::LEN (INTEGER-LENGTH QUAVIVER.MATH::VALUE)))
;         (COND ((ZEROP QUAVIVER.MATH::LEN) 1)
;               ((EQL QUAVIVER.MATH::BASE 2) QUAVIVER.MATH::LEN)
;               ((= # 1) (VALUES #)) (T (MULTIPLE-VALUE-BIND # # #)))))
; --> SB-IMPL::%DEFUN SB-IMPL::%DEFUN SB-INT:NAMED-LAMBDA FUNCTION 
; --> SB-C::%FUNCALL 
; ==>
;   1
; 
; note: forced to do <-INTEGER-FIXNUM (cost 8)
;       unable to do inline fixnum comparison (cost 3) because:
;       The first argument is a INTEGER, not a FIXNUM.


; wrote /tmp/clamsara-cas-only-native3-zmv7go3l/fasl/sbcl-2.6.8.3-db35d4561-linux-x64/home/iskam/quicklisp/dists/quicklisp/software/quaviver-20260101-git/code/math/count-digits-tmp6202QBVV.fasl
; compilation finished in 0:00:00.008
; compiling file "/home/iskam/quicklisp/dists/quicklisp/software/quaviver-20260101-git/code/math/implementation.lisp" (written 20 MAY 2026 03:37:16 PM):

; wrote /tmp/clamsara-cas-only-native3-zmv7go3l/fasl/sbcl-2.6.8.3-db35d4561-linux-x64/home/iskam/quicklisp/dists/quicklisp/software/quaviver-20260101-git/code/math/implementation-tmp8COQHEZO.fasl
; compilation finished in 0:00:00.034
; compiling file "/home/iskam/quicklisp/dists/quicklisp/software/quaviver-20260101-git/code/math/expt.lisp" (written 20 MAY 2026 03:37:16 PM):

; wrote /tmp/clamsara-cas-only-native3-zmv7go3l/fasl/sbcl-2.6.8.3-db35d4561-linux-x64/home/iskam/quicklisp/dists/quicklisp/software/quaviver-20260101-git/code/math/expt-tmpQYBBS7QC.fasl
; compilation finished in 0:00:00.024
; compiling file "/home/iskam/quicklisp/dists/quicklisp/software/quaviver-20260101-git/code/math/round-to-odd.lisp" (written 20 MAY 2026 03:37:16 PM):

; wrote /tmp/clamsara-cas-only-native3-zmv7go3l/fasl/sbcl-2.6.8.3-db35d4561-linux-x64/home/iskam/quicklisp/dists/quicklisp/software/quaviver-20260101-git/code/math/round-to-odd-tmpAMQ7AMSJ.fasl
; compilation finished in 0:00:00.019
; compiling file "/home/iskam/quicklisp/dists/quicklisp/software/quaviver-20260101-git/code/bits-primitive-triple-form.lisp" (written 20 MAY 2026 03:37:16 PM):

; wrote /tmp/clamsara-cas-only-native3-zmv7go3l/fasl/sbcl-2.6.8.3-db35d4561-linux-x64/home/iskam/quicklisp/dists/quicklisp/software/quaviver-20260101-git/code/bits-primitive-triple-form-tmpQSC8Z7I4.fasl
; compilation finished in 0:00:00.004
; compiling file "/home/iskam/quicklisp/dists/quicklisp/software/quaviver-20260101-git/code/bits-primitive-triple.lisp" (written 20 MAY 2026 03:37:16 PM):

; wrote /tmp/clamsara-cas-only-native3-zmv7go3l/fasl/sbcl-2.6.8.3-db35d4561-linux-x64/home/iskam/quicklisp/dists/quicklisp/software/quaviver-20260101-git/code/bits-primitive-triple-tmpNGMCS43U.fasl
; compilation finished in 0:00:00.029
; compiling file "/home/iskam/quicklisp/dists/quicklisp/software/quaviver-20260101-git/code/primitive-triple-bits-form.lisp" (written 20 MAY 2026 03:37:16 PM):

; wrote /tmp/clamsara-cas-only-native3-zmv7go3l/fasl/sbcl-2.6.8.3-db35d4561-linux-x64/home/iskam/quicklisp/dists/quicklisp/software/quaviver-20260101-git/code/primitive-triple-bits-form-tmp5EM0MAXI.fasl
; compilation finished in 0:00:00.005
; compiling file "/home/iskam/quicklisp/dists/quicklisp/software/quaviver-20260101-git/code/primitive-triple-bits.lisp" (written 20 MAY 2026 03:37:16 PM):

; file: /home/iskam/quicklisp/dists/quicklisp/software/quaviver-20260101-git/code/primitive-triple-bits.lisp
; in: DEFMETHOD PRIMITIVE-TRIPLE-BITS ((EQL :BFLOAT16) T T T)
;     (QUAVIVER::%PRIMITIVE-TRIPLE-BITS :BFLOAT16 QUAVIVER::SIGNIFICAND
;                                       QUAVIVER::EXPONENT QUAVIVER::SIGN)
; --> COND IF PROGN ECASE COND IF IF IF SETF SB-C::WITH-SOURCE-FORM LDB LET* IF 
; --> ZEROP 
; ==>
;   1
; 
; note: unable to
;   open-code FLOAT to RATIONAL comparison
; due to type uncertainty:
;   The first argument is a NUMBER, not a SINGLE-FLOAT.
; 
; note: unable to
;   open-code FLOAT to RATIONAL comparison
; due to type uncertainty:
;   The first argument is a NUMBER, not a DOUBLE-FLOAT.
; 
; note: unable to
;   open-code FLOAT to RATIONAL comparison
; due to type uncertainty:
;   The first argument is a NUMBER, not a (COMPLEX SINGLE-FLOAT).
; 
; note: unable to
;   open-code FLOAT to RATIONAL comparison
; due to type uncertainty:
;   The first argument is a NUMBER, not a (COMPLEX DOUBLE-FLOAT).
; 
; note: unable to open code because: The operands might not be the same type.

; --> COND IF OR LET ZEROP 
; ==>
;   1
; 
; note: unable to
;   open-code FLOAT to RATIONAL comparison
; due to type uncertainty:
;   The first argument is a NUMBER, not a SINGLE-FLOAT.
; 
; note: unable to
;   open-code FLOAT to RATIONAL comparison
; due to type uncertainty:
;   The first argument is a NUMBER, not a DOUBLE-FLOAT.
; 
; note: unable to
;   open-code FLOAT to RATIONAL comparison
; due to type uncertainty:
;   The first argument is a NUMBER, not a (COMPLEX SINGLE-FLOAT).
; 
; note: unable to
;   open-code FLOAT to RATIONAL comparison
; due to type uncertainty:
;   The first argument is a NUMBER, not a (COMPLEX DOUBLE-FLOAT).
; 
; note: unable to open code because: The operands might not be the same type.

; --> COND IF OR LET IF IF IF THE LET* - 
; ==>
;   (INTEGER-LENGTH QUAVIVER::SIGNIFICAND)
; 
; note: forced to do full call
;       unable to do inline positive fixnum integer-length (cost 24) because:
;       The first argument is a NUMBER, not a (UNSIGNED-BYTE 62).
;       unable to do inline fixnum integer-length (cost 25) because:
;       The first argument is a NUMBER, not a FIXNUM.
;       etc.

; --> COND IF OR LET IF IF IF THE LET* 
; ==>
;   (ASH QUAVIVER::SIGNIFICAND QUAVIVER::SHIFT)
; 
; note: forced to do full call
;       unable to do inline ASH (cost 3) because:
;       The first argument is a INTEGER, not a FIXNUM.
;       The second argument is a (INTEGER -274877906935 8), not a (UNSIGNED-BYTE
;                                                                  64).
;       The result is a (VALUES INTEGER &OPTIONAL), not a (VALUES FIXNUM
;                                                                 &OPTIONAL).
;       unable to do inline ASH (cost 4) because:
;       The first argument is a INTEGER, not a (UNSIGNED-BYTE 64).
;       The second argument is a (INTEGER -274877906935 8), not a (UNSIGNED-BYTE
;                                                                  62).
;       The result is a (VALUES INTEGER &OPTIONAL), not a (VALUES
;                                                          (UNSIGNED-BYTE 64)
;                                                          &OPTIONAL).
;       etc.

; --> COND IF PROGN ECASE COND IF IF SETF PROGN SETF SB-C::WITH-SOURCE-FORM LDB 
; --> LET* SETQ THE DPB 
; ==>
;   1
; 
; note: forced to do LOGAND-WORD-MASK/INTEGER-UNSIGNED-C (cost 10)
;       unable to do inline fixnum arithmetic (cost 1) because:
;       The first argument is a T, not a FIXNUM.
;       unable to do inline fixnum arithmetic (cost 2) because:
;       The first argument is a T, not a FIXNUM.
;       etc.

; --> COND IF PROGN ECASE COND IF IF IF SETF SB-C::WITH-SOURCE-FORM LDB LET* 
; --> SETQ THE DPB 
; ==>
;   1
; 
; note: forced to do LOGAND-WORD-MASK/INTEGER-UNSIGNED-C (cost 10)
;       unable to do inline fixnum arithmetic (cost 1) because:
;       The first argument is a NUMBER, not a FIXNUM.
;       unable to do inline fixnum arithmetic (cost 2) because:
;       The first argument is a NUMBER, not a FIXNUM.
;       etc.

; in: DEFMETHOD PRIMITIVE-TRIPLE-BITS ((EQL :BINARY16) T T T)
;     (QUAVIVER::%PRIMITIVE-TRIPLE-BITS :BINARY16 QUAVIVER::SIGNIFICAND
;                                       QUAVIVER::EXPONENT QUAVIVER::SIGN)
; --> COND IF PROGN ECASE COND IF IF IF SETF SB-C::WITH-SOURCE-FORM LDB LET* IF 
; --> ZEROP 
; ==>
;   1
; 
; note: unable to
;   open-code FLOAT to RATIONAL comparison
; due to type uncertainty:
;   The first argument is a NUMBER, not a SINGLE-FLOAT.
; 
; note: unable to
;   open-code FLOAT to RATIONAL comparison
; due to type uncertainty:
;   The first argument is a NUMBER, not a DOUBLE-FLOAT.
; 
; note: unable to
;   open-code FLOAT to RATIONAL comparison
; due to type uncertainty:
;   The first argument is a NUMBER, not a (COMPLEX SINGLE-FLOAT).
; 
; note: unable to
;   open-code FLOAT to RATIONAL comparison
; due to type uncertainty:
;   The first argument is a NUMBER, not a (COMPLEX DOUBLE-FLOAT).
; 
; note: unable to open code because: The operands might not be the same type.

; --> COND IF OR LET ZEROP 
; ==>
;   1
; 
; note: unable to
;   open-code FLOAT to RATIONAL comparison
; due to type uncertainty:
;   The first argument is a NUMBER, not a SINGLE-FLOAT.
; 
; note: unable to
;   open-code FLOAT to RATIONAL comparison
; due to type uncertainty:
;   The first argument is a NUMBER, not a DOUBLE-FLOAT.
; 
; note: unable to
;   open-code FLOAT to RATIONAL comparison
; due to type uncertainty:
;   The first argument is a NUMBER, not a (COMPLEX SINGLE-FLOAT).
; 
; note: unable to
;   open-code FLOAT to RATIONAL comparison
; due to type uncertainty:
;   The first argument is a NUMBER, not a (COMPLEX DOUBLE-FLOAT).
; 
; note: unable to open code because: The operands might not be the same type.

; --> COND IF OR LET IF IF IF THE LET* - 
; ==>
;   (INTEGER-LENGTH QUAVIVER::SIGNIFICAND)
; 
; note: forced to do full call
;       unable to do inline positive fixnum integer-length (cost 24) because:
;       The first argument is a NUMBER, not a (UNSIGNED-BYTE 62).
;       unable to do inline fixnum integer-length (cost 25) because:
;       The first argument is a NUMBER, not a FIXNUM.
;       etc.

; --> COND IF OR LET IF IF IF THE LET* 
; ==>
;   (ASH QUAVIVER::SIGNIFICAND QUAVIVER::SHIFT)
; 
; note: forced to do full call
;       unable to do inline ASH (cost 3) because:
;       The first argument is a INTEGER, not a FIXNUM.
;       The second argument is a (INTEGER -274877906932 11), not a (UNSIGNED-BYTE
;                                                                   64).
;       The result is a (VALUES INTEGER &OPTIONAL), not a (VALUES FIXNUM
;                                                                 &OPTIONAL).
;       unable to do inline ASH (cost 4) because:
;       The first argument is a INTEGER, not a (UNSIGNED-BYTE 64).
;       The second argument is a (INTEGER -274877906932 11), not a (UNSIGNED-BYTE
;                                                                   62).
;       The result is a (VALUES INTEGER &OPTIONAL), not a (VALUES
;                                                          (UNSIGNED-BYTE 64)
;                                                          &OPTIONAL).
;       etc.

; --> COND IF PROGN ECASE COND IF IF SETF PROGN SETF SB-C::WITH-SOURCE-FORM LDB 
; --> LET* SETQ THE DPB 
; ==>
;   1
; 
; note: forced to do LOGAND-WORD-MASK/INTEGER-UNSIGNED-C (cost 10)
;       unable to do inline fixnum arithmetic (cost 1) because:
;       The first argument is a T, not a FIXNUM.
;       unable to do inline fixnum arithmetic (cost 2) because:
;       The first argument is a T, not a FIXNUM.
;       etc.

; --> COND IF PROGN ECASE COND IF IF IF SETF SB-C::WITH-SOURCE-FORM LDB LET* 
; --> SETQ THE DPB 
; ==>
;   1
; 
; note: forced to do LOGAND-WORD-MASK/INTEGER-UNSIGNED-C (cost 10)
;       unable to do inline fixnum arithmetic (cost 1) because:
;       The first argument is a NUMBER, not a FIXNUM.
;       unable to do inline fixnum arithmetic (cost 2) because:
;       The first argument is a NUMBER, not a FIXNUM.
;       etc.

; in: DEFMETHOD PRIMITIVE-TRIPLE-BITS ((EQL :BINARY32) T T T)
;     (QUAVIVER::%PRIMITIVE-TRIPLE-BITS :BINARY32 QUAVIVER::SIGNIFICAND
;                                       QUAVIVER::EXPONENT QUAVIVER::SIGN)
; --> COND IF PROGN ECASE COND IF IF IF SETF SB-C::WITH-SOURCE-FORM LDB LET* IF 
; --> ZEROP 
; ==>
;   1
; 
; note: unable to
;   open-code FLOAT to RATIONAL comparison
; due to type uncertainty:
;   The first argument is a NUMBER, not a SINGLE-FLOAT.
; 
; note: unable to
;   open-code FLOAT to RATIONAL comparison
; due to type uncertainty:
;   The first argument is a NUMBER, not a DOUBLE-FLOAT.
; 
; note: unable to
;   open-code FLOAT to RATIONAL comparison
; due to type uncertainty:
;   The first argument is a NUMBER, not a (COMPLEX SINGLE-FLOAT).
; 
; note: unable to
;   open-code FLOAT to RATIONAL comparison
; due to type uncertainty:
;   The first argument is a NUMBER, not a (COMPLEX DOUBLE-FLOAT).
; 
; note: unable to open code because: The operands might not be the same type.

; --> COND IF OR LET ZEROP 
; ==>
;   1
; 
; note: unable to
;   open-code FLOAT to RATIONAL comparison
; due to type uncertainty:
;   The first argument is a NUMBER, not a SINGLE-FLOAT.
; 
; note: unable to
;   open-code FLOAT to RATIONAL comparison
; due to type uncertainty:
;   The first argument is a NUMBER, not a DOUBLE-FLOAT.
; 
; note: unable to
;   open-code FLOAT to RATIONAL comparison
; due to type uncertainty:
;   The first argument is a NUMBER, not a (COMPLEX SINGLE-FLOAT).
; 
; note: unable to
;   open-code FLOAT to RATIONAL comparison
; due to type uncertainty:
;   The first argument is a NUMBER, not a (COMPLEX DOUBLE-FLOAT).
; 
; note: unable to open code because: The operands might not be the same type.

; --> COND IF OR LET IF IF IF THE LET* - 
; ==>
;   (INTEGER-LENGTH QUAVIVER::SIGNIFICAND)
; 
; note: forced to do full call
;       unable to do inline positive fixnum integer-length (cost 24) because:
;       The first argument is a NUMBER, not a (UNSIGNED-BYTE 62).
;       unable to do inline fixnum integer-length (cost 25) because:
;       The first argument is a NUMBER, not a FIXNUM.
;       etc.

; --> COND IF OR LET IF IF IF THE LET* 
; ==>
;   (ASH QUAVIVER::SIGNIFICAND QUAVIVER::SHIFT)
; 
; note: forced to do full call
;       unable to do inline ASH (cost 3) because:
;       The first argument is a INTEGER, not a FIXNUM.
;       The second argument is a (INTEGER -274877906919 24), not a (UNSIGNED-BYTE
;                                                                   64).
;       The result is a (VALUES INTEGER &OPTIONAL), not a (VALUES FIXNUM
;                                                                 &OPTIONAL).
;       unable to do inline ASH (cost 4) because:
;       The first argument is a INTEGER, not a (UNSIGNED-BYTE 64).
;       The second argument is a (INTEGER -274877906919 24), not a (UNSIGNED-BYTE
;                                                                   62).
;       The result is a (VALUES INTEGER &OPTIONAL), not a (VALUES
;                                                          (UNSIGNED-BYTE 64)
;                                                          &OPTIONAL).
;       etc.

; --> COND IF PROGN ECASE COND IF IF SETF PROGN SETF SB-C::WITH-SOURCE-FORM LDB 
; --> LET* SETQ THE DPB 
; ==>
;   1
; 
; note: forced to do LOGAND-WORD-MASK/INTEGER-UNSIGNED-C (cost 10)
;       unable to do inline fixnum arithmetic (cost 1) because:
;       The first argument is a T, not a FIXNUM.
;       unable to do inline fixnum arithmetic (cost 2) because:
;       The first argument is a T, not a FIXNUM.
;       etc.

; --> COND IF PROGN ECASE COND IF IF IF SETF SB-C::WITH-SOURCE-FORM LDB LET* 
; --> SETQ THE DPB 
; ==>
;   1
; 
; note: forced to do LOGAND-WORD-MASK/INTEGER-UNSIGNED-C (cost 10)
;       unable to do inline fixnum arithmetic (cost 1) because:
;       The first argument is a NUMBER, not a FIXNUM.
;       unable to do inline fixnum arithmetic (cost 2) because:
;       The first argument is a NUMBER, not a FIXNUM.
;       etc.

; in: DEFMETHOD PRIMITIVE-TRIPLE-BITS ((EQL :BINARY64) T T T)
;     (QUAVIVER::%PRIMITIVE-TRIPLE-BITS :BINARY64 QUAVIVER::SIGNIFICAND
;                                       QUAVIVER::EXPONENT QUAVIVER::SIGN)
; --> COND IF PROGN ECASE COND IF IF IF SETF SB-C::WITH-SOURCE-FORM LDB LET* IF 
; --> ZEROP 
; ==>
;   1
; 
; note: unable to
;   open-code FLOAT to RATIONAL comparison
; due to type uncertainty:
;   The first argument is a NUMBER, not a SINGLE-FLOAT.
; 
; note: unable to
;   open-code FLOAT to RATIONAL comparison
; due to type uncertainty:
;   The first argument is a NUMBER, not a DOUBLE-FLOAT.
; 
; note: unable to
;   open-code FLOAT to RATIONAL comparison
; due to type uncertainty:
;   The first argument is a NUMBER, not a (COMPLEX SINGLE-FLOAT).
; 
; note: unable to
;   open-code FLOAT to RATIONAL comparison
; due to type uncertainty:
;   The first argument is a NUMBER, not a (COMPLEX DOUBLE-FLOAT).
; 
; note: unable to open code because: The operands might not be the same type.

; --> COND IF OR LET ZEROP 
; ==>
;   1
; 
; note: unable to
;   open-code FLOAT to RATIONAL comparison
; due to type uncertainty:
;   The first argument is a NUMBER, not a SINGLE-FLOAT.
; 
; note: unable to
;   open-code FLOAT to RATIONAL comparison
; due to type uncertainty:
;   The first argument is a NUMBER, not a DOUBLE-FLOAT.
; 
; note: unable to
;   open-code FLOAT to RATIONAL comparison
; due to type uncertainty:
;   The first argument is a NUMBER, not a (COMPLEX SINGLE-FLOAT).
; 
; note: unable to
;   open-code FLOAT to RATIONAL comparison
; due to type uncertainty:
;   The first argument is a NUMBER, not a (COMPLEX DOUBLE-FLOAT).
; 
; note: unable to open code because: The operands might not be the same type.

; --> COND IF OR LET IF IF IF THE LET* - 
; ==>
;   (INTEGER-LENGTH QUAVIVER::SIGNIFICAND)
; 
; note: forced to do full call
;       unable to do inline positive fixnum integer-length (cost 24) because:
;       The first argument is a NUMBER, not a (UNSIGNED-BYTE 62).
;       unable to do inline fixnum integer-length (cost 25) because:
;       The first argument is a NUMBER, not a FIXNUM.
;       etc.

; --> COND IF OR LET IF IF IF THE LET* 
; ==>
;   (ASH QUAVIVER::SIGNIFICAND QUAVIVER::SHIFT)
; 
; note: forced to do full call
;       unable to do inline ASH (cost 3) because:
;       The first argument is a INTEGER, not a FIXNUM.
;       The second argument is a (INTEGER -274877906890 53), not a (UNSIGNED-BYTE
;                                                                   64).
;       The result is a (VALUES INTEGER &OPTIONAL), not a (VALUES FIXNUM
;                                                                 &OPTIONAL).
;       unable to do inline ASH (cost 4) because:
;       The first argument is a INTEGER, not a (UNSIGNED-BYTE 64).
;       The second argument is a (INTEGER -274877906890 53), not a (UNSIGNED-BYTE
;                                                                   62).
;       The result is a (VALUES INTEGER &OPTIONAL), not a (VALUES
;                                                          (UNSIGNED-BYTE 64)
;                                                          &OPTIONAL).
;       etc.

; --> COND IF PROGN ECASE COND IF IF SETF PROGN SETF SB-C::WITH-SOURCE-FORM LDB 
; --> LET* SETQ THE DPB 
; ==>
;   1
; 
; note: forced to do LOGAND-WORD-MASK/INTEGER-UNSIGNED (cost 10)
;       unable to do inline fixnum arithmetic (cost 1) because:
;       The first argument is a T, not a FIXNUM.
;       unable to do inline fixnum arithmetic (cost 2) because:
;       The first argument is a T, not a FIXNUM.
;       etc.

; --> COND IF PROGN ECASE COND IF IF IF SETF SB-C::WITH-SOURCE-FORM LDB LET* 
; --> SETQ THE DPB 
; ==>
;   1
; 
; note: forced to do LOGAND-WORD-MASK/INTEGER-UNSIGNED (cost 10)
;       unable to do inline fixnum arithmetic (cost 1) because:
;       The first argument is a NUMBER, not a FIXNUM.
;       unable to do inline fixnum arithmetic (cost 2) because:
;       The first argument is a NUMBER, not a FIXNUM.
;       etc.

; in: DEFMETHOD PRIMITIVE-TRIPLE-BITS ((EQL :BINARY80) T T T)
;     (QUAVIVER::%PRIMITIVE-TRIPLE-BITS :BINARY80 QUAVIVER::SIGNIFICAND
;                                       QUAVIVER::EXPONENT QUAVIVER::SIGN)
; --> COND IF PROGN ECASE COND IF IF IF SETF SB-C::WITH-SOURCE-FORM LDB LET* IF 
; --> ZEROP 
; ==>
;   1
; 
; note: unable to
;   open-code FLOAT to RATIONAL comparison
; due to type uncertainty:
;   The first argument is a NUMBER, not a SINGLE-FLOAT.
; 
; note: unable to
;   open-code FLOAT to RATIONAL comparison
; due to type uncertainty:
;   The first argument is a NUMBER, not a DOUBLE-FLOAT.
; 
; note: unable to
;   open-code FLOAT to RATIONAL comparison
; due to type uncertainty:
;   The first argument is a NUMBER, not a (COMPLEX SINGLE-FLOAT).
; 
; note: unable to
;   open-code FLOAT to RATIONAL comparison
; due to type uncertainty:
;   The first argument is a NUMBER, not a (COMPLEX DOUBLE-FLOAT).
; 
; note: unable to open code because: The operands might not be the same type.

; --> COND IF OR LET ZEROP 
; ==>
;   1
; 
; note: unable to
;   open-code FLOAT to RATIONAL comparison
; due to type uncertainty:
;   The first argument is a NUMBER, not a SINGLE-FLOAT.
; 
; note: unable to
;   open-code FLOAT to RATIONAL comparison
; due to type uncertainty:
;   The first argument is a NUMBER, not a DOUBLE-FLOAT.
; 
; note: unable to
;   open-code FLOAT to RATIONAL comparison
; due to type uncertainty:
;   The first argument is a NUMBER, not a (COMPLEX SINGLE-FLOAT).
; 
; note: unable to
;   open-code FLOAT to RATIONAL comparison
; due to type uncertainty:
;   The first argument is a NUMBER, not a (COMPLEX DOUBLE-FLOAT).
; 
; note: unable to open code because: The operands might not be the same type.

; --> COND IF OR LET IF IF IF THE LET* COND IF IF THE PROGN COND IF SETF PROGN 
; --> SETF SB-C::WITH-SOURCE-FORM LDB LET* SETQ THE DPB 
; ==>
;   1
; 
; note: unable to
;   convert to inline logical operations
; due to type uncertainty:
;   The result is a (VALUES
;                    (OR (UNSIGNED-BYTE 64)
;                        (INTEGER 604462909807314587353088
;                         604481356551388296904703))
;                    &OPTIONAL), not a (VALUES (UNSIGNED-BYTE 64) &REST T).
; 
; note: unable to
;   convert to inline logical operations
; due to type uncertainty:
;   The result is a (VALUES
;                    (OR (UNSIGNED-BYTE 64)
;                        (INTEGER 604462909807314587353088
;                         604481356551388296904703))
;                    &OPTIONAL), not a (VALUES (SIGNED-BYTE 64) &REST T).

; --> COND IF OR LET IF IF IF THE LET* COND IF IF THE PROGN COND IF THE SETF 
; --> SB-C::WITH-SOURCE-FORM LDB LET* SETQ THE DPB 
; ==>
;   1
; 
; note: unable to
;   convert to inline logical operations
; due to type uncertainty:
;   The result is a (VALUES
;                    (OR (UNSIGNED-BYTE 64)
;                        (INTEGER 604462909807314587353088
;                         604481356551388296904703))
;                    &OPTIONAL), not a (VALUES (UNSIGNED-BYTE 64) &REST T).
; 
; note: unable to
;   convert to inline logical operations
; due to type uncertainty:
;   The result is a (VALUES
;                    (OR (UNSIGNED-BYTE 64)
;                        (INTEGER 604462909807314587353088
;                         604481356551388296904703))
;                    &OPTIONAL), not a (VALUES (SIGNED-BYTE 64) &REST T).

; --> COND IF OR LET IF IF IF THE LET* - 
; ==>
;   (INTEGER-LENGTH QUAVIVER::SIGNIFICAND)
; 
; note: forced to do full call
;       unable to do inline positive fixnum integer-length (cost 24) because:
;       The first argument is a NUMBER, not a (UNSIGNED-BYTE 62).
;       unable to do inline fixnum integer-length (cost 25) because:
;       The first argument is a NUMBER, not a FIXNUM.
;       etc.

; --> COND IF OR LET IF IF IF THE LET* 
; ==>
;   (ASH QUAVIVER::SIGNIFICAND QUAVIVER::SHIFT)
; 
; note: forced to do full call
;       unable to do inline ASH (cost 3) because:
;       The first argument is a INTEGER, not a FIXNUM.
;       The second argument is a (INTEGER -274877906879 64), not a (UNSIGNED-BYTE
;                                                                   64).
;       The result is a (VALUES INTEGER &OPTIONAL), not a (VALUES FIXNUM
;                                                                 &OPTIONAL).
;       unable to do inline ASH (cost 4) because:
;       The first argument is a INTEGER, not a (UNSIGNED-BYTE 64).
;       The second argument is a (INTEGER -274877906879 64), not a (UNSIGNED-BYTE
;                                                                   62).
;       The result is a (VALUES INTEGER &OPTIONAL), not a (VALUES
;                                                          (UNSIGNED-BYTE 64)
;                                                          &OPTIONAL).
;       etc.

; --> COND IF OR LET IF IF IF THE LET* COND IF IF THE PROGN COND IF THE SETF 
; --> SB-C::WITH-SOURCE-FORM LDB LET* SETQ THE DPB 
; ==>
;   1
; 
; note: doing unsigned word to integer coercion (cost 20)

; in: DEFMETHOD PRIMITIVE-TRIPLE-BITS ((EQL :BINARY128) T T T)
;     (QUAVIVER::%PRIMITIVE-TRIPLE-BITS :BINARY128 QUAVIVER::SIGNIFICAND
;                                       QUAVIVER::EXPONENT QUAVIVER::SIGN)
; --> COND IF PROGN ECASE COND IF IF IF SETF SB-C::WITH-SOURCE-FORM LDB LET* IF 
; --> ZEROP 
; ==>
;   1
; 
; note: unable to
;   open-code FLOAT to RATIONAL comparison
; due to type uncertainty:
;   The first argument is a NUMBER, not a SINGLE-FLOAT.
; 
; note: unable to
;   open-code FLOAT to RATIONAL comparison
; due to type uncertainty:
;   The first argument is a NUMBER, not a DOUBLE-FLOAT.
; 
; note: unable to
;   open-code FLOAT to RATIONAL comparison
; due to type uncertainty:
;   The first argument is a NUMBER, not a (COMPLEX SINGLE-FLOAT).
; 
; note: unable to
;   open-code FLOAT to RATIONAL comparison
; due to type uncertainty:
;   The first argument is a NUMBER, not a (COMPLEX DOUBLE-FLOAT).
; 
; note: unable to open code because: The operands might not be the same type.

; --> COND IF OR LET ZEROP 
; ==>
;   1
; 
; note: unable to
;   open-code FLOAT to RATIONAL comparison
; due to type uncertainty:
;   The first argument is a NUMBER, not a SINGLE-FLOAT.
; 
; note: unable to
;   open-code FLOAT to RATIONAL comparison
; due to type uncertainty:
;   The first argument is a NUMBER, not a DOUBLE-FLOAT.
; 
; note: unable to
;   open-code FLOAT to RATIONAL comparison
; due to type uncertainty:
;   The first argument is a NUMBER, not a (COMPLEX SINGLE-FLOAT).
; 
; note: unable to
;   open-code FLOAT to RATIONAL comparison
; due to type uncertainty:
;   The first argument is a NUMBER, not a (COMPLEX DOUBLE-FLOAT).
; 
; note: unable to open code because: The operands might not be the same type.

; --> COND IF OR LET IF IF IF THE LET* COND IF IF THE PROGN COND IF SETF PROGN 
; --> SETF SB-C::WITH-SOURCE-FORM LDB LET* SETQ THE DPB 
; ==>
;   1
; 
; note: unable to
;   convert to inline logical operations
; due to type uncertainty:
;   The result is a (VALUES
;                    (OR (UNSIGNED-BYTE 112)
;                        (INTEGER 170141183460469231731687303715884105728
;                         170146375757327766559315834212213325823))
;                    &OPTIONAL), not a (VALUES (UNSIGNED-BYTE 64) &REST T).
; 
; note: unable to
;   convert to inline logical operations
; due to type uncertainty:
;   The result is a (VALUES
;                    (OR (UNSIGNED-BYTE 112)
;                        (INTEGER 170141183460469231731687303715884105728
;                         170146375757327766559315834212213325823))
;                    &OPTIONAL), not a (VALUES (SIGNED-BYTE 64) &REST T).

; --> COND IF OR LET IF IF IF THE LET* COND IF IF THE PROGN COND IF THE SETF 
; --> SB-C::WITH-SOURCE-FORM LDB LET* LDB 
; ==>
;   1
; 
; note: unable to
;   convert to inline logical operations
; due to type uncertainty:
;   The result is a (VALUES (UNSIGNED-BYTE 112) &OPTIONAL), not a (VALUES
;                                                                  (UNSIGNED-BYTE
;                                                                   64)
;                                                                  &REST T).

; --> COND IF OR LET IF IF IF THE LET* COND IF IF THE PROGN COND IF THE SETF 
; --> SB-C::WITH-SOURCE-FORM LDB LET* SETQ THE DPB 
; ==>
;   1
; 
; note: unable to
;   convert to inline logical operations
; due to type uncertainty:
;   The result is a (VALUES
;                    (OR (UNSIGNED-BYTE 112)
;                        (INTEGER 170141183460469231731687303715884105728
;                         170146375757327766559315834212213325823))
;                    &OPTIONAL), not a (VALUES (UNSIGNED-BYTE 64) &REST T).
; 
; note: unable to
;   convert to inline logical operations
; due to type uncertainty:
;   The result is a (VALUES
;                    (OR (UNSIGNED-BYTE 112)
;                        (INTEGER 170141183460469231731687303715884105728
;                         170146375757327766559315834212213325823))
;                    &OPTIONAL), not a (VALUES (SIGNED-BYTE 64) &REST T).

; --> COND IF OR LET IF IF IF THE LET* - 
; ==>
;   (INTEGER-LENGTH QUAVIVER::SIGNIFICAND)
; 
; note: forced to do full call
;       unable to do inline positive fixnum integer-length (cost 24) because:
;       The first argument is a NUMBER, not a (UNSIGNED-BYTE 62).
;       unable to do inline fixnum integer-length (cost 25) because:
;       The first argument is a NUMBER, not a FIXNUM.
;       etc.

; --> COND IF OR LET IF IF IF THE LET* 
; ==>
;   (ASH QUAVIVER::SIGNIFICAND QUAVIVER::SHIFT)
; 
; note: forced to do full call
;       unable to do inline ASH (cost 3) because:
;       The first argument is a INTEGER, not a FIXNUM.
;       The second argument is a (INTEGER -274877906830 113), not a (UNSIGNED-BYTE
;                                                                    64).
;       The result is a (VALUES INTEGER &OPTIONAL), not a (VALUES FIXNUM
;                                                                 &OPTIONAL).
;       unable to do inline ASH (cost 4) because:
;       The first argument is a INTEGER, not a (UNSIGNED-BYTE 64).
;       The second argument is a (INTEGER -274877906830 113), not a (UNSIGNED-BYTE
;                                                                    62).
;       The result is a (VALUES INTEGER &OPTIONAL), not a (VALUES
;                                                          (UNSIGNED-BYTE 64)
;                                                          &OPTIONAL).
;       etc.

; in: DEFMETHOD PRIMITIVE-TRIPLE-BITS ((EQL :BINARY256) T T T)
;     (QUAVIVER::%PRIMITIVE-TRIPLE-BITS :BINARY256 QUAVIVER::SIGNIFICAND
;                                       QUAVIVER::EXPONENT QUAVIVER::SIGN)
; --> COND IF PROGN ECASE COND IF IF IF SETF SB-C::WITH-SOURCE-FORM LDB LET* IF 
; --> ZEROP 
; ==>
;   1
; 
; note: unable to
;   open-code FLOAT to RATIONAL comparison
; due to type uncertainty:
;   The first argument is a NUMBER, not a SINGLE-FLOAT.
; 
; note: unable to
;   open-code FLOAT to RATIONAL comparison
; due to type uncertainty:
;   The first argument is a NUMBER, not a DOUBLE-FLOAT.
; 
; note: unable to
;   open-code FLOAT to RATIONAL comparison
; due to type uncertainty:
;   The first argument is a NUMBER, not a (COMPLEX SINGLE-FLOAT).
; 
; note: unable to
;   open-code FLOAT to RATIONAL comparison
; due to type uncertainty:
;   The first argument is a NUMBER, not a (COMPLEX DOUBLE-FLOAT).
; 
; note: unable to open code because: The operands might not be the same type.

; --> COND IF OR LET ZEROP 
; ==>
;   1
; 
; note: unable to
;   open-code FLOAT to RATIONAL comparison
; due to type uncertainty:
;   The first argument is a NUMBER, not a SINGLE-FLOAT.
; 
; note: unable to
;   open-code FLOAT to RATIONAL comparison
; due to type uncertainty:
;   The first argument is a NUMBER, not a DOUBLE-FLOAT.
; 
; note: unable to
;   open-code FLOAT to RATIONAL comparison
; due to type uncertainty:
;   The first argument is a NUMBER, not a (COMPLEX SINGLE-FLOAT).
; 
; note: unable to
;   open-code FLOAT to RATIONAL comparison
; due to type uncertainty:
;   The first argument is a NUMBER, not a (COMPLEX DOUBLE-FLOAT).
; 
; note: unable to open code because: The operands might not be the same type.

; --> COND IF OR LET IF IF IF THE LET* COND IF IF THE PROGN COND IF SETF PROGN 
; --> SETF SB-C::WITH-SOURCE-FORM LDB LET* SETQ THE DPB 
; ==>
;   1
; 
; note: unable to
;   convert to inline logical operations
; due to type uncertainty:
;   The result is a (VALUES
;                    (OR (UNSIGNED-BYTE 236)
;                        (INTEGER
;                         57896044618658097711785492504343953926634992332820282019728792003956564819968
;                         57896155046599646360806091460437750359042231550563836745913674604344145608703))
;                    &OPTIONAL), not a (VALUES (UNSIGNED-BYTE 64) &REST T).
; 
; note: unable to
;   convert to inline logical operations
; due to type uncertainty:
;   The result is a (VALUES
;                    (OR (UNSIGNED-BYTE 236)
;                        (INTEGER
;                         57896044618658097711785492504343953926634992332820282019728792003956564819968
;                         57896155046599646360806091460437750359042231550563836745913674604344145608703))
;                    &OPTIONAL), not a (VALUES (SIGNED-BYTE 64) &REST T).

; --> COND IF OR LET IF IF IF THE LET* COND IF IF THE PROGN COND IF THE SETF 
; --> SB-C::WITH-SOURCE-FORM LDB LET* LDB 
; ==>
;   1
; 
; note: unable to
;   convert to inline logical operations
; due to type uncertainty:
;   The result is a (VALUES (UNSIGNED-BYTE 236) &OPTIONAL), not a (VALUES
;                                                                  (UNSIGNED-BYTE
;                                                                   64)
;                                                                  &REST T).

; --> COND IF OR LET IF IF IF THE LET* COND IF IF THE PROGN COND IF THE SETF 
; --> SB-C::WITH-SOURCE-FORM LDB LET* SETQ THE DPB 
; ==>
;   1
; 
; note: unable to
;   convert to inline logical operations
; due to type uncertainty:
;   The result is a (VALUES
;                    (OR (UNSIGNED-BYTE 236)
;                        (INTEGER
;                         57896044618658097711785492504343953926634992332820282019728792003956564819968
;                         57896155046599646360806091460437750359042231550563836745913674604344145608703))
;                    &OPTIONAL), not a (VALUES (UNSIGNED-BYTE 64) &REST T).
; 
; note: unable to
;   convert to inline logical operations
; due to type uncertainty:
;   The result is a (VALUES
;                    (OR (UNSIGNED-BYTE 236)
;                        (INTEGER
;                         57896044618658097711785492504343953926634992332820282019728792003956564819968
;                         57896155046599646360806091460437750359042231550563836745913674604344145608703))
;                    &OPTIONAL), not a (VALUES (SIGNED-BYTE 64) &REST T).

; --> COND IF OR LET IF IF IF THE LET* - 
; ==>
;   (INTEGER-LENGTH QUAVIVER::SIGNIFICAND)
; 
; note: forced to do full call
;       unable to do inline positive fixnum integer-length (cost 24) because:
;       The first argument is a NUMBER, not a (UNSIGNED-BYTE 62).
;       unable to do inline fixnum integer-length (cost 25) because:
;       The first argument is a NUMBER, not a FIXNUM.
;       etc.

; --> COND IF OR LET IF IF IF THE LET* 
; ==>
;   (ASH QUAVIVER::SIGNIFICAND QUAVIVER::SHIFT)
; 
; note: forced to do full call
;       unable to do inline ASH (cost 3) because:
;       The first argument is a INTEGER, not a FIXNUM.
;       The second argument is a (INTEGER -274877906706 237), not a (UNSIGNED-BYTE
;                                                                    64).
;       The result is a (VALUES INTEGER &OPTIONAL), not a (VALUES FIXNUM
;                                                                 &OPTIONAL).
;       unable to do inline ASH (cost 4) because:
;       The first argument is a INTEGER, not a (UNSIGNED-BYTE 64).
;       The second argument is a (INTEGER -274877906706 237), not a (UNSIGNED-BYTE
;                                                                    62).
;       The result is a (VALUES INTEGER &OPTIONAL), not a (VALUES
;                                                          (UNSIGNED-BYTE 64)
;                                                          &OPTIONAL).
;       etc.


; wrote /tmp/clamsara-cas-only-native3-zmv7go3l/fasl/sbcl-2.6.8.3-db35d4561-linux-x64/home/iskam/quicklisp/dists/quicklisp/software/quaviver-20260101-git/code/primitive-triple-bits-tmpPO1KM2UM.fasl
; compilation finished in 0:00:00.044
; compiling file "/home/iskam/quicklisp/dists/quicklisp/software/quaviver-20260101-git/code/bits-float-form.lisp" (written 20 MAY 2026 03:37:16 PM):

; wrote /tmp/clamsara-cas-only-native3-zmv7go3l/fasl/sbcl-2.6.8.3-db35d4561-linux-x64/home/iskam/quicklisp/dists/quicklisp/software/quaviver-20260101-git/code/bits-float-form-tmp9MJ8K0GA.fasl
; compilation finished in 0:00:00.004
; compiling file "/home/iskam/quicklisp/dists/quicklisp/software/quaviver-20260101-git/code/bits-float.lisp" (written 20 MAY 2026 03:37:16 PM):

; wrote /tmp/clamsara-cas-only-native3-zmv7go3l/fasl/sbcl-2.6.8.3-db35d4561-linux-x64/home/iskam/quicklisp/dists/quicklisp/software/quaviver-20260101-git/code/bits-float-tmpDNAAZUQ1.fasl
; compilation finished in 0:00:00.009
; compiling file "/home/iskam/quicklisp/dists/quicklisp/software/quaviver-20260101-git/code/float-bits-form.lisp" (written 20 MAY 2026 03:37:16 PM):

; wrote /tmp/clamsara-cas-only-native3-zmv7go3l/fasl/sbcl-2.6.8.3-db35d4561-linux-x64/home/iskam/quicklisp/dists/quicklisp/software/quaviver-20260101-git/code/float-bits-form-tmpSFHGUSI2.fasl
; compilation finished in 0:00:00.003
; compiling file "/home/iskam/quicklisp/dists/quicklisp/software/quaviver-20260101-git/code/float-bits.lisp" (written 20 MAY 2026 03:37:16 PM):

; wrote /tmp/clamsara-cas-only-native3-zmv7go3l/fasl/sbcl-2.6.8.3-db35d4561-linux-x64/home/iskam/quicklisp/dists/quicklisp/software/quaviver-20260101-git/code/float-bits-tmpJEMJHCAQ.fasl
; compilation finished in 0:00:00.005
; compiling file "/home/iskam/quicklisp/dists/quicklisp/software/quaviver-20260101-git/code/primitive-triple-float-form.lisp" (written 20 MAY 2026 03:37:16 PM):

; wrote /tmp/clamsara-cas-only-native3-zmv7go3l/fasl/sbcl-2.6.8.3-db35d4561-linux-x64/home/iskam/quicklisp/dists/quicklisp/software/quaviver-20260101-git/code/primitive-triple-float-form-tmpJV5SBQ61.fasl
; compilation finished in 0:00:00.022
; compiling file "/home/iskam/quicklisp/dists/quicklisp/software/quaviver-20260101-git/code/triple-float.lisp" (written 20 MAY 2026 03:37:16 PM):

; wrote /tmp/clamsara-cas-only-native3-zmv7go3l/fasl/sbcl-2.6.8.3-db35d4561-linux-x64/home/iskam/quicklisp/dists/quicklisp/software/quaviver-20260101-git/code/triple-float-tmpFHSB04A0.fasl
; compilation finished in 0:00:00.013
; compiling file "/home/iskam/quicklisp/dists/quicklisp/software/quaviver-20260101-git/code/bits-float-late.lisp" (written 20 MAY 2026 03:37:16 PM):

; wrote /tmp/clamsara-cas-only-native3-zmv7go3l/fasl/sbcl-2.6.8.3-db35d4561-linux-x64/home/iskam/quicklisp/dists/quicklisp/software/quaviver-20260101-git/code/bits-float-late-tmpQQZWJZI3.fasl
; compilation finished in 0:00:00.050
; compiling file "/home/iskam/quicklisp/dists/quicklisp/software/quaviver-20260101-git/code/float-primitive-triple-form.lisp" (written 20 MAY 2026 03:37:16 PM):

; wrote /tmp/clamsara-cas-only-native3-zmv7go3l/fasl/sbcl-2.6.8.3-db35d4561-linux-x64/home/iskam/quicklisp/dists/quicklisp/software/quaviver-20260101-git/code/float-primitive-triple-form-tmpPHMA69WA.fasl
; compilation finished in 0:00:00.015
; compiling file "/home/iskam/quicklisp/dists/quicklisp/software/quaviver-20260101-git/code/float-triple.lisp" (written 20 MAY 2026 03:37:16 PM):

; wrote /tmp/clamsara-cas-only-native3-zmv7go3l/fasl/sbcl-2.6.8.3-db35d4561-linux-x64/home/iskam/quicklisp/dists/quicklisp/software/quaviver-20260101-git/code/float-triple-tmpXFTEJBZU.fasl
; compilation finished in 0:00:00.007
; compiling file "/home/iskam/quicklisp/dists/quicklisp/software/quaviver-20260101-git/code/float-bits-late.lisp" (written 20 MAY 2026 03:37:16 PM):

; file: /home/iskam/quicklisp/dists/quicklisp/software/quaviver-20260101-git/code/float-bits-late.lisp
; in: DEFMETHOD FLOAT-BITS ((EQL :BINARY80) T)
;     (QUAVIVER::%FLOAT-EXTERNAL :BINARY80 QUAVIVER::VALUE)
; --> MULTIPLE-VALUE-CALL FUNCTION LET COND IF OR LET IF IF IF THE LET* COND IF 
; --> IF THE PROGN COND IF SETF PROGN SETF SB-C::WITH-SOURCE-FORM LDB LET* SETQ 
; --> THE DPB 
; ==>
;   1
; 
; note: unable to
;   convert to inline logical operations
; due to type uncertainty:
;   The result is a (VALUES
;                    (OR (UNSIGNED-BYTE 64)
;                        (INTEGER 604462909807314587353088
;                         604481356551388296904703))
;                    &OPTIONAL), not a (VALUES (UNSIGNED-BYTE 64) &REST T).
; 
; note: unable to
;   convert to inline logical operations
; due to type uncertainty:
;   The result is a (VALUES
;                    (OR (UNSIGNED-BYTE 64)
;                        (INTEGER 604462909807314587353088
;                         604481356551388296904703))
;                    &OPTIONAL), not a (VALUES (SIGNED-BYTE 64) &REST T).

; --> MULTIPLE-VALUE-CALL FUNCTION LET COND IF OR LET IF IF IF THE LET* 
; ==>
;   (ASH QUAVIVER::SIGNIFICAND QUAVIVER::SHIFT)
; 
; note: forced to do full call
;       unable to do inline ASH (cost 3) because:
;       The result is a (VALUES
;                        (INTEGER 32 5316911983139663482391856204266602496)
;                        &OPTIONAL), not a (VALUES FIXNUM &OPTIONAL).
;       unable to do inline ASH (cost 4) because:
;       The result is a (VALUES
;                        (INTEGER 32 5316911983139663482391856204266602496)
;                        &OPTIONAL), not a (VALUES (UNSIGNED-BYTE 64) &OPTIONAL).
;       etc.

; in: DEFMETHOD FLOAT-BITS ((EQL :BINARY128) T)
;     (QUAVIVER::%FLOAT-EXTERNAL :BINARY128 QUAVIVER::VALUE)
; --> MULTIPLE-VALUE-CALL FUNCTION LET COND IF OR LET IF IF IF THE LET* COND IF 
; --> IF THE PROGN COND IF SETF PROGN SETF SB-C::WITH-SOURCE-FORM LDB LET* SETQ 
; --> THE DPB 
; ==>
;   1
; 
; note: unable to
;   convert to inline logical operations
; due to type uncertainty:
;   The result is a (VALUES
;                    (OR (UNSIGNED-BYTE 112)
;                        (INTEGER 170141183460469231731687303715884105728
;                         170146375757327766559315834212213325823))
;                    &OPTIONAL), not a (VALUES (UNSIGNED-BYTE 64) &REST T).
; 
; note: unable to
;   convert to inline logical operations
; due to type uncertainty:
;   The result is a (VALUES
;                    (OR (UNSIGNED-BYTE 112)
;                        (INTEGER 170141183460469231731687303715884105728
;                         170146375757327766559315834212213325823))
;                    &OPTIONAL), not a (VALUES (SIGNED-BYTE 64) &REST T).

; --> MULTIPLE-VALUE-CALL FUNCTION LET COND IF OR LET IF IF IF THE LET* 
; ==>
;   (ASH QUAVIVER::SIGNIFICAND QUAVIVER::SHIFT)
; 
; note: forced to do full call
;       unable to do inline ASH (cost 3) because:
;       The result is a (VALUES
;                        (INTEGER 18014398509481984
;                         2993155353253689171288849678868119995724853518794752)
;                        &OPTIONAL), not a (VALUES FIXNUM &OPTIONAL).
;       unable to do inline ASH (cost 4) because:
;       The result is a (VALUES
;                        (INTEGER 18014398509481984
;                         2993155353253689171288849678868119995724853518794752)
;                        &OPTIONAL), not a (VALUES (UNSIGNED-BYTE 64) &OPTIONAL).
;       etc.

; in: DEFMETHOD FLOAT-BITS ((EQL :BINARY256) T)
;     (QUAVIVER::%FLOAT-EXTERNAL :BINARY256 QUAVIVER::VALUE)
; --> MULTIPLE-VALUE-CALL FUNCTION LET COND IF OR LET IF IF IF THE LET* COND IF 
; --> IF THE PROGN COND IF SETF PROGN SETF SB-C::WITH-SOURCE-FORM LDB LET* SETQ 
; --> THE DPB 
; ==>
;   1
; 
; note: unable to
;   convert to inline logical operations
; due to type uncertainty:
;   The result is a (VALUES
;                    (OR (UNSIGNED-BYTE 236)
;                        (INTEGER
;                         57896044618658097711785492504343953926634992332820282019728792003956564819968
;                         57896155046599646360806091460437750359042231550563836745913674604344145608703))
;                    &OPTIONAL), not a (VALUES (UNSIGNED-BYTE 64) &REST T).
; 
; note: unable to
;   convert to inline logical operations
; due to type uncertainty:
;   The result is a (VALUES
;                    (OR (UNSIGNED-BYTE 236)
;                        (INTEGER
;                         57896044618658097711785492504343953926634992332820282019728792003956564819968
;                         57896155046599646360806091460437750359042231550563836745913674604344145608703))
;                    &OPTIONAL), not a (VALUES (SIGNED-BYTE 64) &REST T).


; wrote /tmp/clamsara-cas-only-native3-zmv7go3l/fasl/sbcl-2.6.8.3-db35d4561-linux-x64/home/iskam/quicklisp/dists/quicklisp/software/quaviver-20260101-git/code/float-bits-late-tmpXHDS9JD.fasl
; compilation finished in 0:00:00.034
; compiling file "/home/iskam/quicklisp/dists/quicklisp/software/quaviver-20260101-git/code/parse-digits.lisp" (written 20 MAY 2026 03:37:16 PM):

; wrote /tmp/clamsara-cas-only-native3-zmv7go3l/fasl/sbcl-2.6.8.3-db35d4561-linux-x64/home/iskam/quicklisp/dists/quicklisp/software/quaviver-20260101-git/code/parse-digits-tmp7DVUZNNP.fasl
; compilation finished in 0:00:00.007
; compiling file "/home/iskam/quicklisp/dists/quicklisp/software/quaviver-20260101-git/code/compose-digits.lisp" (written 20 MAY 2026 03:37:16 PM):

; file: /home/iskam/quicklisp/dists/quicklisp/software/quaviver-20260101-git/code/compose-digits.lisp
; in: DEFUN %COMPOSE-DIGITS/VECTOR
;     (ZEROP QUAVIVER::VALUE)
; 
; note: unable to
;   open-code FLOAT to RATIONAL comparison
; due to type uncertainty:
;   The first argument is a NUMBER, not a SINGLE-FLOAT.
; 
; note: unable to
;   open-code FLOAT to RATIONAL comparison
; due to type uncertainty:
;   The first argument is a NUMBER, not a DOUBLE-FLOAT.
; 
; note: unable to
;   open-code FLOAT to RATIONAL comparison
; due to type uncertainty:
;   The first argument is a NUMBER, not a (COMPLEX SINGLE-FLOAT).
; 
; note: unable to
;   open-code FLOAT to RATIONAL comparison
; due to type uncertainty:
;   The first argument is a NUMBER, not a (COMPLEX DOUBLE-FLOAT).
; 
; note: unable to open code because: The operands might not be the same type.

;     (QUAVIVER.MATH:COUNT-DIGITS QUAVIVER::BASE QUAVIVER::VALUE)
; --> BLOCK LET COND IF IF IF THE MULTIPLE-VALUE-BIND MULTIPLE-VALUE-CALL 
; --> FUNCTION IF OR LET IF < LET IF < 
; ==>
;   (LENGTH QUAVIVER.MATH::TABLE)
; 
; note: unable to
;   optimize
; due to type uncertainty:
;   The first argument is a SEQUENCE, not a VECTOR.

; --> BLOCK LET COND IF IF IF THE MULTIPLE-VALUE-BIND MULTIPLE-VALUE-CALL 
; --> FUNCTION IF OR LET IF < LET IF 
; ==>
;   (< COUNT (LENGTH QUAVIVER.MATH::TABLE))
; 
; note: unable to
;   open-code FLOAT to RATIONAL comparison
; due to type uncertainty:
;   The first argument is a REAL, not a SINGLE-FLOAT.
; 
; note: unable to
;   open-code FLOAT to RATIONAL comparison
; due to type uncertainty:
;   The first argument is a REAL, not a DOUBLE-FLOAT.

; ==>
;   (EXPT QUAVIVER.MATH::BASE COUNT)
; 
; note: unable to
;   optimize
; due to type uncertainty:
;   The second argument is a (OR (FLOAT 0.0) (RATIONAL 0)), not a INTEGER.
; 
; note: forced to do <-INTEGER-FIXNUM (cost 8)
;       unable to do inline fixnum comparison (cost 3) because:
;       The first argument is a INTEGER, not a FIXNUM.

; --> BLOCK LET 
; ==>
;   (INTEGER-LENGTH QUAVIVER.MATH::VALUE)
; 
; note: forced to do full call
;       unable to do inline positive fixnum integer-length (cost 24) because:
;       The first argument is a (INTEGER 1), not a (UNSIGNED-BYTE 62).
;       unable to do inline fixnum integer-length (cost 25) because:
;       The first argument is a (INTEGER 1), not a FIXNUM.
;       etc.

; --> BLOCK LET COND IF IF IF THE MULTIPLE-VALUE-BIND MULTIPLE-VALUE-CALL 
; --> FUNCTION IF OR LET IF < LET IF 
; ==>
;   (< COUNT (LENGTH QUAVIVER.MATH::TABLE))
; 
; note: forced to do GENERIC-< (cost 10)
;       unable to do inline fixnum comparison (cost 4) because:
;       The first argument is a T, not a FIXNUM.

; --> BLOCK LET COND IF IF IF THE MULTIPLE-VALUE-BIND MULTIPLE-VALUE-CALL 
; --> FUNCTION IF OR LET IF 
; ==>
;   (< QUAVIVER.MATH::VALUE
;      (LET ((QUAVIVER.MATH::TABLE (SVREF QUAVIVER.MATH::*COUNT-DIGITS-TABLE* #)))
;        (IF (< COUNT (LENGTH QUAVIVER.MATH::TABLE))
;            (SVREF QUAVIVER.MATH::TABLE COUNT)
;            (EXPT QUAVIVER.MATH::BASE COUNT))))
; 
; note: forced to do GENERIC-< (cost 10)
;       unable to do inline fixnum comparison (cost 4) because:
;       The first argument is a (INTEGER 1), not a FIXNUM.
;       The second argument is a T, not a FIXNUM.

; in: DEFUN %COMPOSE-DIGITS/BASE-STRING
;     (ZEROP QUAVIVER::VALUE)
; 
; note: unable to
;   open-code FLOAT to RATIONAL comparison
; due to type uncertainty:
;   The first argument is a NUMBER, not a SINGLE-FLOAT.
; 
; note: unable to
;   open-code FLOAT to RATIONAL comparison
; due to type uncertainty:
;   The first argument is a NUMBER, not a DOUBLE-FLOAT.
; 
; note: unable to
;   open-code FLOAT to RATIONAL comparison
; due to type uncertainty:
;   The first argument is a NUMBER, not a (COMPLEX SINGLE-FLOAT).
; 
; note: unable to
;   open-code FLOAT to RATIONAL comparison
; due to type uncertainty:
;   The first argument is a NUMBER, not a (COMPLEX DOUBLE-FLOAT).
; 
; note: unable to open code because: The operands might not be the same type.

;     (QUAVIVER.MATH:COUNT-DIGITS QUAVIVER::BASE QUAVIVER::VALUE)
; --> BLOCK LET COND IF IF IF THE MULTIPLE-VALUE-BIND MULTIPLE-VALUE-CALL 
; --> FUNCTION IF OR LET IF < LET IF < 
; ==>
;   (LENGTH QUAVIVER.MATH::TABLE)
; 
; note: unable to
;   optimize
; due to type uncertainty:
;   The first argument is a SEQUENCE, not a VECTOR.

; --> BLOCK LET COND IF IF IF THE MULTIPLE-VALUE-BIND MULTIPLE-VALUE-CALL 
; --> FUNCTION IF OR LET IF < LET IF 
; ==>
;   (< COUNT (LENGTH QUAVIVER.MATH::TABLE))
; 
; note: unable to
;   open-code FLOAT to RATIONAL comparison
; due to type uncertainty:
;   The first argument is a REAL, not a SINGLE-FLOAT.
; 
; note: unable to
;   open-code FLOAT to RATIONAL comparison
; due to type uncertainty:
;   The first argument is a REAL, not a DOUBLE-FLOAT.

; ==>
;   (EXPT QUAVIVER.MATH::BASE COUNT)
; 
; note: unable to
;   optimize
; due to type uncertainty:
;   The second argument is a (OR (FLOAT 0.0) (RATIONAL 0)), not a INTEGER.
; 
; note: forced to do <-INTEGER-FIXNUM (cost 8)
;       unable to do inline fixnum comparison (cost 3) because:
;       The first argument is a INTEGER, not a FIXNUM.

; --> BLOCK LET 
; ==>
;   (INTEGER-LENGTH QUAVIVER.MATH::VALUE)
; 
; note: forced to do full call
;       unable to do inline positive fixnum integer-length (cost 24) because:
;       The first argument is a (INTEGER 1), not a (UNSIGNED-BYTE 62).
;       unable to do inline fixnum integer-length (cost 25) because:
;       The first argument is a (INTEGER 1), not a FIXNUM.
;       etc.

; --> BLOCK LET COND IF IF IF THE MULTIPLE-VALUE-BIND MULTIPLE-VALUE-CALL 
; --> FUNCTION IF OR LET IF < LET IF 
; ==>
;   (< COUNT (LENGTH QUAVIVER.MATH::TABLE))
; 
; note: forced to do GENERIC-< (cost 10)
;       unable to do inline fixnum comparison (cost 4) because:
;       The first argument is a T, not a FIXNUM.

; --> BLOCK LET COND IF IF IF THE MULTIPLE-VALUE-BIND MULTIPLE-VALUE-CALL 
; --> FUNCTION IF OR LET IF 
; ==>
;   (< QUAVIVER.MATH::VALUE
;      (LET ((QUAVIVER.MATH::TABLE (SVREF QUAVIVER.MATH::*COUNT-DIGITS-TABLE* #)))
;        (IF (< COUNT (LENGTH QUAVIVER.MATH::TABLE))
;            (SVREF QUAVIVER.MATH::TABLE COUNT)
;            (EXPT QUAVIVER.MATH::BASE COUNT))))
; 
; note: forced to do GENERIC-< (cost 10)
;       unable to do inline fixnum comparison (cost 4) because:
;       The first argument is a (INTEGER 1), not a FIXNUM.
;       The second argument is a T, not a FIXNUM.

; in: DEFUN %COMPOSE-DIGITS/STRING
;     (ZEROP QUAVIVER::VALUE)
; 
; note: unable to
;   open-code FLOAT to RATIONAL comparison
; due to type uncertainty:
;   The first argument is a NUMBER, not a SINGLE-FLOAT.
; 
; note: unable to
;   open-code FLOAT to RATIONAL comparison
; due to type uncertainty:
;   The first argument is a NUMBER, not a DOUBLE-FLOAT.
; 
; note: unable to
;   open-code FLOAT to RATIONAL comparison
; due to type uncertainty:
;   The first argument is a NUMBER, not a (COMPLEX SINGLE-FLOAT).
; 
; note: unable to
;   open-code FLOAT to RATIONAL comparison
; due to type uncertainty:
;   The first argument is a NUMBER, not a (COMPLEX DOUBLE-FLOAT).
; 
; note: unable to open code because: The operands might not be the same type.

;     (QUAVIVER.MATH:COUNT-DIGITS QUAVIVER::BASE QUAVIVER::VALUE)
; --> BLOCK LET COND IF IF IF THE MULTIPLE-VALUE-BIND MULTIPLE-VALUE-CALL 
; --> FUNCTION IF OR LET IF < LET IF < 
; ==>
;   (LENGTH QUAVIVER.MATH::TABLE)
; 
; note: unable to
;   optimize
; due to type uncertainty:
;   The first argument is a SEQUENCE, not a VECTOR.

; --> BLOCK LET COND IF IF IF THE MULTIPLE-VALUE-BIND MULTIPLE-VALUE-CALL 
; --> FUNCTION IF OR LET IF < LET IF 
; ==>
;   (< COUNT (LENGTH QUAVIVER.MATH::TABLE))
; 
; note: unable to
;   open-code FLOAT to RATIONAL comparison
; due to type uncertainty:
;   The first argument is a REAL, not a SINGLE-FLOAT.
; 
; note: unable to
;   open-code FLOAT to RATIONAL comparison
; due to type uncertainty:
;   The first argument is a REAL, not a DOUBLE-FLOAT.

; ==>
;   (EXPT QUAVIVER.MATH::BASE COUNT)
; 
; note: unable to
;   optimize
; due to type uncertainty:
;   The second argument is a (OR (FLOAT 0.0) (RATIONAL 0)), not a INTEGER.
; 
; note: forced to do <-INTEGER-FIXNUM (cost 8)
;       unable to do inline fixnum comparison (cost 3) because:
;       The first argument is a INTEGER, not a FIXNUM.

; --> BLOCK LET 
; ==>
;   (INTEGER-LENGTH QUAVIVER.MATH::VALUE)
; 
; note: forced to do full call
;       unable to do inline positive fixnum integer-length (cost 24) because:
;       The first argument is a (INTEGER 1), not a (UNSIGNED-BYTE 62).
;       unable to do inline fixnum integer-length (cost 25) because:
;       The first argument is a (INTEGER 1), not a FIXNUM.
;       etc.

; --> BLOCK LET COND IF IF IF THE MULTIPLE-VALUE-BIND MULTIPLE-VALUE-CALL 
; --> FUNCTION IF OR LET IF < LET IF 
; ==>
;   (< COUNT (LENGTH QUAVIVER.MATH::TABLE))
; 
; note: forced to do GENERIC-< (cost 10)
;       unable to do inline fixnum comparison (cost 4) because:
;       The first argument is a T, not a FIXNUM.

; --> BLOCK LET COND IF IF IF THE MULTIPLE-VALUE-BIND MULTIPLE-VALUE-CALL 
; --> FUNCTION IF OR LET IF 
; ==>
;   (< QUAVIVER.MATH::VALUE
;      (LET ((QUAVIVER.MATH::TABLE (SVREF QUAVIVER.MATH::*COUNT-DIGITS-TABLE* #)))
;        (IF (< COUNT (LENGTH QUAVIVER.MATH::TABLE))
;            (SVREF QUAVIVER.MATH::TABLE COUNT)
;            (EXPT QUAVIVER.MATH::BASE COUNT))))
; 
; note: forced to do GENERIC-< (cost 10)
;       unable to do inline fixnum comparison (cost 4) because:
;       The first argument is a (INTEGER 1), not a FIXNUM.
;       The second argument is a T, not a FIXNUM.

; in: DEFUN %COMPOSE-DIGITS/LIST
;     (ZEROP QUAVIVER::VALUE)
; 
; note: unable to
;   open-code FLOAT to RATIONAL comparison
; due to type uncertainty:
;   The first argument is a NUMBER, not a SINGLE-FLOAT.
; 
; note: unable to
;   open-code FLOAT to RATIONAL comparison
; due to type uncertainty:
;   The first argument is a NUMBER, not a DOUBLE-FLOAT.
; 
; note: unable to
;   open-code FLOAT to RATIONAL comparison
; due to type uncertainty:
;   The first argument is a NUMBER, not a (COMPLEX SINGLE-FLOAT).
; 
; note: unable to
;   open-code FLOAT to RATIONAL comparison
; due to type uncertainty:
;   The first argument is a NUMBER, not a (COMPLEX DOUBLE-FLOAT).
; 
; note: unable to open code because: The operands might not be the same type.
; 
; note: unable to
;   open-code FLOAT to RATIONAL comparison
; due to type uncertainty:
;   The first argument is a NUMBER, not a SINGLE-FLOAT.
; 
; note: unable to
;   open-code FLOAT to RATIONAL comparison
; due to type uncertainty:
;   The first argument is a NUMBER, not a DOUBLE-FLOAT.
; 
; note: unable to
;   open-code FLOAT to RATIONAL comparison
; due to type uncertainty:
;   The first argument is a NUMBER, not a (COMPLEX SINGLE-FLOAT).
; 
; note: unable to
;   open-code FLOAT to RATIONAL comparison
; due to type uncertainty:
;   The first argument is a NUMBER, not a (COMPLEX DOUBLE-FLOAT).
; 
; note: unable to open code because: The operands might not be the same type.

;     (FLOOR QUAVIVER::VALUE QUAVIVER::BASE)
; 
; note: unable to
;   optimize
; due to type uncertainty:
;   The first argument is a REAL, not a SINGLE-FLOAT.
;   The second argument is a REAL, not a (OR SINGLE-FLOAT INTEGER).
; 
; note: unable to
;   optimize
; due to type uncertainty:
;   The first argument is a REAL, not a DOUBLE-FLOAT.
;   The second argument is a REAL, not a (OR FLOAT INTEGER).
; 
; note: unable to
;   optimize
; due to type uncertainty:
;   The first argument is a REAL, not a INTEGER.
;   The second argument is a REAL, not a INTEGER.
; 
; note: unable to
;   optimize
; due to type uncertainty:
;   The first argument is a REAL, not a RATIONAL.
;   The second argument is a REAL, not a RATIONAL.
; 
; note: unable to
;   optimize
; due to type uncertainty:
;   The first argument is a REAL, not a INTEGER.
;   The second argument is a REAL, not a FIXNUM.


; wrote /tmp/clamsara-cas-only-native3-zmv7go3l/fasl/sbcl-2.6.8.3-db35d4561-linux-x64/home/iskam/quicklisp/dists/quicklisp/software/quaviver-20260101-git/code/compose-digits-tmpSLELCKLF.fasl
; compilation finished in 0:00:00.016
; compiling file "/home/iskam/quicklisp/dists/quicklisp/software/quaviver-20260101-git/code/read-digits.lisp" (written 20 MAY 2026 03:37:16 PM):

; wrote /tmp/clamsara-cas-only-native3-zmv7go3l/fasl/sbcl-2.6.8.3-db35d4561-linux-x64/home/iskam/quicklisp/dists/quicklisp/software/quaviver-20260101-git/code/read-digits-tmpRFCZGW36.fasl
; compilation finished in 0:00:00.004
; compiling file "/home/iskam/quicklisp/dists/quicklisp/software/quaviver-20260101-git/code/write-digits.lisp" (written 20 MAY 2026 03:37:16 PM):

; file: /home/iskam/quicklisp/dists/quicklisp/software/quaviver-20260101-git/code/write-digits.lisp
; in: DEFUN %WRITE-SMALLNUM-DIGITS
;     (QUAVIVER.MATH:COUNT-DIGITS QUAVIVER::BASE QUAVIVER::VALUE)
; --> BLOCK LET COND IF IF IF THE MULTIPLE-VALUE-BIND MULTIPLE-VALUE-CALL 
; --> FUNCTION IF OR LET IF < LET IF < 
; ==>
;   (LENGTH QUAVIVER.MATH::TABLE)
; 
; note: unable to
;   optimize
; due to type uncertainty:
;   The first argument is a SEQUENCE, not a VECTOR.

; --> BLOCK LET COND IF IF IF THE MULTIPLE-VALUE-BIND MULTIPLE-VALUE-CALL 
; --> FUNCTION IF OR LET IF < LET IF 
; ==>
;   (< COUNT (LENGTH QUAVIVER.MATH::TABLE))
; 
; note: unable to
;   open-code FLOAT to RATIONAL comparison
; due to type uncertainty:
;   The first argument is a REAL, not a SINGLE-FLOAT.
; 
; note: unable to
;   open-code FLOAT to RATIONAL comparison
; due to type uncertainty:
;   The first argument is a REAL, not a DOUBLE-FLOAT.

; ==>
;   (EXPT QUAVIVER.MATH::BASE COUNT)
; 
; note: unable to
;   optimize
; due to type uncertainty:
;   The second argument is a (OR (FLOAT 0.0) (RATIONAL 0)), not a INTEGER.

; --> BLOCK LET 
; ==>
;   (INTEGER-LENGTH QUAVIVER.MATH::VALUE)
; 
; note: forced to do full call
;       unable to do inline positive fixnum integer-length (cost 24) because:
;       The first argument is a UNSIGNED-BYTE, not a (UNSIGNED-BYTE 62).
;       unable to do inline fixnum integer-length (cost 25) because:
;       The first argument is a UNSIGNED-BYTE, not a FIXNUM.
;       etc.

; --> BLOCK LET COND IF IF IF THE MULTIPLE-VALUE-BIND MULTIPLE-VALUE-CALL 
; --> FUNCTION IF OR LET IF < LET IF 
; ==>
;   (< COUNT (LENGTH QUAVIVER.MATH::TABLE))
; 
; note: forced to do GENERIC-< (cost 10)
;       unable to do inline fixnum comparison (cost 4) because:
;       The first argument is a T, not a FIXNUM.

; --> BLOCK LET COND IF IF IF THE MULTIPLE-VALUE-BIND MULTIPLE-VALUE-CALL 
; --> FUNCTION IF OR LET IF 
; ==>
;   (< QUAVIVER.MATH::VALUE
;      (LET ((QUAVIVER.MATH::TABLE (SVREF QUAVIVER.MATH::*COUNT-DIGITS-TABLE* #)))
;        (IF (< COUNT (LENGTH QUAVIVER.MATH::TABLE))
;            (SVREF QUAVIVER.MATH::TABLE COUNT)
;            (EXPT QUAVIVER.MATH::BASE COUNT))))
; 
; note: forced to do GENERIC-< (cost 10)
;       unable to do inline fixnum comparison (cost 4) because:
;       The first argument is a UNSIGNED-BYTE, not a FIXNUM.
;       The second argument is a T, not a FIXNUM.

; in: DEFUN %WRITE-BIGNUM-DIGITS
;     (QUAVIVER.MATH:COUNT-DIGITS QUAVIVER::BASE QUAVIVER::VALUE)
; --> BLOCK LET COND IF IF IF THE MULTIPLE-VALUE-BIND MULTIPLE-VALUE-CALL 
; --> FUNCTION IF OR LET IF < LET IF < 
; ==>
;   (LENGTH QUAVIVER.MATH::TABLE)
; 
; note: unable to
;   optimize
; due to type uncertainty:
;   The first argument is a SEQUENCE, not a VECTOR.

; --> BLOCK LET COND IF IF IF THE MULTIPLE-VALUE-BIND MULTIPLE-VALUE-CALL 
; --> FUNCTION IF OR LET IF < LET IF 
; ==>
;   (< COUNT (LENGTH QUAVIVER.MATH::TABLE))
; 
; note: unable to
;   open-code FLOAT to RATIONAL comparison
; due to type uncertainty:
;   The first argument is a REAL, not a SINGLE-FLOAT.
; 
; note: unable to
;   open-code FLOAT to RATIONAL comparison
; due to type uncertainty:
;   The first argument is a REAL, not a DOUBLE-FLOAT.

; ==>
;   (EXPT QUAVIVER.MATH::BASE COUNT)
; 
; note: unable to
;   optimize
; due to type uncertainty:
;   The second argument is a (OR (FLOAT 0.0) (RATIONAL 0)), not a INTEGER.

; --> BLOCK LET 
; ==>
;   (INTEGER-LENGTH QUAVIVER.MATH::VALUE)
; 
; note: forced to do full call
;       unable to do inline (unsigned-byte 64) integer-length (cost 26) because:
;       The first argument is a (INTEGER 4611686018427387904), not a (UNSIGNED-BYTE
;                                                                     64).

; --> BLOCK LET COND IF IF IF THE MULTIPLE-VALUE-BIND MULTIPLE-VALUE-CALL 
; --> FUNCTION IF OR LET IF < LET IF 
; ==>
;   (< COUNT (LENGTH QUAVIVER.MATH::TABLE))
; 
; note: forced to do GENERIC-< (cost 10)
;       unable to do inline fixnum comparison (cost 4) because:
;       The first argument is a T, not a FIXNUM.


; wrote /tmp/clamsara-cas-only-native3-zmv7go3l/fasl/sbcl-2.6.8.3-db35d4561-linux-x64/home/iskam/quicklisp/dists/quicklisp/software/quaviver-20260101-git/code/write-digits-tmpQPTRRFAI.fasl
; compilation finished in 0:00:00.034
; compiling file "/home/iskam/quicklisp/dists/quicklisp/software/quaviver-20260101-git/code/number-parser.lisp" (written 20 MAY 2026 03:37:16 PM):

; wrote /tmp/clamsara-cas-only-native3-zmv7go3l/fasl/sbcl-2.6.8.3-db35d4561-linux-x64/home/iskam/quicklisp/dists/quicklisp/software/quaviver-20260101-git/code/number-parser-tmpVZ9V8GEH.fasl
; compilation finished in 0:00:00.049
; compiling file "/home/iskam/quicklisp/local-projects/trivial-package-locks/code/packages.lisp" (written 19 MAR 2023 10:41:43 PM):

; wrote /tmp/clamsara-cas-only-native3-zmv7go3l/fasl/sbcl-2.6.8.3-db35d4561-linux-x64/home/iskam/quicklisp/local-projects/trivial-package-locks/code/packages-tmpI0YDSDVA.fasl
; compilation finished in 0:00:00.001
; compiling file "/home/iskam/quicklisp/local-projects/trivial-package-locks/code/locks.lisp" (written 10 MAR 2025 09:30:07 PM):

; wrote /tmp/clamsara-cas-only-native3-zmv7go3l/fasl/sbcl-2.6.8.3-db35d4561-linux-x64/home/iskam/quicklisp/local-projects/trivial-package-locks/code/locks-tmpKLR0OPN5.fasl
; compilation finished in 0:00:00.008
; compiling file "/home/iskam/quicklisp/dists/quicklisp/software/trinsic-20260101-git/code/packages.lisp" (written 20 MAY 2026 03:37:17 PM):

; wrote /tmp/clamsara-cas-only-native3-zmv7go3l/fasl/sbcl-2.6.8.3-db35d4561-linux-x64/home/iskam/quicklisp/dists/quicklisp/software/trinsic-20260101-git/code/packages-tmpQNILNMER.fasl
; compilation finished in 0:00:00.000
; compiling file "/home/iskam/quicklisp/dists/quicklisp/software/trinsic-20260101-git/code/interface.lisp" (written 20 MAY 2026 03:37:17 PM):

; wrote /tmp/clamsara-cas-only-native3-zmv7go3l/fasl/sbcl-2.6.8.3-db35d4561-linux-x64/home/iskam/quicklisp/dists/quicklisp/software/trinsic-20260101-git/code/interface-tmpMAMO3XGR.fasl
; compilation finished in 0:00:00.013
; compiling file "/home/iskam/quicklisp/local-projects/Incless/code/packages.lisp" (written 18 MAY 2026 12:33:48 PM):

; wrote /tmp/clamsara-cas-only-native3-zmv7go3l/fasl/sbcl-2.6.8.3-db35d4561-linux-x64/home/iskam/quicklisp/local-projects/Incless/code/packages-tmp4CBIDXQU.fasl
; compilation finished in 0:00:00.001
; compiling file "/home/iskam/quicklisp/local-projects/Incless/code/interface.lisp" (written 18 MAY 2026 12:33:48 PM):

; wrote /tmp/clamsara-cas-only-native3-zmv7go3l/fasl/sbcl-2.6.8.3-db35d4561-linux-x64/home/iskam/quicklisp/local-projects/Incless/code/interface-tmp4M6Z7O9T.fasl
; compilation finished in 0:00:00.014
; compiling file "/home/iskam/quicklisp/local-projects/Incless/code/write-object.lisp" (written 18 MAY 2026 12:33:48 PM):

; wrote /tmp/clamsara-cas-only-native3-zmv7go3l/fasl/sbcl-2.6.8.3-db35d4561-linux-x64/home/iskam/quicklisp/local-projects/Incless/code/write-object-tmp3RKO0O0S.fasl
; compilation finished in 0:00:00.008
; compiling file "/home/iskam/quicklisp/local-projects/Incless/code/integer.lisp" (written 18 MAY 2026 12:33:48 PM):

; wrote /tmp/clamsara-cas-only-native3-zmv7go3l/fasl/sbcl-2.6.8.3-db35d4561-linux-x64/home/iskam/quicklisp/local-projects/Incless/code/integer-tmpJNADND61.fasl
; compilation finished in 0:00:00.005
; compiling file "/home/iskam/quicklisp/local-projects/Incless/code/rational.lisp" (written 18 MAY 2026 12:33:48 PM):

; wrote /tmp/clamsara-cas-only-native3-zmv7go3l/fasl/sbcl-2.6.8.3-db35d4561-linux-x64/home/iskam/quicklisp/local-projects/Incless/code/rational-tmpKEV7GFR4.fasl
; compilation finished in 0:00:00.003
; compiling file "/home/iskam/quicklisp/local-projects/Incless/code/float.lisp" (written 18 MAY 2026 12:33:48 PM):

; file: /home/iskam/quicklisp/local-projects/Incless/code/float.lisp
; in: DEFUN WRITE-EXPONENT-MARKER
;     (SINGLE-FLOAT #\f)
; 
; caught STYLE-WARNING:
;   Clause SINGLE-FLOAT is shadowed by SHORT-FLOAT

; in: DEFUN PRINT-FLOAT
;     (QUAVIVER.MATH:COUNT-DIGITS 10 INCLESS::SIGNIFICAND)
; ==>
;   (INTEGER-LENGTH QUAVIVER.MATH::VALUE)
; 
; note: forced to do full call
;       unable to do inline positive fixnum integer-length (cost 24) because:
;       The first argument is a NUMBER, not a (UNSIGNED-BYTE 62).
;       unable to do inline fixnum integer-length (cost 25) because:
;       The first argument is a NUMBER, not a FIXNUM.
;       etc.


; wrote /tmp/clamsara-cas-only-native3-zmv7go3l/fasl/sbcl-2.6.8.3-db35d4561-linux-x64/home/iskam/quicklisp/local-projects/Incless/code/float-tmp13EJYBWB.fasl
; compilation finished in 0:00:00.006
WARNING:
   Lisp compilation had style-warnings while
   compiling #<CL-SOURCE-FILE "incless" "code" "float">
; compiling file "/home/iskam/quicklisp/local-projects/Incless/code/complex.lisp" (written 18 MAY 2026 12:33:48 PM):

; wrote /tmp/clamsara-cas-only-native3-zmv7go3l/fasl/sbcl-2.6.8.3-db35d4561-linux-x64/home/iskam/quicklisp/local-projects/Incless/code/complex-tmp93YER753.fasl
; compilation finished in 0:00:00.001
; compiling file "/home/iskam/quicklisp/local-projects/Incless/code/character.lisp" (written 08 MAY 2024 10:22:03 PM):

; wrote /tmp/clamsara-cas-only-native3-zmv7go3l/fasl/sbcl-2.6.8.3-db35d4561-linux-x64/home/iskam/quicklisp/local-projects/Incless/code/character-tmpB50UYUD7.fasl
; compilation finished in 0:00:00.003
; compiling file "/home/iskam/quicklisp/local-projects/Incless/code/string.lisp" (written 08 MAY 2024 10:22:03 PM):

; wrote /tmp/clamsara-cas-only-native3-zmv7go3l/fasl/sbcl-2.6.8.3-db35d4561-linux-x64/home/iskam/quicklisp/local-projects/Incless/code/string-tmpXO9X6PIG.fasl
; compilation finished in 0:00:00.002
; compiling file "/home/iskam/quicklisp/local-projects/Incless/code/cons.lisp" (written 08 MAY 2024 10:22:03 PM):

; wrote /tmp/clamsara-cas-only-native3-zmv7go3l/fasl/sbcl-2.6.8.3-db35d4561-linux-x64/home/iskam/quicklisp/local-projects/Incless/code/cons-tmpBULZPU0U.fasl
; compilation finished in 0:00:00.002
; compiling file "/home/iskam/quicklisp/local-projects/Incless/code/bit-vector.lisp" (written 18 MAY 2026 12:33:48 PM):

; wrote /tmp/clamsara-cas-only-native3-zmv7go3l/fasl/sbcl-2.6.8.3-db35d4561-linux-x64/home/iskam/quicklisp/local-projects/Incless/code/bit-vector-tmp7R9QD7N9.fasl
; compilation finished in 0:00:00.001
; compiling file "/home/iskam/quicklisp/local-projects/Incless/code/array.lisp" (written 18 MAY 2026 12:33:48 PM):

; wrote /tmp/clamsara-cas-only-native3-zmv7go3l/fasl/sbcl-2.6.8.3-db35d4561-linux-x64/home/iskam/quicklisp/local-projects/Incless/code/array-tmpGP8R3FTA.fasl
; compilation finished in 0:00:00.004
; compiling file "/home/iskam/quicklisp/local-projects/Incless/code/vector.lisp" (written 08 MAY 2024 10:22:03 PM):

; wrote /tmp/clamsara-cas-only-native3-zmv7go3l/fasl/sbcl-2.6.8.3-db35d4561-linux-x64/home/iskam/quicklisp/local-projects/Incless/code/vector-tmp121QKS9N.fasl
; compilation finished in 0:00:00.004
; compiling file "/home/iskam/quicklisp/local-projects/Incless/code/random-state.lisp" (written 18 MAY 2026 12:33:48 PM):

; wrote /tmp/clamsara-cas-only-native3-zmv7go3l/fasl/sbcl-2.6.8.3-db35d4561-linux-x64/home/iskam/quicklisp/local-projects/Incless/code/random-state-tmp2JF031K4.fasl
; compilation finished in 0:00:00.001
; compiling file "/home/iskam/quicklisp/local-projects/Incless/code/pathname.lisp" (written 18 MAY 2026 12:33:48 PM):

; wrote /tmp/clamsara-cas-only-native3-zmv7go3l/fasl/sbcl-2.6.8.3-db35d4561-linux-x64/home/iskam/quicklisp/local-projects/Incless/code/pathname-tmpX1DK061H.fasl
; compilation finished in 0:00:00.002
; compiling file "/home/iskam/quicklisp/local-projects/Incless/code/standard-object.lisp" (written 08 MAY 2024 10:22:03 PM):

; wrote /tmp/clamsara-cas-only-native3-zmv7go3l/fasl/sbcl-2.6.8.3-db35d4561-linux-x64/home/iskam/quicklisp/local-projects/Incless/code/standard-object-tmp4FJCN3GX.fasl
; compilation finished in 0:00:00.000
; compiling file "/home/iskam/quicklisp/local-projects/Incless/code/structure.lisp" (written 10 MAR 2025 09:28:51 PM):

; wrote /tmp/clamsara-cas-only-native3-zmv7go3l/fasl/sbcl-2.6.8.3-db35d4561-linux-x64/home/iskam/quicklisp/local-projects/Incless/code/structure-tmpWO4JLIQB.fasl
; compilation finished in 0:00:00.003
; compiling file "/home/iskam/quicklisp/local-projects/Incless/code/package.lisp" (written 18 MAY 2026 12:33:48 PM):

; wrote /tmp/clamsara-cas-only-native3-zmv7go3l/fasl/sbcl-2.6.8.3-db35d4561-linux-x64/home/iskam/quicklisp/local-projects/Incless/code/package-tmpHBCFHPPX.fasl
; compilation finished in 0:00:00.000
; compiling file "/home/iskam/quicklisp/local-projects/Incless/code/symbol.lisp" (written 18 MAY 2026 12:33:48 PM):

; wrote /tmp/clamsara-cas-only-native3-zmv7go3l/fasl/sbcl-2.6.8.3-db35d4561-linux-x64/home/iskam/quicklisp/local-projects/Incless/code/symbol-tmp8ZEXUD27.fasl
; compilation finished in 0:00:00.023
; compiling file "/home/iskam/quicklisp/local-projects/nontrivial-gray-streams/code/packages.lisp" (written 18 MAY 2026 11:55:41 AM):

; wrote /tmp/clamsara-cas-only-native3-zmv7go3l/fasl/sbcl-2.6.8.3-db35d4561-linux-x64/home/iskam/quicklisp/local-projects/nontrivial-gray-streams/code/packages-tmp95B25LCL.fasl
; compilation finished in 0:00:00.002
; compiling file "/home/iskam/quicklisp/local-projects/nontrivial-gray-streams/code/streams.lisp" (written 18 MAY 2026 11:55:41 AM):

; wrote /tmp/clamsara-cas-only-native3-zmv7go3l/fasl/sbcl-2.6.8.3-db35d4561-linux-x64/home/iskam/quicklisp/local-projects/nontrivial-gray-streams/code/streams-tmpAMNCEZSG.fasl
; compilation finished in 0:00:00.005
; compiling file "/home/iskam/quicklisp/local-projects/Inravina/code/packages.lisp" (written 18 MAY 2026 11:55:29 AM):

; wrote /tmp/clamsara-cas-only-native3-zmv7go3l/fasl/sbcl-2.6.8.3-db35d4561-linux-x64/home/iskam/quicklisp/local-projects/Inravina/code/packages-tmpVQGQLFW2.fasl
; compilation finished in 0:00:00.001
; compiling file "/home/iskam/quicklisp/local-projects/Inravina/code/types.lisp" (written 18 MAY 2026 11:55:29 AM):

; wrote /tmp/clamsara-cas-only-native3-zmv7go3l/fasl/sbcl-2.6.8.3-db35d4561-linux-x64/home/iskam/quicklisp/local-projects/Inravina/code/types-tmpXATIMY4E.fasl
; compilation finished in 0:00:00.008
; compiling file "/home/iskam/quicklisp/local-projects/Inravina/code/interface.lisp" (written 18 MAY 2026 11:55:29 AM):

; wrote /tmp/clamsara-cas-only-native3-zmv7go3l/fasl/sbcl-2.6.8.3-db35d4561-linux-x64/home/iskam/quicklisp/local-projects/Inravina/code/interface-tmp3LJ5VTJR.fasl
; compilation finished in 0:00:00.035
; compiling file "/home/iskam/quicklisp/local-projects/Inravina/code/logical-block.lisp" (written 18 MAY 2026 11:55:29 AM):

; wrote /tmp/clamsara-cas-only-native3-zmv7go3l/fasl/sbcl-2.6.8.3-db35d4561-linux-x64/home/iskam/quicklisp/local-projects/Inravina/code/logical-block-tmp8VUWAF03.fasl
; compilation finished in 0:00:00.010
; compiling file "/home/iskam/quicklisp/local-projects/Inravina/code/list-printers.lisp" (written 18 MAY 2026 11:55:29 AM):

; wrote /tmp/clamsara-cas-only-native3-zmv7go3l/fasl/sbcl-2.6.8.3-db35d4561-linux-x64/home/iskam/quicklisp/local-projects/Inravina/code/list-printers-tmpJUI0JWVS.fasl
; compilation finished in 0:00:00.041
; compiling file "/home/iskam/quicklisp/local-projects/Inravina/code/form-printers.lisp" (written 18 MAY 2026 11:55:29 AM):

; wrote /tmp/clamsara-cas-only-native3-zmv7go3l/fasl/sbcl-2.6.8.3-db35d4561-linux-x64/home/iskam/quicklisp/local-projects/Inravina/code/form-printers-tmpHNA3KE33.fasl
; compilation finished in 0:00:00.181
; compiling file "/home/iskam/quicklisp/local-projects/Inravina/code/object-printers.lisp" (written 18 MAY 2026 11:55:29 AM):

; wrote /tmp/clamsara-cas-only-native3-zmv7go3l/fasl/sbcl-2.6.8.3-db35d4561-linux-x64/home/iskam/quicklisp/local-projects/Inravina/code/object-printers-tmp9QACGPOH.fasl
; compilation finished in 0:00:00.004
; compiling file "/home/iskam/quicklisp/local-projects/Inravina/code/dispatch.lisp" (written 18 MAY 2026 11:55:29 AM):

; wrote /tmp/clamsara-cas-only-native3-zmv7go3l/fasl/sbcl-2.6.8.3-db35d4561-linux-x64/home/iskam/quicklisp/local-projects/Inravina/code/dispatch-tmpST69PK2Q.fasl
; compilation finished in 0:00:00.021
; compiling file "/home/iskam/quicklisp/local-projects/Inravina/code/pretty-stream.lisp" (written 18 MAY 2026 11:55:29 AM):

; wrote /tmp/clamsara-cas-only-native3-zmv7go3l/fasl/sbcl-2.6.8.3-db35d4561-linux-x64/home/iskam/quicklisp/local-projects/Inravina/code/pretty-stream-tmpYAKMHP3C.fasl
; compilation finished in 0:00:00.092
; compiling file "/home/iskam/quicklisp/local-projects/Inravina/code/implementation.lisp" (written 18 MAY 2026 11:55:29 AM):

; wrote /tmp/clamsara-cas-only-native3-zmv7go3l/fasl/sbcl-2.6.8.3-db35d4561-linux-x64/home/iskam/quicklisp/local-projects/Inravina/code/implementation-tmpT250CJEH.fasl
; compilation finished in 0:00:00.011
; compiling file "/home/iskam/quicklisp/local-projects/Invistra/code/packages.lisp" (written 18 MAY 2026 12:35:12 PM):

; wrote /tmp/clamsara-cas-only-native3-zmv7go3l/fasl/sbcl-2.6.8.3-db35d4561-linux-x64/home/iskam/quicklisp/local-projects/Invistra/code/packages-tmpZ5LLIZWU.fasl
; compilation finished in 0:00:00.001
; compiling file "/home/iskam/quicklisp/local-projects/Invistra/code/utilities.lisp" (written 18 MAY 2026 12:35:12 PM):

; wrote /tmp/clamsara-cas-only-native3-zmv7go3l/fasl/sbcl-2.6.8.3-db35d4561-linux-x64/home/iskam/quicklisp/local-projects/Invistra/code/utilities-tmpK87BOA56.fasl
; compilation finished in 0:00:00.018
; compiling file "/home/iskam/quicklisp/local-projects/Invistra/code/conditions.lisp" (written 18 MAY 2026 12:35:12 PM):

; wrote /tmp/clamsara-cas-only-native3-zmv7go3l/fasl/sbcl-2.6.8.3-db35d4561-linux-x64/home/iskam/quicklisp/local-projects/Invistra/code/conditions-tmpRL4WWIL2.fasl
; compilation finished in 0:00:00.020
; compiling file "/home/iskam/quicklisp/local-projects/Invistra/code/generic-functions.lisp" (written 18 MAY 2026 12:35:12 PM):

; wrote /tmp/clamsara-cas-only-native3-zmv7go3l/fasl/sbcl-2.6.8.3-db35d4561-linux-x64/home/iskam/quicklisp/local-projects/Invistra/code/generic-functions-tmp9PRKYPOC.fasl
; compilation finished in 0:00:00.012
WARNING: redefining INVISTRA:CONTROL-STRING in DEFGENERIC
WARNING: redefining INVISTRA::DIRECTIVE-CHARACTER in DEFGENERIC
; compiling file "/home/iskam/quicklisp/local-projects/Invistra/code/directive.lisp" (written 18 MAY 2026 12:35:12 PM):

; wrote /tmp/clamsara-cas-only-native3-zmv7go3l/fasl/sbcl-2.6.8.3-db35d4561-linux-x64/home/iskam/quicklisp/local-projects/Invistra/code/directive-tmp747V57QS.fasl
; compilation finished in 0:00:00.024
; compiling file "/home/iskam/quicklisp/local-projects/Invistra/code/parse-control-string.lisp" (written 18 MAY 2026 12:35:12 PM):

; wrote /tmp/clamsara-cas-only-native3-zmv7go3l/fasl/sbcl-2.6.8.3-db35d4561-linux-x64/home/iskam/quicklisp/local-projects/Invistra/code/parse-control-string-tmpK7KF0QEZ.fasl
; compilation finished in 0:00:00.021
; compiling file "/home/iskam/quicklisp/local-projects/Invistra/code/format.lisp" (written 18 MAY 2026 12:35:12 PM):

; file: /home/iskam/quicklisp/local-projects/Invistra/code/format.lisp
; in:
;      DECLAIM (INLINE POP-ARGUMENT POP-REMAINING-ARGUMENTS GO-TO-ARGUMENT
;           REMAINING-ARGUMENT-COUNT INNER-EXIT OUTER-EXIT
;           INNER-EXIT-IF-EXHAUSTED OUTER-EXIT-IF-EXHAUSTED)
;     (DECLAIM
;      (INLINE INVISTRA:POP-ARGUMENT INVISTRA:POP-REMAINING-ARGUMENTS
;       INVISTRA:GO-TO-ARGUMENT INVISTRA:REMAINING-ARGUMENT-COUNT
;       INVISTRA:INNER-EXIT INVISTRA:OUTER-EXIT INVISTRA:INNER-EXIT-IF-EXHAUSTED
;       INVISTRA:OUTER-EXIT-IF-EXHAUSTED))
; ==>
;   (SB-C::%PROCLAIM
;    '(INLINE INVISTRA:POP-ARGUMENT INVISTRA:POP-REMAINING-ARGUMENTS
;      INVISTRA:GO-TO-ARGUMENT INVISTRA:REMAINING-ARGUMENT-COUNT
;      INVISTRA:INNER-EXIT INVISTRA:OUTER-EXIT INVISTRA:INNER-EXIT-IF-EXHAUSTED
;      INVISTRA:OUTER-EXIT-IF-EXHAUSTED)
;    (SB-C:SOURCE-LOCATION))
; 
; caught STYLE-WARNING:
;   Proclaiming INVISTRA:GO-TO-ARGUMENT to be INLINE, but 1 call to it was
;   previously compiled. A declaration of NOTINLINE at the call site will eliminate
;   this warning, as will proclaiming and defining the function before its first
;   potential use.


; wrote /tmp/clamsara-cas-only-native3-zmv7go3l/fasl/sbcl-2.6.8.3-db35d4561-linux-x64/home/iskam/quicklisp/local-projects/Invistra/code/format-tmp7L3QASG.fasl
; compilation finished in 0:00:00.042
WARNING:
   Lisp compilation had style-warnings while
   compiling #<CL-SOURCE-FILE "invistra" "code" "format">
; compiling file "/home/iskam/quicklisp/local-projects/Invistra/code/expansion.lisp" (written 18 MAY 2026 12:35:12 PM):

; wrote /tmp/clamsara-cas-only-native3-zmv7go3l/fasl/sbcl-2.6.8.3-db35d4561-linux-x64/home/iskam/quicklisp/local-projects/Invistra/code/expansion-tmpSU9OHSB9.fasl
; compilation finished in 0:00:00.021
; compiling file "/home/iskam/quicklisp/local-projects/Invistra/code/basic-output.lisp" (written 18 MAY 2026 12:35:12 PM):

; wrote /tmp/clamsara-cas-only-native3-zmv7go3l/fasl/sbcl-2.6.8.3-db35d4561-linux-x64/home/iskam/quicklisp/local-projects/Invistra/code/basic-output-tmpTEZ5J20P.fasl
; compilation finished in 0:00:00.018
; compiling file "/home/iskam/quicklisp/local-projects/Invistra/code/radix-control.lisp" (written 18 MAY 2026 12:35:12 PM):

; file: /home/iskam/quicklisp/local-projects/Invistra/code/radix-control.lisp
; in: DEFUN FORMAT-RADIX-NUMERAL
;     (QUAVIVER.MATH:COUNT-DIGITS INVISTRA::RADIX INVISTRA::MAGNITUDE)
; --> BLOCK LET COND IF IF IF THE MULTIPLE-VALUE-BIND MULTIPLE-VALUE-CALL 
; --> FUNCTION IF OR LET IF < LET IF < 
; ==>
;   (LENGTH QUAVIVER.MATH::TABLE)
; 
; note: unable to
;   optimize
; due to type uncertainty:
;   The first argument is a SEQUENCE, not a VECTOR.

; --> BLOCK LET COND IF IF IF THE MULTIPLE-VALUE-BIND MULTIPLE-VALUE-CALL 
; --> FUNCTION IF OR LET IF < LET IF 
; ==>
;   (< COUNT (LENGTH QUAVIVER.MATH::TABLE))
; 
; note: unable to
;   open-code FLOAT to RATIONAL comparison
; due to type uncertainty:
;   The first argument is a REAL, not a SINGLE-FLOAT.
; 
; note: unable to
;   open-code FLOAT to RATIONAL comparison
; due to type uncertainty:
;   The first argument is a REAL, not a DOUBLE-FLOAT.

; ==>
;   (EXPT QUAVIVER.MATH::BASE COUNT)
; 
; note: unable to
;   optimize
; due to type uncertainty:
;   The second argument is a (OR (FLOAT 0.0) (RATIONAL 0)), not a INTEGER.

; --> BLOCK LET 
; ==>
;   (INTEGER-LENGTH QUAVIVER.MATH::VALUE)
; 
; note: forced to do full call
;       unable to do inline positive fixnum integer-length (cost 24) because:
;       The first argument is a UNSIGNED-BYTE, not a (UNSIGNED-BYTE 62).
;       unable to do inline fixnum integer-length (cost 25) because:
;       The first argument is a UNSIGNED-BYTE, not a FIXNUM.
;       etc.

; --> BLOCK LET COND IF IF IF THE MULTIPLE-VALUE-BIND MULTIPLE-VALUE-CALL 
; --> FUNCTION IF OR LET IF < LET IF 
; ==>
;   (< COUNT (LENGTH QUAVIVER.MATH::TABLE))
; 
; note: forced to do GENERIC-< (cost 10)
;       unable to do inline fixnum comparison (cost 4) because:
;       The first argument is a T, not a FIXNUM.

; --> BLOCK LET COND IF IF IF THE MULTIPLE-VALUE-BIND MULTIPLE-VALUE-CALL 
; --> FUNCTION IF OR LET IF 
; ==>
;   (< QUAVIVER.MATH::VALUE
;      (LET ((QUAVIVER.MATH::TABLE (SVREF QUAVIVER.MATH::*COUNT-DIGITS-TABLE* #)))
;        (IF (< COUNT (LENGTH QUAVIVER.MATH::TABLE))
;            (SVREF QUAVIVER.MATH::TABLE COUNT)
;            (EXPT QUAVIVER.MATH::BASE COUNT))))
; 
; note: forced to do GENERIC-< (cost 10)
;       unable to do inline fixnum comparison (cost 4) because:
;       The first argument is a UNSIGNED-BYTE, not a FIXNUM.
;       The second argument is a T, not a FIXNUM.


; wrote /tmp/clamsara-cas-only-native3-zmv7go3l/fasl/sbcl-2.6.8.3-db35d4561-linux-x64/home/iskam/quicklisp/local-projects/Invistra/code/radix-control-tmp7EQWE70T.fasl
; compilation finished in 0:00:00.034
; compiling file "/home/iskam/quicklisp/local-projects/Invistra/code/floating-point-printers.lisp" (written 18 MAY 2026 12:35:12 PM):

; file: /home/iskam/quicklisp/local-projects/Invistra/code/floating-point-printers.lisp
; in: DEFUN TRIM-FRACTIONAL
;     (QUAVIVER.MATH:COUNT-DIGITS 10 INVISTRA::SIG)
; ==>
;   (INTEGER-LENGTH QUAVIVER.MATH::VALUE)
; 
; note: forced to do full call
;       unable to do inline positive fixnum integer-length (cost 24) because:
;       The first argument is a INTEGER, not a (UNSIGNED-BYTE 62).
;       unable to do inline fixnum integer-length (cost 25) because:
;       The first argument is a INTEGER, not a FIXNUM.
;       etc.
; 
; note: forced to do full call
;       unable to do inline positive fixnum integer-length (cost 24) because:
;       The first argument is a INTEGER, not a (UNSIGNED-BYTE 62).
;       unable to do inline fixnum integer-length (cost 25) because:
;       The first argument is a INTEGER, not a FIXNUM.
;       etc.

;     (QUAVIVER.MATH:COUNT-DIGITS 10 INVISTRA::SIGNIFICAND)
; ==>
;   (INTEGER-LENGTH QUAVIVER.MATH::VALUE)
; 
; note: forced to do full call
;       unable to do inline positive fixnum integer-length (cost 24) because:
;       The first argument is a NUMBER, not a (UNSIGNED-BYTE 62).
;       unable to do inline fixnum integer-length (cost 25) because:
;       The first argument is a NUMBER, not a FIXNUM.
;       etc.

; in: DEFUN %FORMAT-FIXED-FORMAT-FLOAT
;     (QUAVIVER.MATH:COUNT-DIGITS 10 INVISTRA::SIGNIFICAND)
; ==>
;   (INTEGER-LENGTH QUAVIVER.MATH::VALUE)
; 
; note: forced to do full call
;       unable to do inline positive fixnum integer-length (cost 24) because:
;       The first argument is a T, not a (UNSIGNED-BYTE 62).
;       unable to do inline fixnum integer-length (cost 25) because:
;       The first argument is a T, not a FIXNUM.
;       etc.

;     (QUAVIVER.MATH:COUNT-DIGITS 10 INVISTRA::MY-SIGNIFICAND)
; ==>
;   (INTEGER-LENGTH QUAVIVER.MATH::VALUE)
; 
; note: forced to do full call
;       unable to do inline positive fixnum integer-length (cost 24) because:
;       The first argument is a NUMBER, not a (UNSIGNED-BYTE 62).
;       unable to do inline fixnum integer-length (cost 25) because:
;       The first argument is a NUMBER, not a FIXNUM.
;       etc.

; in: DEFUN %FORMAT-EXPONENTIAL-FLOAT
;     (SINGLE-FLOAT #\f)
; 
; caught STYLE-WARNING:
;   Clause SINGLE-FLOAT is shadowed by SHORT-FLOAT

;     (ABS INVISTRA::MY-EXPONENT)
; 
; note: unable to
;   optimize
; due to type uncertainty:
;   The first argument is a NUMBER, not a (COMPLEX DOUBLE-FLOAT).
;   The result is a (VALUES NUMBER &OPTIONAL), not a (VALUES DOUBLE-FLOAT &REST
;                                                            T).
; 
; note: unable to
;   optimize
; due to type uncertainty:
;   The first argument is a NUMBER, not a (COMPLEX SINGLE-FLOAT).
;   The result is a (VALUES NUMBER &OPTIONAL), not a (VALUES SINGLE-FLOAT &REST
;                                                            T).
; 
; note: unable to
;   optimize
; due to type uncertainty:
;   The first argument is a NUMBER, not a RATIONAL.

;     (QUAVIVER.MATH:COUNT-DIGITS 10 INVISTRA::SIGNIFICAND)
; ==>
;   (INTEGER-LENGTH QUAVIVER.MATH::VALUE)
; 
; note: forced to do full call
;       unable to do inline positive fixnum integer-length (cost 24) because:
;       The first argument is a T, not a (UNSIGNED-BYTE 62).
;       unable to do inline fixnum integer-length (cost 25) because:
;       The first argument is a T, not a FIXNUM.
;       etc.

;     (ABS INVISTRA::MY-EXPONENT)
; 
; note: forced to do full call
;       unable to do inline float arithmetic (cost 1) because:
;       The first argument is a NUMBER, not a SINGLE-FLOAT.
;       The result is a (VALUES NUMBER &OPTIONAL), not a (VALUES SINGLE-FLOAT
;                                                                &OPTIONAL).
;       unable to do inline float arithmetic (cost 1) because:
;       The first argument is a NUMBER, not a DOUBLE-FLOAT.
;       The result is a (VALUES NUMBER &OPTIONAL), not a (VALUES DOUBLE-FLOAT
;                                                                &OPTIONAL).

;     (QUAVIVER.MATH:COUNT-DIGITS 10 (ABS INVISTRA::MY-EXPONENT))
; ==>
;   (INTEGER-LENGTH QUAVIVER.MATH::VALUE)
; 
; note: forced to do full call
;       unable to do inline positive fixnum integer-length (cost 24) because:
;       The first argument is a NUMBER, not a (UNSIGNED-BYTE 62).
;       unable to do inline fixnum integer-length (cost 25) because:
;       The first argument is a NUMBER, not a FIXNUM.
;       etc.

; in: DEFUN %FORMAT-GENERAL-FLOAT
;     (QUAVIVER.MATH:COUNT-DIGITS 10 INVISTRA::SIGNIFICAND)
; ==>
;   (INTEGER-LENGTH QUAVIVER.MATH::VALUE)
; 
; note: forced to do full call
;       unable to do inline positive fixnum integer-length (cost 24) because:
;       The first argument is a T, not a (UNSIGNED-BYTE 62).
;       unable to do inline fixnum integer-length (cost 25) because:
;       The first argument is a T, not a FIXNUM.
;       etc.
; 
; note: forced to do full call
;       unable to do inline positive fixnum integer-length (cost 24) because:
;       The first argument is a T, not a (UNSIGNED-BYTE 62).
;       unable to do inline fixnum integer-length (cost 25) because:
;       The first argument is a T, not a FIXNUM.
;       etc.

; in: DEFUN %FORMAT-MONETARY-FLOAT
;     (QUAVIVER.MATH:COUNT-DIGITS 10 INVISTRA::SIGNIFICAND)
; ==>
;   (INTEGER-LENGTH QUAVIVER.MATH::VALUE)
; 
; note: forced to do full call
;       unable to do inline positive fixnum integer-length (cost 24) because:
;       The first argument is a T, not a (UNSIGNED-BYTE 62).
;       unable to do inline fixnum integer-length (cost 25) because:
;       The first argument is a T, not a FIXNUM.
;       etc.


; wrote /tmp/clamsara-cas-only-native3-zmv7go3l/fasl/sbcl-2.6.8.3-db35d4561-linux-x64/home/iskam/quicklisp/local-projects/Invistra/code/floating-point-printers-tmp83ON8YFR.fasl
; compilation finished in 0:00:00.050
WARNING:
   Lisp compilation had style-warnings while
   compiling #<CL-SOURCE-FILE "invistra" "code" "floating-point-printers">
; compiling file "/home/iskam/quicklisp/local-projects/Invistra/code/printer-operations.lisp" (written 18 MAY 2026 12:35:12 PM):

; wrote /tmp/clamsara-cas-only-native3-zmv7go3l/fasl/sbcl-2.6.8.3-db35d4561-linux-x64/home/iskam/quicklisp/local-projects/Invistra/code/printer-operations-tmpEOOWYRL6.fasl
; compilation finished in 0:00:00.021
; compiling file "/home/iskam/quicklisp/local-projects/Invistra/code/pretty-printer-operations.lisp" (written 18 MAY 2026 12:35:12 PM):

; wrote /tmp/clamsara-cas-only-native3-zmv7go3l/fasl/sbcl-2.6.8.3-db35d4561-linux-x64/home/iskam/quicklisp/local-projects/Invistra/code/pretty-printer-operations-tmpFDZ5SF8C.fasl
; compilation finished in 0:00:00.033
; compiling file "/home/iskam/quicklisp/local-projects/Invistra/code/layout-control.lisp" (written 18 MAY 2026 12:35:12 PM):

; wrote /tmp/clamsara-cas-only-native3-zmv7go3l/fasl/sbcl-2.6.8.3-db35d4561-linux-x64/home/iskam/quicklisp/local-projects/Invistra/code/layout-control-tmp6MGXO15Y.fasl
; compilation finished in 0:00:00.025
; compiling file "/home/iskam/quicklisp/local-projects/Invistra/code/control-flow-operations.lisp" (written 18 MAY 2026 12:35:12 PM):

; wrote /tmp/clamsara-cas-only-native3-zmv7go3l/fasl/sbcl-2.6.8.3-db35d4561-linux-x64/home/iskam/quicklisp/local-projects/Invistra/code/control-flow-operations-tmpSWPNJISY.fasl
; compilation finished in 0:00:00.045
; compiling file "/home/iskam/quicklisp/local-projects/Invistra/code/miscellaneous-operations.lisp" (written 18 MAY 2026 12:35:12 PM):

; wrote /tmp/clamsara-cas-only-native3-zmv7go3l/fasl/sbcl-2.6.8.3-db35d4561-linux-x64/home/iskam/quicklisp/local-projects/Invistra/code/miscellaneous-operations-tmpUXH28IAQ.fasl
; compilation finished in 0:00:00.011
; compiling file "/home/iskam/quicklisp/local-projects/Invistra/code/miscellaneous-pseudo-operations.lisp" (written 18 MAY 2026 12:35:12 PM):

; wrote /tmp/clamsara-cas-only-native3-zmv7go3l/fasl/sbcl-2.6.8.3-db35d4561-linux-x64/home/iskam/quicklisp/local-projects/Invistra/code/miscellaneous-pseudo-operations-tmpRZXAYVZS.fasl
; compilation finished in 0:00:00.032
; compiling file "/home/iskam/quicklisp/local-projects/Invistra/code/condition-reporters-en.lisp" (written 18 MAY 2026 12:35:12 PM):

; wrote /tmp/clamsara-cas-only-native3-zmv7go3l/fasl/sbcl-2.6.8.3-db35d4561-linux-x64/home/iskam/quicklisp/local-projects/Invistra/code/condition-reporters-en-tmpFVBAZC5N.fasl
; compilation finished in 0:00:00.035
; compiling file "/home/iskam/quicklisp/local-projects/Invistra/code/interface.lisp" (written 18 MAY 2026 12:35:12 PM):

; wrote /tmp/clamsara-cas-only-native3-zmv7go3l/fasl/sbcl-2.6.8.3-db35d4561-linux-x64/home/iskam/quicklisp/local-projects/Invistra/code/interface-tmpEN1U5236.fasl
; compilation finished in 0:00:00.008
; compiling file "/home/iskam/quicklisp/dists/quicklisp/software/quaviver-20260101-git/code/trailing-zeros/packages.lisp" (written 20 MAY 2026 03:37:16 PM):

; wrote /tmp/clamsara-cas-only-native3-zmv7go3l/fasl/sbcl-2.6.8.3-db35d4561-linux-x64/home/iskam/quicklisp/dists/quicklisp/software/quaviver-20260101-git/code/trailing-zeros/packages-tmpWKFFHE0Z.fasl
; compilation finished in 0:00:00.001
; compiling file "/home/iskam/quicklisp/dists/quicklisp/software/quaviver-20260101-git/code/trailing-zeros/implementation.lisp" (written 20 MAY 2026 03:37:16 PM):

; file: /home/iskam/quicklisp/dists/quicklisp/software/quaviver-20260101-git/code/trailing-zeros/implementation.lisp
; in: DEFUN ROTR/64
;     (DEFUN QUAVIVER/TRAILING-ZEROS::ROTR/64 (COUNT INTEGER)
;       (DECLARE (OPTIMIZE SPEED)
;                ((INTEGER 0 (64)) COUNT)
;                ((UNSIGNED-BYTE 64) INTEGER))
;       (SB-ROTATE-BYTE:ROTATE-BYTE (- COUNT) (BYTE 64 0) INTEGER))
; --> SB-IMPL::%DEFUN SB-IMPL::%DEFUN SB-INT:NAMED-LAMBDA 
; ==>
;   #'(SB-INT:NAMED-LAMBDA QUAVIVER/TRAILING-ZEROS::ROTR/64
;         (COUNT INTEGER)
;       (DECLARE (SB-C::TOP-LEVEL-FORM))
;       (DECLARE (OPTIMIZE SPEED)
;                ((INTEGER 0 (64)) COUNT)
;                ((UNSIGNED-BYTE 64) INTEGER))
;       (BLOCK QUAVIVER/TRAILING-ZEROS::ROTR/64
;         (SB-ROTATE-BYTE:ROTATE-BYTE (- COUNT) (BYTE 64 0) INTEGER)))
; 
; note: doing unsigned word to integer coercion (cost 20) to "<return value>"

; in: DEFUN REMOVE-TRAILING-ZEROS/64
;     (IF QUAVIVER/TRAILING-ZEROS::B
;         QUAVIVER/TRAILING-ZEROS::R
;         QUAVIVER/TRAILING-ZEROS::SIGNIFICAND)
; 
; note: doing unsigned word to integer coercion (cost 20) from R
; 
; note: doing unsigned word to integer coercion (cost 20) from R
; 
; note: doing unsigned word to integer coercion (cost 20) from R
; 
; note: doing unsigned word to integer coercion (cost 20) from R


; wrote /tmp/clamsara-cas-only-native3-zmv7go3l/fasl/sbcl-2.6.8.3-db35d4561-linux-x64/home/iskam/quicklisp/dists/quicklisp/software/quaviver-20260101-git/code/trailing-zeros/implementation-tmpHCGNQVX4.fasl
; compilation finished in 0:00:00.014
; compiling file "/home/iskam/quicklisp/dists/quicklisp/software/quaviver-20260101-git/code/schubfach/packages.lisp" (written 20 MAY 2026 03:37:16 PM):

; wrote /tmp/clamsara-cas-only-native3-zmv7go3l/fasl/sbcl-2.6.8.3-db35d4561-linux-x64/home/iskam/quicklisp/dists/quicklisp/software/quaviver-20260101-git/code/schubfach/packages-tmpNZ1LR6KM.fasl
; compilation finished in 0:00:00.001
; compiling file "/home/iskam/quicklisp/dists/quicklisp/software/quaviver-20260101-git/code/schubfach/implementation.lisp" (written 20 MAY 2026 03:37:16 PM):

; wrote /tmp/clamsara-cas-only-native3-zmv7go3l/fasl/sbcl-2.6.8.3-db35d4561-linux-x64/home/iskam/quicklisp/dists/quicklisp/software/quaviver-20260101-git/code/schubfach/implementation-tmpPQVFZD5C.fasl
; compilation finished in 0:00:00.050
; compiling file "/home/iskam/quicklisp/local-projects/Incless/code/extrinsic/packages.lisp" (written 18 MAY 2026 12:33:48 PM):

; wrote /tmp/clamsara-cas-only-native3-zmv7go3l/fasl/sbcl-2.6.8.3-db35d4561-linux-x64/home/iskam/quicklisp/local-projects/Incless/code/extrinsic/packages-tmpE8JTPSGT.fasl
; compilation finished in 0:00:00.001
; compiling file "/home/iskam/quicklisp/local-projects/Incless/code/extrinsic/interface.lisp" (written 18 MAY 2026 12:33:48 PM):

; wrote /tmp/clamsara-cas-only-native3-zmv7go3l/fasl/sbcl-2.6.8.3-db35d4561-linux-x64/home/iskam/quicklisp/local-projects/Incless/code/extrinsic/interface-tmpXLGMUBFO.fasl
; compilation finished in 0:00:00.037
; compiling file "/home/iskam/quicklisp/local-projects/Inravina/code/extrinsic/packages.lisp" (written 18 MAY 2026 11:55:29 AM):

; wrote /tmp/clamsara-cas-only-native3-zmv7go3l/fasl/sbcl-2.6.8.3-db35d4561-linux-x64/home/iskam/quicklisp/local-projects/Inravina/code/extrinsic/packages-tmp85XVAH0V.fasl
; compilation finished in 0:00:00.000
; compiling file "/home/iskam/quicklisp/local-projects/Inravina/code/extrinsic/interface.lisp" (written 18 MAY 2026 11:55:29 AM):

; wrote /tmp/clamsara-cas-only-native3-zmv7go3l/fasl/sbcl-2.6.8.3-db35d4561-linux-x64/home/iskam/quicklisp/local-projects/Inravina/code/extrinsic/interface-tmpE4QSJJPV.fasl
; compilation finished in 0:00:00.022
; compiling file "/home/iskam/quicklisp/local-projects/Invistra/code/extrinsic/packages.lisp" (written 18 MAY 2026 12:35:12 PM):

; wrote /tmp/clamsara-cas-only-native3-zmv7go3l/fasl/sbcl-2.6.8.3-db35d4561-linux-x64/home/iskam/quicklisp/local-projects/Invistra/code/extrinsic/packages-tmpW9VXJCU5.fasl
; compilation finished in 0:00:00.001
; compiling file "/home/iskam/quicklisp/local-projects/Invistra/code/extrinsic/interface.lisp" (written 18 MAY 2026 12:35:12 PM):

; wrote /tmp/clamsara-cas-only-native3-zmv7go3l/fasl/sbcl-2.6.8.3-db35d4561-linux-x64/home/iskam/quicklisp/local-projects/Invistra/code/extrinsic/interface-tmpIF3QWIV6.fasl
; compilation finished in 0:00:00.010
; compiling file "/home/iskam/quicklisp/dists/quicklisp/software/trivial-with-current-source-form-20260101-git/code/package.lisp" (written 20 MAY 2026 03:37:17 PM):

; wrote /tmp/clamsara-cas-only-native3-zmv7go3l/fasl/sbcl-2.6.8.3-db35d4561-linux-x64/home/iskam/quicklisp/dists/quicklisp/software/trivial-with-current-source-form-20260101-git/code/package-tmp9BHJXQOA.fasl
; compilation finished in 0:00:00.001
; compiling file "/home/iskam/quicklisp/dists/quicklisp/software/trivial-with-current-source-form-20260101-git/code/sbcl.lisp" (written 20 MAY 2026 03:37:17 PM):

; wrote /tmp/clamsara-cas-only-native3-zmv7go3l/fasl/sbcl-2.6.8.3-db35d4561-linux-x64/home/iskam/quicklisp/dists/quicklisp/software/trivial-with-current-source-form-20260101-git/code/sbcl-tmp8MZGKR5X.fasl
; compilation finished in 0:00:00.001
; compiling file "/home/iskam/quicklisp/dists/quicklisp/software/trivial-with-current-source-form-20260101-git/code/macro.lisp" (written 20 MAY 2026 03:37:17 PM):

; wrote /tmp/clamsara-cas-only-native3-zmv7go3l/fasl/sbcl-2.6.8.3-db35d4561-linux-x64/home/iskam/quicklisp/dists/quicklisp/software/trivial-with-current-source-form-20260101-git/code/macro-tmp54PLG5WT.fasl
; compilation finished in 0:00:00.001
; compiling file "/home/iskam/quicklisp/local-projects/Khazern/code/packages.lisp" (written 19 MAY 2026 08:15:15 PM):

; wrote /tmp/clamsara-cas-only-native3-zmv7go3l/fasl/sbcl-2.6.8.3-db35d4561-linux-x64/home/iskam/quicklisp/local-projects/Khazern/code/packages-tmpGJ7DBMK8.fasl
; compilation finished in 0:00:00.001
; compiling file "/home/iskam/quicklisp/local-projects/Khazern/code/interface.lisp" (written 19 MAY 2026 08:15:15 PM):

; wrote /tmp/clamsara-cas-only-native3-zmv7go3l/fasl/sbcl-2.6.8.3-db35d4561-linux-x64/home/iskam/quicklisp/local-projects/Khazern/code/interface-tmp7O4V59Z5.fasl
; compilation finished in 0:00:00.020
; compiling file "/home/iskam/quicklisp/local-projects/Khazern/code/utilities.lisp" (written 19 MAY 2026 08:15:15 PM):

; file: /home/iskam/quicklisp/local-projects/Khazern/code/utilities.lisp
; in: DEFINE-COMPILER-MACRO UNIQUE-NAME
;     (DEFINE-COMPILER-MACRO KHAZERN:UNIQUE-NAME
;         (&WHOLE KHAZERN:FORM KHAZERN::NAME)
;       (COND
;        ((AND (CONSTANTP KHAZERN::NAME) (SYMBOLP KHAZERN::NAME))
;         `(GENSYM ,(SYMBOL-NAME KHAZERN::NAME)))
;        ((AND (CONSP KHAZERN::NAME) (EQ # 'QUOTE) (SYMBOLP #))
;         `(GENSYM ,(SYMBOL-NAME #)))
;        (T KHAZERN:FORM)))
; --> EVAL-WHEN 
; ==>
;   (SB-C::%DEFINE-COMPILER-MACRO 'KHAZERN:UNIQUE-NAME
;                                 (SB-INT:NAMED-LAMBDA (COMPILER-MACRO
;                                                       KHAZERN:UNIQUE-NAME)
;                                     (#:EXPR #:ENV &AUX (KHAZERN:FORM #:EXPR))
;                                   (DECLARE (SB-C::LAMBDA-LIST (KHAZERN::NAME)))
;                                   (DECLARE (IGNORE #:ENV))
;                                   (SB-INT:NAMED-DS-BIND (:MACRO
;                                                          KHAZERN:UNIQUE-NAME
;                                                          . DEFINE-COMPILER-MACRO)
;                                       (KHAZERN::NAME)
;                                       (SB-C::COMPILER-MACRO-ARGS #:EXPR)
;                                     (DECLARE
;                                      (SB-C::CONSTANT-VALUE KHAZERN::NAME)
;                                      (SB-C::NO-COMPILER-MACRO
;                                       KHAZERN:UNIQUE-NAME))
;                                     (BLOCK KHAZERN:UNIQUE-NAME (COND # # #)))))
; 
; caught STYLE-WARNING:
;   3 calls to KHAZERN:UNIQUE-NAME were compiled before a compiler-macro was
;   defined for it. A declaration of NOTINLINE at the call sites will eliminate
;   this warning, as will defining the compiler-macro before its first potential
;   use.


; wrote /tmp/clamsara-cas-only-native3-zmv7go3l/fasl/sbcl-2.6.8.3-db35d4561-linux-x64/home/iskam/quicklisp/local-projects/Khazern/code/utilities-tmpY90L99EZ.fasl
; compilation finished in 0:00:00.024
WARNING:
   Lisp compilation had style-warnings while
   compiling #<CL-SOURCE-FILE "khazern" "code" "utilities">
; compiling file "/home/iskam/quicklisp/local-projects/Khazern/code/types.lisp" (written 19 MAY 2026 08:15:15 PM):

; wrote /tmp/clamsara-cas-only-native3-zmv7go3l/fasl/sbcl-2.6.8.3-db35d4561-linux-x64/home/iskam/quicklisp/local-projects/Khazern/code/types-tmpXZJKL4Z8.fasl
; compilation finished in 0:00:00.000
; compiling file "/home/iskam/quicklisp/local-projects/Khazern/code/conditions.lisp" (written 28 AUG 2026 03:40:33 PM):

; wrote /tmp/clamsara-cas-only-native3-zmv7go3l/fasl/sbcl-2.6.8.3-db35d4561-linux-x64/home/iskam/quicklisp/local-projects/Khazern/code/conditions-tmpHXNPA9C2.fasl
; compilation finished in 0:00:00.008
; compiling file "/home/iskam/quicklisp/local-projects/Khazern/code/conditions-english.lisp" (written 19 MAY 2026 08:15:15 PM):

; wrote /tmp/clamsara-cas-only-native3-zmv7go3l/fasl/sbcl-2.6.8.3-db35d4561-linux-x64/home/iskam/quicklisp/local-projects/Khazern/code/conditions-english-tmp6W89DJAF.fasl
; compilation finished in 0:00:00.064
; compiling file "/home/iskam/quicklisp/local-projects/Khazern/code/binding.lisp" (written 19 MAY 2026 08:15:15 PM):

; wrote /tmp/clamsara-cas-only-native3-zmv7go3l/fasl/sbcl-2.6.8.3-db35d4561-linux-x64/home/iskam/quicklisp/local-projects/Khazern/code/binding-tmp7RAVZUSP.fasl
; compilation finished in 0:00:00.034
; compiling file "/home/iskam/quicklisp/local-projects/Khazern/code/parser.lisp" (written 19 MAY 2026 08:15:15 PM):

; wrote /tmp/clamsara-cas-only-native3-zmv7go3l/fasl/sbcl-2.6.8.3-db35d4561-linux-x64/home/iskam/quicklisp/local-projects/Khazern/code/parser-tmpKR50OG05.fasl
; compilation finished in 0:00:00.027
; compiling file "/home/iskam/quicklisp/local-projects/Khazern/code/clause.lisp" (written 19 MAY 2026 08:15:15 PM):

; wrote /tmp/clamsara-cas-only-native3-zmv7go3l/fasl/sbcl-2.6.8.3-db35d4561-linux-x64/home/iskam/quicklisp/local-projects/Khazern/code/clause-tmpTLRJZ1UR.fasl
; compilation finished in 0:00:00.034
; compiling file "/home/iskam/quicklisp/local-projects/Khazern/code/expansion.lisp" (written 19 MAY 2026 08:15:15 PM):

; wrote /tmp/clamsara-cas-only-native3-zmv7go3l/fasl/sbcl-2.6.8.3-db35d4561-linux-x64/home/iskam/quicklisp/local-projects/Khazern/code/expansion-tmpTJFR94DB.fasl
; compilation finished in 0:00:00.017
; compiling file "/home/iskam/quicklisp/local-projects/Khazern/code/variable-init-and-stepping-clauses.lisp" (written 28 AUG 2026 03:40:33 PM):

; wrote /tmp/clamsara-cas-only-native3-zmv7go3l/fasl/sbcl-2.6.8.3-db35d4561-linux-x64/home/iskam/quicklisp/local-projects/Khazern/code/variable-init-and-stepping-clauses-tmp12QLR4GC.fasl
; compilation finished in 0:00:00.102
; compiling file "/home/iskam/quicklisp/local-projects/Khazern/code/value-accumulation-clauses.lisp" (written 19 MAY 2026 08:15:15 PM):

; wrote /tmp/clamsara-cas-only-native3-zmv7go3l/fasl/sbcl-2.6.8.3-db35d4561-linux-x64/home/iskam/quicklisp/local-projects/Khazern/code/value-accumulation-clauses-tmpHNON3GN3.fasl
; compilation finished in 0:00:00.047
; compiling file "/home/iskam/quicklisp/local-projects/Khazern/code/termination-test-clauses.lisp" (written 19 MAY 2026 08:15:15 PM):

; wrote /tmp/clamsara-cas-only-native3-zmv7go3l/fasl/sbcl-2.6.8.3-db35d4561-linux-x64/home/iskam/quicklisp/local-projects/Khazern/code/termination-test-clauses-tmpUL4IFWT3.fasl
; compilation finished in 0:00:00.024
; compiling file "/home/iskam/quicklisp/local-projects/Khazern/code/unconditional-execution-clauses.lisp" (written 19 MAY 2026 08:15:15 PM):

; wrote /tmp/clamsara-cas-only-native3-zmv7go3l/fasl/sbcl-2.6.8.3-db35d4561-linux-x64/home/iskam/quicklisp/local-projects/Khazern/code/unconditional-execution-clauses-tmpOKX06099.fasl
; compilation finished in 0:00:00.005
; compiling file "/home/iskam/quicklisp/local-projects/Khazern/code/conditional-execution-clauses.lisp" (written 19 MAY 2026 08:15:15 PM):

; wrote /tmp/clamsara-cas-only-native3-zmv7go3l/fasl/sbcl-2.6.8.3-db35d4561-linux-x64/home/iskam/quicklisp/local-projects/Khazern/code/conditional-execution-clauses-tmp3PQWDVVX.fasl
; compilation finished in 0:00:00.010
; compiling file "/home/iskam/quicklisp/local-projects/Khazern/code/miscellaneous-clauses.lisp" (written 19 MAY 2026 08:15:15 PM):

; wrote /tmp/clamsara-cas-only-native3-zmv7go3l/fasl/sbcl-2.6.8.3-db35d4561-linux-x64/home/iskam/quicklisp/local-projects/Khazern/code/miscellaneous-clauses-tmpFJAR440P.fasl
; compilation finished in 0:00:00.009
; compiling file "/home/iskam/quicklisp/local-projects/Khazern/code/extrinsic/packages.lisp" (written 19 MAY 2026 08:15:15 PM):

; wrote /tmp/clamsara-cas-only-native3-zmv7go3l/fasl/sbcl-2.6.8.3-db35d4561-linux-x64/home/iskam/quicklisp/local-projects/Khazern/code/extrinsic/packages-tmpM2X5AGVD.fasl
; compilation finished in 0:00:00.000
; compiling file "/home/iskam/quicklisp/local-projects/Khazern/code/extrinsic/loop.lisp" (written 19 MAY 2026 08:15:15 PM):

; wrote /tmp/clamsara-cas-only-native3-zmv7go3l/fasl/sbcl-2.6.8.3-db35d4561-linux-x64/home/iskam/quicklisp/local-projects/Khazern/code/extrinsic/loop-tmpV9XLLI3F.fasl
; compilation finished in 0:00:00.002
; compiling file "/home/iskam/quicklisp/local-projects/Extrinsicl/packages.lisp" (written 18 MAY 2026 11:54:18 AM):

; wrote /tmp/clamsara-cas-only-native3-zmv7go3l/fasl/sbcl-2.6.8.3-db35d4561-linux-x64/home/iskam/quicklisp/local-projects/Extrinsicl/packages-tmpCNL9LF4O.fasl
; compilation finished in 0:00:00.000
; compiling file "/home/iskam/quicklisp/local-projects/Extrinsicl/type.lisp" (written 18 MAY 2026 11:54:18 AM):

; wrote /tmp/clamsara-cas-only-native3-zmv7go3l/fasl/sbcl-2.6.8.3-db35d4561-linux-x64/home/iskam/quicklisp/local-projects/Extrinsicl/type-tmpA2MZF3D.fasl
; compilation finished in 0:00:00.010
; compiling file "/home/iskam/quicklisp/local-projects/Extrinsicl/access.lisp" (written 18 MAY 2026 11:54:18 AM):

; wrote /tmp/clamsara-cas-only-native3-zmv7go3l/fasl/sbcl-2.6.8.3-db35d4561-linux-x64/home/iskam/quicklisp/local-projects/Extrinsicl/access-tmp820USYC0.fasl
; compilation finished in 0:00:00.008
; compiling file "/home/iskam/quicklisp/local-projects/Extrinsicl/defaliases.lisp" (written 18 MAY 2026 11:54:18 AM):

; wrote /tmp/clamsara-cas-only-native3-zmv7go3l/fasl/sbcl-2.6.8.3-db35d4561-linux-x64/home/iskam/quicklisp/local-projects/Extrinsicl/defaliases-tmpAP7D2UW2.fasl
; compilation finished in 0:00:00.006
; compiling file "/home/iskam/quicklisp/local-projects/Extrinsicl/environment-access-functions.lisp" (written 18 MAY 2026 11:54:18 AM):

; wrote /tmp/clamsara-cas-only-native3-zmv7go3l/fasl/sbcl-2.6.8.3-db35d4561-linux-x64/home/iskam/quicklisp/local-projects/Extrinsicl/environment-access-functions-tmpU93Z06A.fasl
; compilation finished in 0:00:00.359
; compiling file "/home/iskam/quicklisp/local-projects/Extrinsicl/proclaim.lisp" (written 18 MAY 2026 11:54:18 AM):

; wrote /tmp/clamsara-cas-only-native3-zmv7go3l/fasl/sbcl-2.6.8.3-db35d4561-linux-x64/home/iskam/quicklisp/local-projects/Extrinsicl/proclaim-tmpL3K5PO5H.fasl
; compilation finished in 0:00:00.007
; compiling file "/home/iskam/quicklisp/local-projects/Extrinsicl/setf-expansions.lisp" (written 18 MAY 2026 11:54:18 AM):

; wrote /tmp/clamsara-cas-only-native3-zmv7go3l/fasl/sbcl-2.6.8.3-db35d4561-linux-x64/home/iskam/quicklisp/local-projects/Extrinsicl/setf-expansions-tmpPP843P2R.fasl
; compilation finished in 0:00:00.033
; compiling file "/home/iskam/quicklisp/local-projects/Extrinsicl/common-macros.lisp" (written 18 MAY 2026 11:54:18 AM):

; wrote /tmp/clamsara-cas-only-native3-zmv7go3l/fasl/sbcl-2.6.8.3-db35d4561-linux-x64/home/iskam/quicklisp/local-projects/Extrinsicl/common-macros-tmpBK2QBAFY.fasl
; compilation finished in 0:00:00.002
; compiling file "/home/iskam/quicklisp/local-projects/Extrinsicl/loop.lisp" (written 18 MAY 2026 11:54:18 AM):

; wrote /tmp/clamsara-cas-only-native3-zmv7go3l/fasl/sbcl-2.6.8.3-db35d4561-linux-x64/home/iskam/quicklisp/local-projects/Extrinsicl/loop-tmpAHPKJ6EW.fasl
; compilation finished in 0:00:00.001
; compiling file "/home/iskam/quicklisp/local-projects/Extrinsicl/format.lisp" (written 18 MAY 2026 11:54:18 AM):

; wrote /tmp/clamsara-cas-only-native3-zmv7go3l/fasl/sbcl-2.6.8.3-db35d4561-linux-x64/home/iskam/quicklisp/local-projects/Extrinsicl/format-tmpJJIXGGXK.fasl
; compilation finished in 0:00:00.003
; compiling file "/home/iskam/quicklisp/local-projects/Extrinsicl/simple-aliases.lisp" (written 18 MAY 2026 11:54:18 AM):

; wrote /tmp/clamsara-cas-only-native3-zmv7go3l/fasl/sbcl-2.6.8.3-db35d4561-linux-x64/home/iskam/quicklisp/local-projects/Extrinsicl/simple-aliases-tmpMYEEYI7L.fasl
; compilation finished in 0:00:00.004
; compiling file "/home/iskam/quicklisp/local-projects/Extrinsicl/condition-system-aliases.lisp" (written 18 MAY 2026 11:54:18 AM):

; wrote /tmp/clamsara-cas-only-native3-zmv7go3l/fasl/sbcl-2.6.8.3-db35d4561-linux-x64/home/iskam/quicklisp/local-projects/Extrinsicl/condition-system-aliases-tmp2OZ1RF2X.fasl
; compilation finished in 0:00:00.003
; compiling file "/home/iskam/quicklisp/local-projects/Extrinsicl/make-load-form-saving-slots.lisp" (written 18 MAY 2026 11:54:18 AM):

; wrote /tmp/clamsara-cas-only-native3-zmv7go3l/fasl/sbcl-2.6.8.3-db35d4561-linux-x64/home/iskam/quicklisp/local-projects/Extrinsicl/make-load-form-saving-slots-tmpMABYFPD4.fasl
; compilation finished in 0:00:00.003
; compiling file "/home/iskam/quicklisp/local-projects/Extrinsicl/special-operators.lisp" (written 18 MAY 2026 11:54:18 AM):

; wrote /tmp/clamsara-cas-only-native3-zmv7go3l/fasl/sbcl-2.6.8.3-db35d4561-linux-x64/home/iskam/quicklisp/local-projects/Extrinsicl/special-operators-tmpO0782EL2.fasl
; compilation finished in 0:00:00.001
; compiling file "/home/iskam/quicklisp/local-projects/Extrinsicl/variables.lisp" (written 18 MAY 2026 11:54:18 AM):

; wrote /tmp/clamsara-cas-only-native3-zmv7go3l/fasl/sbcl-2.6.8.3-db35d4561-linux-x64/home/iskam/quicklisp/local-projects/Extrinsicl/variables-tmpFXGDO0E3.fasl
; compilation finished in 0:00:00.002
; compiling file "/home/iskam/quicklisp/local-projects/Extrinsicl/install.lisp" (written 18 MAY 2026 11:54:18 AM):

; wrote /tmp/clamsara-cas-only-native3-zmv7go3l/fasl/sbcl-2.6.8.3-db35d4561-linux-x64/home/iskam/quicklisp/local-projects/Extrinsicl/install-tmpLCE8PO0U.fasl
; compilation finished in 0:00:00.001
; compiling file "/home/iskam/quicklisp/local-projects/Maclina/packages.lisp" (written 18 MAY 2026 11:46:46 AM):

; wrote /tmp/clamsara-cas-only-native3-zmv7go3l/fasl/sbcl-2.6.8.3-db35d4561-linux-x64/home/iskam/quicklisp/local-projects/Maclina/packages-tmpS48VDGU2.fasl
; compilation finished in 0:00:00.001
; compiling file "/home/iskam/quicklisp/local-projects/Maclina/machine.lisp" (written 18 MAY 2026 11:46:46 AM):

; wrote /tmp/clamsara-cas-only-native3-zmv7go3l/fasl/sbcl-2.6.8.3-db35d4561-linux-x64/home/iskam/quicklisp/local-projects/Maclina/machine-tmp5LF2452A.fasl
; compilation finished in 0:00:00.012
; compiling file "/home/iskam/quicklisp/local-projects/Maclina/arg-conditions.lisp" (written 18 MAY 2026 11:46:46 AM):

; wrote /tmp/clamsara-cas-only-native3-zmv7go3l/fasl/sbcl-2.6.8.3-db35d4561-linux-x64/home/iskam/quicklisp/local-projects/Maclina/arg-conditions-tmpTSFGDAZ7.fasl
; compilation finished in 0:00:00.007
; compiling file "/home/iskam/quicklisp/local-projects/Maclina/structures.lisp" (written 18 MAY 2026 11:46:46 AM):

; wrote /tmp/clamsara-cas-only-native3-zmv7go3l/fasl/sbcl-2.6.8.3-db35d4561-linux-x64/home/iskam/quicklisp/local-projects/Maclina/structures-tmpGJFUKHN2.fasl
; compilation finished in 0:00:00.011
; compiling file "/home/iskam/quicklisp/local-projects/Maclina/map-info.lisp" (written 18 MAY 2026 11:46:46 AM):

; wrote /tmp/clamsara-cas-only-native3-zmv7go3l/fasl/sbcl-2.6.8.3-db35d4561-linux-x64/home/iskam/quicklisp/local-projects/Maclina/map-info-tmpRLWVC93J.fasl
; compilation finished in 0:00:00.008
; compiling file "/home/iskam/quicklisp/local-projects/Maclina/link.lisp" (written 18 MAY 2026 11:46:46 AM):

; wrote /tmp/clamsara-cas-only-native3-zmv7go3l/fasl/sbcl-2.6.8.3-db35d4561-linux-x64/home/iskam/quicklisp/local-projects/Maclina/link-tmpLJXQSCJY.fasl
; compilation finished in 0:00:00.002
; compiling file "/home/iskam/quicklisp/local-projects/Maclina/access.lisp" (written 18 MAY 2026 11:46:46 AM):

; wrote /tmp/clamsara-cas-only-native3-zmv7go3l/fasl/sbcl-2.6.8.3-db35d4561-linux-x64/home/iskam/quicklisp/local-projects/Maclina/access-tmp4OLR0J6X.fasl
; compilation finished in 0:00:00.004
; compiling file "/home/iskam/quicklisp/local-projects/Maclina/introspect.lisp" (written 18 MAY 2026 11:46:46 AM):

; wrote /tmp/clamsara-cas-only-native3-zmv7go3l/fasl/sbcl-2.6.8.3-db35d4561-linux-x64/home/iskam/quicklisp/local-projects/Maclina/introspect-tmp6XXQRAHN.fasl
; compilation finished in 0:00:00.023
; compiling file "/home/iskam/quicklisp/local-projects/Maclina/disassemble.lisp" (written 18 MAY 2026 11:46:46 AM):

; wrote /tmp/clamsara-cas-only-native3-zmv7go3l/fasl/sbcl-2.6.8.3-db35d4561-linux-x64/home/iskam/quicklisp/local-projects/Maclina/disassemble-tmpGO08YVIW.fasl
; compilation finished in 0:00:00.036
; compiling file "/home/iskam/quicklisp/local-projects/Maclina/compile/package.lisp" (written 18 MAY 2026 11:46:46 AM):

; wrote /tmp/clamsara-cas-only-native3-zmv7go3l/fasl/sbcl-2.6.8.3-db35d4561-linux-x64/home/iskam/quicklisp/local-projects/Maclina/compile/package-tmpW4V46RST.fasl
; compilation finished in 0:00:00.001
; compiling file "/home/iskam/quicklisp/local-projects/Maclina/compile/conditions.lisp" (written 18 MAY 2026 11:46:46 AM):

; wrote /tmp/clamsara-cas-only-native3-zmv7go3l/fasl/sbcl-2.6.8.3-db35d4561-linux-x64/home/iskam/quicklisp/local-projects/Maclina/compile/conditions-tmp3OJ639ET.fasl
; compilation finished in 0:00:00.003
; compiling file "/home/iskam/quicklisp/local-projects/Maclina/compile/misc-program-conditions.lisp" (written 18 MAY 2026 11:46:46 AM):

; wrote /tmp/clamsara-cas-only-native3-zmv7go3l/fasl/sbcl-2.6.8.3-db35d4561-linux-x64/home/iskam/quicklisp/local-projects/Maclina/compile/misc-program-conditions-tmpB4L1425D.fasl
; compilation finished in 0:00:00.026
; compiling file "/home/iskam/quicklisp/local-projects/Maclina/compile/parse-macro.lisp" (written 18 MAY 2026 11:46:46 AM):

; wrote /tmp/clamsara-cas-only-native3-zmv7go3l/fasl/sbcl-2.6.8.3-db35d4561-linux-x64/home/iskam/quicklisp/local-projects/Maclina/compile/parse-macro-tmpFG7U3LX.fasl
; compilation finished in 0:00:00.023
; compiling file "/home/iskam/quicklisp/local-projects/Maclina/compile/unknown-reference-conditions.lisp" (written 18 MAY 2026 11:46:46 AM):

; wrote /tmp/clamsara-cas-only-native3-zmv7go3l/fasl/sbcl-2.6.8.3-db35d4561-linux-x64/home/iskam/quicklisp/local-projects/Maclina/compile/unknown-reference-conditions-tmpRB2S59DB.fasl
; compilation finished in 0:00:00.009
; compiling file "/home/iskam/quicklisp/local-projects/Maclina/compile/compilation-unit.lisp" (written 18 MAY 2026 11:46:46 AM):

; wrote /tmp/clamsara-cas-only-native3-zmv7go3l/fasl/sbcl-2.6.8.3-db35d4561-linux-x64/home/iskam/quicklisp/local-projects/Maclina/compile/compilation-unit-tmpU1JZ7FXZ.fasl
; compilation finished in 0:00:00.016
; compiling file "/home/iskam/quicklisp/local-projects/Maclina/compile/environment.lisp" (written 18 MAY 2026 11:46:46 AM):

; wrote /tmp/clamsara-cas-only-native3-zmv7go3l/fasl/sbcl-2.6.8.3-db35d4561-linux-x64/home/iskam/quicklisp/local-projects/Maclina/compile/environment-tmp2DUJ9I.fasl
; compilation finished in 0:00:00.086
; compiling file "/home/iskam/quicklisp/local-projects/Maclina/compile/compile.lisp" (written 18 MAY 2026 11:46:46 AM):

; wrote /tmp/clamsara-cas-only-native3-zmv7go3l/fasl/sbcl-2.6.8.3-db35d4561-linux-x64/home/iskam/quicklisp/local-projects/Maclina/compile/compile-tmpU602JQSD.fasl
; compilation finished in 0:00:00.301
; compiling file "/home/iskam/quicklisp/local-projects/Maclina/compile/documentation.lisp" (written 18 MAY 2026 11:46:46 AM):

; wrote /tmp/clamsara-cas-only-native3-zmv7go3l/fasl/sbcl-2.6.8.3-db35d4561-linux-x64/home/iskam/quicklisp/local-projects/Maclina/compile/documentation-tmp5O3OCPXW.fasl
; compilation finished in 0:00:00.002
; compiling file "/home/iskam/quicklisp/local-projects/Eclector/code/base/package.lisp" (written 28 JUN 2023 11:09:46 PM):

; wrote /tmp/clamsara-cas-only-native3-zmv7go3l/fasl/sbcl-2.6.8.3-db35d4561-linux-x64/home/iskam/quicklisp/local-projects/Eclector/code/base/package-tmpOLTFAEPG.fasl
; compilation finished in 0:00:00.000
; compiling file "/home/iskam/quicklisp/local-projects/Eclector/code/base/utilities.lisp" (written 19 MAR 2023 10:41:35 PM):

; wrote /tmp/clamsara-cas-only-native3-zmv7go3l/fasl/sbcl-2.6.8.3-db35d4561-linux-x64/home/iskam/quicklisp/local-projects/Eclector/code/base/utilities-tmpUZ4MPL4A.fasl
; compilation finished in 0:00:00.001
; compiling file "/home/iskam/quicklisp/local-projects/Eclector/code/base/variables.lisp" (written 19 MAR 2023 10:41:35 PM):

; wrote /tmp/clamsara-cas-only-native3-zmv7go3l/fasl/sbcl-2.6.8.3-db35d4561-linux-x64/home/iskam/quicklisp/local-projects/Eclector/code/base/variables-tmpBQS2IZ67.fasl
; compilation finished in 0:00:00.000
; compiling file "/home/iskam/quicklisp/local-projects/Eclector/code/base/generic-functions.lisp" (written 18 MAY 2026 12:34:56 PM):

; wrote /tmp/clamsara-cas-only-native3-zmv7go3l/fasl/sbcl-2.6.8.3-db35d4561-linux-x64/home/iskam/quicklisp/local-projects/Eclector/code/base/generic-functions-tmpDEX1AB43.fasl
; compilation finished in 0:00:00.002
; compiling file "/home/iskam/quicklisp/local-projects/Eclector/code/base/conditions.lisp" (written 28 JUN 2023 11:09:46 PM):

; wrote /tmp/clamsara-cas-only-native3-zmv7go3l/fasl/sbcl-2.6.8.3-db35d4561-linux-x64/home/iskam/quicklisp/local-projects/Eclector/code/base/conditions-tmpXEL4GRQG.fasl
; compilation finished in 0:00:00.008
; compiling file "/home/iskam/quicklisp/local-projects/Eclector/code/base/read-char.lisp" (written 28 JUN 2023 11:09:46 PM):

; wrote /tmp/clamsara-cas-only-native3-zmv7go3l/fasl/sbcl-2.6.8.3-db35d4561-linux-x64/home/iskam/quicklisp/local-projects/Eclector/code/base/read-char-tmpBLHHY8QV.fasl
; compilation finished in 0:00:00.006
; compiling file "/home/iskam/quicklisp/local-projects/Eclector/code/base/messages-english.lisp" (written 19 MAR 2023 10:41:35 PM):

; wrote /tmp/clamsara-cas-only-native3-zmv7go3l/fasl/sbcl-2.6.8.3-db35d4561-linux-x64/home/iskam/quicklisp/local-projects/Eclector/code/base/messages-english-tmpGMYRLBUL.fasl
; compilation finished in 0:00:00.004
; compiling file "/home/iskam/quicklisp/local-projects/Eclector/code/readtable/package.lisp" (written 18 MAY 2026 12:34:56 PM):

; wrote /tmp/clamsara-cas-only-native3-zmv7go3l/fasl/sbcl-2.6.8.3-db35d4561-linux-x64/home/iskam/quicklisp/local-projects/Eclector/code/readtable/package-tmpLT3BCQID.fasl
; compilation finished in 0:00:00.000
; compiling file "/home/iskam/quicklisp/local-projects/Eclector/code/readtable/variables.lisp" (written 19 MAR 2023 10:41:35 PM):

; wrote /tmp/clamsara-cas-only-native3-zmv7go3l/fasl/sbcl-2.6.8.3-db35d4561-linux-x64/home/iskam/quicklisp/local-projects/Eclector/code/readtable/variables-tmp7AGUJ6PJ.fasl
; compilation finished in 0:00:00.000
; compiling file "/home/iskam/quicklisp/local-projects/Eclector/code/readtable/conditions.lisp" (written 18 MAY 2026 12:34:56 PM):

; wrote /tmp/clamsara-cas-only-native3-zmv7go3l/fasl/sbcl-2.6.8.3-db35d4561-linux-x64/home/iskam/quicklisp/local-projects/Eclector/code/readtable/conditions-tmpADFMBTPY.fasl
; compilation finished in 0:00:00.002
; compiling file "/home/iskam/quicklisp/local-projects/Eclector/code/readtable/generic-functions.lisp" (written 19 MAR 2023 10:41:35 PM):

; wrote /tmp/clamsara-cas-only-native3-zmv7go3l/fasl/sbcl-2.6.8.3-db35d4561-linux-x64/home/iskam/quicklisp/local-projects/Eclector/code/readtable/generic-functions-tmpJ65DAF15.fasl
; compilation finished in 0:00:00.003
; compiling file "/home/iskam/quicklisp/local-projects/Eclector/code/readtable/messages-english.lisp" (written 18 MAY 2026 12:34:56 PM):

; wrote /tmp/clamsara-cas-only-native3-zmv7go3l/fasl/sbcl-2.6.8.3-db35d4561-linux-x64/home/iskam/quicklisp/local-projects/Eclector/code/readtable/messages-english-tmpIXT65XFP.fasl
; compilation finished in 0:00:00.013
; compiling file "/home/iskam/quicklisp/local-projects/Eclector/code/readtable/simple/package.lisp" (written 19 MAR 2023 10:41:35 PM):

; wrote /tmp/clamsara-cas-only-native3-zmv7go3l/fasl/sbcl-2.6.8.3-db35d4561-linux-x64/home/iskam/quicklisp/local-projects/Eclector/code/readtable/simple/package-tmpAJ0SGYIK.fasl
; compilation finished in 0:00:00.000
; compiling file "/home/iskam/quicklisp/local-projects/Eclector/code/readtable/simple/readtable.lisp" (written 19 MAR 2023 10:41:35 PM):

; wrote /tmp/clamsara-cas-only-native3-zmv7go3l/fasl/sbcl-2.6.8.3-db35d4561-linux-x64/home/iskam/quicklisp/local-projects/Eclector/code/readtable/simple/readtable-tmpJ2HJZECB.fasl
; compilation finished in 0:00:00.001
; compiling file "/home/iskam/quicklisp/local-projects/Eclector/code/readtable/simple/methods.lisp" (written 18 MAY 2026 12:34:56 PM):

; wrote /tmp/clamsara-cas-only-native3-zmv7go3l/fasl/sbcl-2.6.8.3-db35d4561-linux-x64/home/iskam/quicklisp/local-projects/Eclector/code/readtable/simple/methods-tmpXY4FGAPA.fasl
; compilation finished in 0:00:00.019
; compiling file "/home/iskam/quicklisp/local-projects/Eclector/code/readtable/simple/messages-english.lisp" (written 19 MAR 2023 10:41:35 PM):

; wrote /tmp/clamsara-cas-only-native3-zmv7go3l/fasl/sbcl-2.6.8.3-db35d4561-linux-x64/home/iskam/quicklisp/local-projects/Eclector/code/readtable/simple/messages-english-tmp1MDGH4SW.fasl
; compilation finished in 0:00:00.001
; compiling file "/home/iskam/quicklisp/local-projects/Eclector/code/reader/package.lisp" (written 18 MAY 2026 12:34:56 PM):

; wrote /tmp/clamsara-cas-only-native3-zmv7go3l/fasl/sbcl-2.6.8.3-db35d4561-linux-x64/home/iskam/quicklisp/local-projects/Eclector/code/reader/package-tmpV8WTFLZM.fasl
; compilation finished in 0:00:00.002
; compiling file "/home/iskam/quicklisp/local-projects/Eclector/code/reader/more-variables.lisp" (written 10 MAR 2025 09:28:50 PM):

; wrote /tmp/clamsara-cas-only-native3-zmv7go3l/fasl/sbcl-2.6.8.3-db35d4561-linux-x64/home/iskam/quicklisp/local-projects/Eclector/code/reader/more-variables-tmpX2YW1LTJ.fasl
; compilation finished in 0:00:00.001
; compiling file "/home/iskam/quicklisp/local-projects/Eclector/code/reader/generic-functions.lisp" (written 18 MAY 2026 12:34:56 PM):

; wrote /tmp/clamsara-cas-only-native3-zmv7go3l/fasl/sbcl-2.6.8.3-db35d4561-linux-x64/home/iskam/quicklisp/local-projects/Eclector/code/reader/generic-functions-tmpLB88W1T5.fasl
; compilation finished in 0:00:00.048
; compiling file "/home/iskam/quicklisp/local-projects/Eclector/code/reader/additional-conditions.lisp" (written 18 MAY 2026 12:34:56 PM):

; wrote /tmp/clamsara-cas-only-native3-zmv7go3l/fasl/sbcl-2.6.8.3-db35d4561-linux-x64/home/iskam/quicklisp/local-projects/Eclector/code/reader/additional-conditions-tmp3F80YMF6.fasl
; compilation finished in 0:00:00.018
; compiling file "/home/iskam/quicklisp/local-projects/Eclector/code/reader/utilities.lisp" (written 18 MAY 2026 12:34:56 PM):

; wrote /tmp/clamsara-cas-only-native3-zmv7go3l/fasl/sbcl-2.6.8.3-db35d4561-linux-x64/home/iskam/quicklisp/local-projects/Eclector/code/reader/utilities-tmpJJORT7HU.fasl
; compilation finished in 0:00:00.030
; compiling file "/home/iskam/quicklisp/local-projects/Eclector/code/reader/labeled-objects.lisp" (written 18 MAY 2026 12:34:56 PM):

; wrote /tmp/clamsara-cas-only-native3-zmv7go3l/fasl/sbcl-2.6.8.3-db35d4561-linux-x64/home/iskam/quicklisp/local-projects/Eclector/code/reader/labeled-objects-tmp5DBB8JTB.fasl
; compilation finished in 0:00:00.052
; compiling file "/home/iskam/quicklisp/local-projects/Eclector/code/reader/tokens.lisp" (written 18 MAY 2026 12:34:56 PM):

; wrote /tmp/clamsara-cas-only-native3-zmv7go3l/fasl/sbcl-2.6.8.3-db35d4561-linux-x64/home/iskam/quicklisp/local-projects/Eclector/code/reader/tokens-tmpZSBL0HHQ.fasl
; compilation finished in 0:00:00.074
; compiling file "/home/iskam/quicklisp/local-projects/Eclector/code/reader/read-common.lisp" (written 18 MAY 2026 12:34:56 PM):

; wrote /tmp/clamsara-cas-only-native3-zmv7go3l/fasl/sbcl-2.6.8.3-db35d4561-linux-x64/home/iskam/quicklisp/local-projects/Eclector/code/reader/read-common-tmpV1RXKPB.fasl
; compilation finished in 0:00:00.012
; compiling file "/home/iskam/quicklisp/local-projects/Eclector/code/reader/read.lisp" (written 10 MAR 2025 09:28:50 PM):

; wrote /tmp/clamsara-cas-only-native3-zmv7go3l/fasl/sbcl-2.6.8.3-db35d4561-linux-x64/home/iskam/quicklisp/local-projects/Eclector/code/reader/read-tmp3SZ0XWQD.fasl
; compilation finished in 0:00:00.019
; compiling file "/home/iskam/quicklisp/local-projects/Eclector/code/reader/macro-functions.lisp" (written 18 MAY 2026 12:34:56 PM):

; wrote /tmp/clamsara-cas-only-native3-zmv7go3l/fasl/sbcl-2.6.8.3-db35d4561-linux-x64/home/iskam/quicklisp/local-projects/Eclector/code/reader/macro-functions-tmp9YHAVVS9.fasl
; compilation finished in 0:00:00.083
; compiling file "/home/iskam/quicklisp/local-projects/Eclector/code/reader/init.lisp" (written 19 MAR 2023 10:41:35 PM):

; wrote /tmp/clamsara-cas-only-native3-zmv7go3l/fasl/sbcl-2.6.8.3-db35d4561-linux-x64/home/iskam/quicklisp/local-projects/Eclector/code/reader/init-tmp92WUBED1.fasl
; compilation finished in 0:00:00.003
; compiling file "/home/iskam/quicklisp/local-projects/Eclector/code/reader/quasiquote-macro.lisp" (written 18 MAY 2026 12:34:56 PM):

; wrote /tmp/clamsara-cas-only-native3-zmv7go3l/fasl/sbcl-2.6.8.3-db35d4561-linux-x64/home/iskam/quicklisp/local-projects/Eclector/code/reader/quasiquote-macro-tmpAHBBVXUF.fasl
; compilation finished in 0:00:00.007
; compiling file "/home/iskam/quicklisp/local-projects/Eclector/code/reader/deprecation.lisp" (written 18 MAY 2026 12:34:56 PM):

; wrote /tmp/clamsara-cas-only-native3-zmv7go3l/fasl/sbcl-2.6.8.3-db35d4561-linux-x64/home/iskam/quicklisp/local-projects/Eclector/code/reader/deprecation-tmpFIDDIIG7.fasl
; compilation finished in 0:00:00.002
; compiling file "/home/iskam/quicklisp/local-projects/Eclector/code/reader/messages-english.lisp" (written 18 MAY 2026 12:34:56 PM):

; wrote /tmp/clamsara-cas-only-native3-zmv7go3l/fasl/sbcl-2.6.8.3-db35d4561-linux-x64/home/iskam/quicklisp/local-projects/Eclector/code/reader/messages-english-tmpB1G5I0B3.fasl
; compilation finished in 0:00:00.342
; compiling file "/home/iskam/quicklisp/local-projects/Eclector/code/parse-result/package.lisp" (written 08 MAY 2024 10:22:02 PM):

; wrote /tmp/clamsara-cas-only-native3-zmv7go3l/fasl/sbcl-2.6.8.3-db35d4561-linux-x64/home/iskam/quicklisp/local-projects/Eclector/code/parse-result/package-tmp6W3P1H2J.fasl
; compilation finished in 0:00:00.001
; compiling file "/home/iskam/quicklisp/local-projects/Eclector/code/parse-result/client.lisp" (written 08 MAY 2024 10:22:02 PM):

; wrote /tmp/clamsara-cas-only-native3-zmv7go3l/fasl/sbcl-2.6.8.3-db35d4561-linux-x64/home/iskam/quicklisp/local-projects/Eclector/code/parse-result/client-tmpGOHEOA1Y.fasl
; compilation finished in 0:00:00.001
; compiling file "/home/iskam/quicklisp/local-projects/Eclector/code/parse-result/generic-functions.lisp" (written 18 MAY 2026 12:34:56 PM):

; wrote /tmp/clamsara-cas-only-native3-zmv7go3l/fasl/sbcl-2.6.8.3-db35d4561-linux-x64/home/iskam/quicklisp/local-projects/Eclector/code/parse-result/generic-functions-tmpT2G5POAL.fasl
; compilation finished in 0:00:00.005
; compiling file "/home/iskam/quicklisp/local-projects/Eclector/code/parse-result/labeled-objects.lisp" (written 18 MAY 2026 12:34:56 PM):

; wrote /tmp/clamsara-cas-only-native3-zmv7go3l/fasl/sbcl-2.6.8.3-db35d4561-linux-x64/home/iskam/quicklisp/local-projects/Eclector/code/parse-result/labeled-objects-tmpT5NQ1VS1.fasl
; compilation finished in 0:00:00.020
; compiling file "/home/iskam/quicklisp/local-projects/Eclector/code/parse-result/read.lisp" (written 18 MAY 2026 12:34:56 PM):

; wrote /tmp/clamsara-cas-only-native3-zmv7go3l/fasl/sbcl-2.6.8.3-db35d4561-linux-x64/home/iskam/quicklisp/local-projects/Eclector/code/parse-result/read-tmpZVTPRQAR.fasl
; compilation finished in 0:00:00.019
; compiling file "/home/iskam/quicklisp/dists/quicklisp/software/trivial-package-local-nicknames-20220220-git/trivial-package-local-nicknames.lisp" (written 16 AUG 2026 10:13:23 PM):

; wrote /tmp/clamsara-cas-only-native3-zmv7go3l/fasl/sbcl-2.6.8.3-db35d4561-linux-x64/home/iskam/quicklisp/dists/quicklisp/software/trivial-package-local-nicknames-20220220-git/trivial-package-local-nicknames-tmpTWZBZGN3.fasl
; compilation finished in 0:00:00.034
; compiling file "/home/iskam/quicklisp/local-projects/Maclina/compile-file/package.lisp" (written 18 MAY 2026 11:46:46 AM):

; wrote /tmp/clamsara-cas-only-native3-zmv7go3l/fasl/sbcl-2.6.8.3-db35d4561-linux-x64/home/iskam/quicklisp/local-projects/Maclina/compile-file/package-tmpVLA2P6BV.fasl
; compilation finished in 0:00:00.001
; compiling file "/home/iskam/quicklisp/local-projects/Maclina/compile-file/preliminaries.lisp" (written 18 MAY 2026 11:46:46 AM):

; wrote /tmp/clamsara-cas-only-native3-zmv7go3l/fasl/sbcl-2.6.8.3-db35d4561-linux-x64/home/iskam/quicklisp/local-projects/Maclina/compile-file/preliminaries-tmpC1S9JRL9.fasl
; compilation finished in 0:00:00.002
; compiling file "/home/iskam/quicklisp/local-projects/Maclina/compile-file/read.lisp" (written 18 MAY 2026 11:46:46 AM):

; wrote /tmp/clamsara-cas-only-native3-zmv7go3l/fasl/sbcl-2.6.8.3-db35d4561-linux-x64/home/iskam/quicklisp/local-projects/Maclina/compile-file/read-tmpYZ5WO3E4.fasl
; compilation finished in 0:00:00.016
; compiling file "/home/iskam/quicklisp/local-projects/Maclina/compile-file/cmpltv.lisp" (written 18 MAY 2026 11:46:46 AM):

; file: /home/iskam/quicklisp/local-projects/Maclina/compile-file/cmpltv.lisp
; in: DEFMETHOD ADD-CONSTANT (FLOAT)
;     (MAKE-INSTANCE 'MACLINA.COMPILE-FILE::LONG-FLOAT-CREATOR :PROTOTYPE
;                    MACLINA.COMPILE-FILE::VALUE)
; 
; note: deleting unreachable code

;     (MAKE-INSTANCE 'MACLINA.COMPILE-FILE::SHORT-FLOAT-CREATOR :PROTOTYPE
;                    MACLINA.COMPILE-FILE::VALUE)
; 
; note: deleting unreachable code


; wrote /tmp/clamsara-cas-only-native3-zmv7go3l/fasl/sbcl-2.6.8.3-db35d4561-linux-x64/home/iskam/quicklisp/local-projects/Maclina/compile-file/cmpltv-tmpHJA5IVPZ.fasl
; compilation finished in 0:00:00.084
; compiling file "/home/iskam/quicklisp/local-projects/Maclina/compile-file/encode.lisp" (written 18 MAY 2026 11:46:46 AM):

; file: /home/iskam/quicklisp/local-projects/Maclina/compile-file/encode.lisp
; in: DEFUN WRITE-UTF8
;     (ROW-MAJOR-AREF MACLINA.COMPILE-FILE::CHARACTER-ARRAY MACLINA.COMPILE-FILE::I)
; 
; note: unable to
;   optimize
; due to type uncertainty:
;   The first argument is a (ARRAY CHARACTER), not a SIMPLE-ARRAY.


; wrote /tmp/clamsara-cas-only-native3-zmv7go3l/fasl/sbcl-2.6.8.3-db35d4561-linux-x64/home/iskam/quicklisp/local-projects/Maclina/compile-file/encode-tmp3WS4A21E.fasl
; compilation finished in 0:00:00.129
; compiling file "/home/iskam/quicklisp/local-projects/Maclina/compile-file/link.lisp" (written 18 MAY 2026 11:46:46 AM):

; wrote /tmp/clamsara-cas-only-native3-zmv7go3l/fasl/sbcl-2.6.8.3-db35d4561-linux-x64/home/iskam/quicklisp/local-projects/Maclina/compile-file/link-tmpPQ4U054N.fasl
; compilation finished in 0:00:00.008
; compiling file "/home/iskam/quicklisp/local-projects/Maclina/compile-file/top-level-forms.lisp" (written 18 MAY 2026 11:46:46 AM):

; wrote /tmp/clamsara-cas-only-native3-zmv7go3l/fasl/sbcl-2.6.8.3-db35d4561-linux-x64/home/iskam/quicklisp/local-projects/Maclina/compile-file/top-level-forms-tmpC8SA9SZN.fasl
; compilation finished in 0:00:00.010
; compiling file "/home/iskam/quicklisp/local-projects/Maclina/compile-file/compile-file.lisp" (written 18 MAY 2026 11:46:46 AM):

; wrote /tmp/clamsara-cas-only-native3-zmv7go3l/fasl/sbcl-2.6.8.3-db35d4561-linux-x64/home/iskam/quicklisp/local-projects/Maclina/compile-file/compile-file-tmpWC0QU1SK.fasl
; compilation finished in 0:00:00.036
; compiling file "/home/iskam/quicklisp/local-projects/Maclina/compile-file/documentation.lisp" (written 18 MAY 2026 11:46:46 AM):

; wrote /tmp/clamsara-cas-only-native3-zmv7go3l/fasl/sbcl-2.6.8.3-db35d4561-linux-x64/home/iskam/quicklisp/local-projects/Maclina/compile-file/documentation-tmpQQZMKNNN.fasl
; compilation finished in 0:00:00.000
; compiling file "/home/iskam/quicklisp/local-projects/Maclina/loadltv.lisp" (written 18 MAY 2026 11:46:46 AM):

; file: /home/iskam/quicklisp/local-projects/Maclina/loadltv.lisp
; in: DECLAIM (INLINE CONTINUATION-BYTE-P)
;     (DECLAIM (INLINE MACLINA.LOAD::CONTINUATION-BYTE-P))
; ==>
;   (SB-C::%PROCLAIM '(INLINE MACLINA.LOAD::CONTINUATION-BYTE-P)
;                    (SB-C:SOURCE-LOCATION))
; 
; caught STYLE-WARNING:
;   Proclaiming MACLINA.LOAD::CONTINUATION-BYTE-P to be INLINE, but 6 calls to it
;   were previously compiled. A declaration of NOTINLINE at the call sites will
;   eliminate this warning, as will proclaiming and defining the function before
;   its first potential use.


; wrote /tmp/clamsara-cas-only-native3-zmv7go3l/fasl/sbcl-2.6.8.3-db35d4561-linux-x64/home/iskam/quicklisp/local-projects/Maclina/loadltv-tmpIDPPBBFN.fasl
; compilation finished in 0:00:00.164
WARNING:
   Lisp compilation had style-warnings while
   compiling #<CL-SOURCE-FILE "maclina/load" "loadltv">
; compiling file "/home/iskam/quicklisp/local-projects/Maclina/vm-shared.lisp" (written 18 MAY 2026 11:46:46 AM):

; wrote /tmp/clamsara-cas-only-native3-zmv7go3l/fasl/sbcl-2.6.8.3-db35d4561-linux-x64/home/iskam/quicklisp/local-projects/Maclina/vm-shared-tmp9FP9ZO2K.fasl
; compilation finished in 0:00:00.026
; compiling file "/home/iskam/quicklisp/local-projects/Maclina/vm-native.lisp" (written 18 MAY 2026 11:46:46 AM):

; file: /home/iskam/quicklisp/local-projects/Maclina/vm-native.lisp
; in: DEFUN VM
;     (MACLINA.VM-SHARED:BIND-OPTIONAL-ARGS (MACLINA.VM-NATIVE::NEXT-CODE)
;                                           (MACLINA.VM-NATIVE::NEXT-CODE)
;                                           MACLINA.VM-NATIVE::STACK
;                                           MACLINA.VM-NATIVE::SP
;                                           (MACLINA.VM-NATIVE::VM-ARGS
;                                            MACLINA.VM-NATIVE::VM)
;                                           (MACLINA.VM-NATIVE::VM-ARG-COUNT
;                                            MACLINA.VM-NATIVE::VM))
; --> BLOCK LET LOOP BLOCK LET TAGBODY MACLINA.VM-SHARED::SPUSH SETF 
; --> SB-C::WITH-SOURCE-FORM SVREF SB-KERNEL:%SVSET 
; ==>
;   1
; 
; note: unable to
;   optimize
; due to type uncertainty:
;   The first argument is a NUMBER, not a RATIONAL.
; 
; note: unable to
;   optimize
; due to type uncertainty:
;   The first argument is a NUMBER, not a RATIONAL.

;     (MACLINA.VM-SHARED:BIND-OPTIONAL-ARGS (MACLINA.VM-NATIVE::NEXT-LONG)
;                                           (MACLINA.VM-NATIVE::NEXT-LONG)
;                                           MACLINA.VM-NATIVE::STACK
;                                           MACLINA.VM-NATIVE::SP
;                                           (MACLINA.VM-NATIVE::VM-ARGS
;                                            MACLINA.VM-NATIVE::VM)
;                                           (MACLINA.VM-NATIVE::VM-ARG-COUNT
;                                            MACLINA.VM-NATIVE::VM))
; --> BLOCK LET LOOP BLOCK LET TAGBODY MACLINA.VM-SHARED::SPUSH SETF 
; --> SB-C::WITH-SOURCE-FORM SVREF SB-KERNEL:%SVSET 
; ==>
;   1
; 
; note: unable to
;   optimize
; due to type uncertainty:
;   The first argument is a NUMBER, not a RATIONAL.
; 
; note: unable to
;   optimize
; due to type uncertainty:
;   The first argument is a NUMBER, not a RATIONAL.

;     (MACLINA.VM-SHARED:BIND-OPTIONAL-ARGS (MACLINA.VM-NATIVE::NEXT-CODE)
;                                           (MACLINA.VM-NATIVE::NEXT-CODE)
;                                           MACLINA.VM-NATIVE::STACK
;                                           MACLINA.VM-NATIVE::SP
;                                           (MACLINA.VM-NATIVE::VM-ARGS
;                                            MACLINA.VM-NATIVE::VM)
;                                           (MACLINA.VM-NATIVE::VM-ARG-COUNT
;                                            MACLINA.VM-NATIVE::VM))
; --> BLOCK LET LOOP BLOCK LET TAGBODY MACLINA.VM-SHARED::SPUSH SETF 
; --> SB-C::WITH-SOURCE-FORM SVREF SB-KERNEL:%SVSET 
; ==>
;   1
; 
; note: forced to do GENERIC-+ (cost 10)
;       unable to do inline fixnum arithmetic (cost 1) because:
;       The first argument is a NUMBER, not a FIXNUM.
;       The result is a (VALUES NUMBER &OPTIONAL), not a (VALUES FIXNUM &OPTIONAL).
;       unable to do inline fixnum arithmetic (cost 2) because:
;       The first argument is a NUMBER, not a FIXNUM.
;       The result is a (VALUES NUMBER &OPTIONAL), not a (VALUES FIXNUM &OPTIONAL).
;       etc.
; 
; note: forced to do GENERIC-+ (cost 10)
;       unable to do inline fixnum arithmetic (cost 1) because:
;       The first argument is a NUMBER, not a FIXNUM.
;       The result is a (VALUES NUMBER &OPTIONAL), not a (VALUES FIXNUM &OPTIONAL).
;       unable to do inline fixnum arithmetic (cost 2) because:
;       The first argument is a NUMBER, not a FIXNUM.
;       The result is a (VALUES NUMBER &OPTIONAL), not a (VALUES FIXNUM &OPTIONAL).
;       etc.

;     (MACLINA.VM-SHARED:BIND-OPTIONAL-ARGS (MACLINA.VM-NATIVE::NEXT-LONG)
;                                           (MACLINA.VM-NATIVE::NEXT-LONG)
;                                           MACLINA.VM-NATIVE::STACK
;                                           MACLINA.VM-NATIVE::SP
;                                           (MACLINA.VM-NATIVE::VM-ARGS
;                                            MACLINA.VM-NATIVE::VM)
;                                           (MACLINA.VM-NATIVE::VM-ARG-COUNT
;                                            MACLINA.VM-NATIVE::VM))
; --> BLOCK LET LOOP BLOCK LET TAGBODY MACLINA.VM-SHARED::SPUSH SETF 
; --> SB-C::WITH-SOURCE-FORM SVREF SB-KERNEL:%SVSET 
; ==>
;   1
; 
; note: forced to do GENERIC-+ (cost 10)
;       unable to do inline fixnum arithmetic (cost 1) because:
;       The first argument is a NUMBER, not a FIXNUM.
;       The result is a (VALUES NUMBER &OPTIONAL), not a (VALUES FIXNUM &OPTIONAL).
;       unable to do inline fixnum arithmetic (cost 2) because:
;       The first argument is a NUMBER, not a FIXNUM.
;       The result is a (VALUES NUMBER &OPTIONAL), not a (VALUES FIXNUM &OPTIONAL).
;       etc.
; 
; note: forced to do GENERIC-+ (cost 10)
;       unable to do inline fixnum arithmetic (cost 1) because:
;       The first argument is a NUMBER, not a FIXNUM.
;       The result is a (VALUES NUMBER &OPTIONAL), not a (VALUES FIXNUM &OPTIONAL).
;       unable to do inline fixnum arithmetic (cost 2) because:
;       The first argument is a NUMBER, not a FIXNUM.
;       The result is a (VALUES NUMBER &OPTIONAL), not a (VALUES FIXNUM &OPTIONAL).
;       etc.


; wrote /tmp/clamsara-cas-only-native3-zmv7go3l/fasl/sbcl-2.6.8.3-db35d4561-linux-x64/home/iskam/quicklisp/local-projects/Maclina/vm-native-tmpTHQO2IGY.fasl
; compilation finished in 0:00:00.269
; compiling file "/home/iskam/quicklisp/local-projects/Clostrum/Trucler/packages.lisp" (written 18 MAY 2026 12:34:10 PM):

; wrote /tmp/clamsara-cas-only-native3-zmv7go3l/fasl/sbcl-2.6.8.3-db35d4561-linux-x64/home/iskam/quicklisp/local-projects/Clostrum/Trucler/packages-tmpXGCY36O9.fasl
; compilation finished in 0:00:00.001
; compiling file "/home/iskam/quicklisp/local-projects/Clostrum/Trucler/trucler.lisp" (written 18 MAY 2026 12:34:10 PM):

; wrote /tmp/clamsara-cas-only-native3-zmv7go3l/fasl/sbcl-2.6.8.3-db35d4561-linux-x64/home/iskam/quicklisp/local-projects/Clostrum/Trucler/trucler-tmpAZECCWRG.fasl
; compilation finished in 0:00:00.015
; compiling file "/home/iskam/quicklisp/local-projects/Maclina/vm-cross.lisp" (written 18 MAY 2026 11:46:46 AM):

; wrote /tmp/clamsara-cas-only-native3-zmv7go3l/fasl/sbcl-2.6.8.3-db35d4561-linux-x64/home/iskam/quicklisp/local-projects/Maclina/vm-cross-tmpG300S9SF.fasl
; compilation finished in 0:00:01.373
; compiling file "/home/iskam/quicklisp/local-projects/Extrinsicl/maclina.lisp" (written 18 MAY 2026 11:54:18 AM):

; wrote /tmp/clamsara-cas-only-native3-zmv7go3l/fasl/sbcl-2.6.8.3-db35d4561-linux-x64/home/iskam/quicklisp/local-projects/Extrinsicl/maclina-tmp809IFK9M.fasl
; compilation finished in 0:00:00.010
; compiling file "/home/iskam/quicklisp/local-projects/Clostrum/Basic/packages.lisp" (written 18 MAY 2026 12:34:10 PM):

; wrote /tmp/clamsara-cas-only-native3-zmv7go3l/fasl/sbcl-2.6.8.3-db35d4561-linux-x64/home/iskam/quicklisp/local-projects/Clostrum/Basic/packages-tmpSB12JM8J.fasl
; compilation finished in 0:00:00.001
; compiling file "/home/iskam/quicklisp/local-projects/Clostrum/Basic/environment.lisp" (written 18 MAY 2026 12:34:10 PM):

; wrote /tmp/clamsara-cas-only-native3-zmv7go3l/fasl/sbcl-2.6.8.3-db35d4561-linux-x64/home/iskam/quicklisp/local-projects/Clostrum/Basic/environment-tmpBPQSLJ17.fasl
; compilation finished in 0:00:00.005
; compiling file "/home/iskam/quicklisp/local-projects/Clostrum/Basic/entry.lisp" (written 18 MAY 2026 12:34:10 PM):

; wrote /tmp/clamsara-cas-only-native3-zmv7go3l/fasl/sbcl-2.6.8.3-db35d4561-linux-x64/home/iskam/quicklisp/local-projects/Clostrum/Basic/entry-tmpTAX50JN7.fasl
; compilation finished in 0:00:00.011
; compiling file "/home/iskam/quicklisp/local-projects/Clostrum/Basic/basic.lisp" (written 18 MAY 2026 12:34:10 PM):

; wrote /tmp/clamsara-cas-only-native3-zmv7go3l/fasl/sbcl-2.6.8.3-db35d4561-linux-x64/home/iskam/quicklisp/local-projects/Clostrum/Basic/basic-tmpLPRKFQ4F.fasl
; compilation finished in 0:00:00.035
; compiling file "/home/iskam/quicklisp/local-projects/Clostrum/Basic/run-time.lisp" (written 18 MAY 2026 12:34:10 PM):

; wrote /tmp/clamsara-cas-only-native3-zmv7go3l/fasl/sbcl-2.6.8.3-db35d4561-linux-x64/home/iskam/quicklisp/local-projects/Clostrum/Basic/run-time-tmp8VQNX3K0.fasl
; compilation finished in 0:00:00.018
; compiling file "/tmp/clamsara-cas-only-1hf1b7ih/src/workload/protocol.lisp" (written 21 SEP 2026 12:13:03 AM):

; wrote /tmp/clamsara-cas-only-native3-zmv7go3l/fasl/sbcl-2.6.8.3-db35d4561-linux-x64/tmp/clamsara-cas-only-1hf1b7ih/src/workload/protocol-tmpD0G9A1XR.fasl
; compilation finished in 0:00:00.032
; compiling file "/tmp/clamsara-cas-only-1hf1b7ih/src/workload/roots.lisp" (written 21 SEP 2026 12:13:03 AM):

; wrote /tmp/clamsara-cas-only-native3-zmv7go3l/fasl/sbcl-2.6.8.3-db35d4561-linux-x64/tmp/clamsara-cas-only-1hf1b7ih/src/workload/roots-tmp94C6TZKL.fasl
; compilation finished in 0:00:00.048
; compiling file "/tmp/clamsara-cas-only-1hf1b7ih/src/workload/source.lisp" (written 21 SEP 2026 12:13:03 AM):

; wrote /tmp/clamsara-cas-only-native3-zmv7go3l/fasl/sbcl-2.6.8.3-db35d4561-linux-x64/tmp/clamsara-cas-only-1hf1b7ih/src/workload/source-tmpVSFQJ80K.fasl
; compilation finished in 0:00:00.001
; compiling file "/tmp/clamsara-cas-only-1hf1b7ih/src/workload/maclina.lisp" (written 21 SEP 2026 12:13:03 AM):

; wrote /tmp/clamsara-cas-only-native3-zmv7go3l/fasl/sbcl-2.6.8.3-db35d4561-linux-x64/tmp/clamsara-cas-only-1hf1b7ih/src/workload/maclina-tmpPLK5HVAF.fasl
; compilation finished in 0:00:00.118
; compiling file "/tmp/clamsara-cas-only-1hf1b7ih/src/workload/control.lisp" (written 21 SEP 2026 12:13:03 AM):

; wrote /tmp/clamsara-cas-only-native3-zmv7go3l/fasl/sbcl-2.6.8.3-db35d4561-linux-x64/tmp/clamsara-cas-only-1hf1b7ih/src/workload/control-tmp5FHTGX61.fasl
; compilation finished in 0:00:00.022
; compiling file "/tmp/clamsara-cas-only-1hf1b7ih/src/workload/numbers.lisp" (written 21 SEP 2026 12:13:03 AM):

; wrote /tmp/clamsara-cas-only-native3-zmv7go3l/fasl/sbcl-2.6.8.3-db35d4561-linux-x64/tmp/clamsara-cas-only-1hf1b7ih/src/workload/numbers-tmpKUF556D3.fasl
; compilation finished in 0:00:00.021
; compiling file "/tmp/clamsara-cas-only-1hf1b7ih/src/workload/setup.lisp" (written 21 SEP 2026 12:13:03 AM):

; file: /tmp/clamsara-cas-only-1hf1b7ih/src/workload/setup.lisp
; in: DEFUN MAKE-WORKLOAD-RUNTIME
;     (ERROR 'CLAMSARA:WORKLOAD-CAPABILITY-ERROR :OPERATION
;            'CLAMSARA::MAKE-WORKLOAD-RUNTIME :REASON :UNSUPPORTED-HOST-LIMB-WIDTH)
; 
; note: deleting unreachable code


; wrote /tmp/clamsara-cas-only-native3-zmv7go3l/fasl/sbcl-2.6.8.3-db35d4561-linux-x64/tmp/clamsara-cas-only-1hf1b7ih/src/workload/setup-tmpS8HGASGU.fasl
; compilation finished in 0:00:00.036
; compiling file "/tmp/clamsara-cas-only-1hf1b7ih/src/workload/gabriel.lisp" (written 21 SEP 2026 12:13:03 AM):

; wrote /tmp/clamsara-cas-only-native3-zmv7go3l/fasl/sbcl-2.6.8.3-db35d4561-linux-x64/tmp/clamsara-cas-only-1hf1b7ih/src/workload/gabriel-tmpLXEY4I7N.fasl
; compilation finished in 0:00:00.011
; compiling file "/tmp/clamsara-cas-only-1hf1b7ih/src/workload/gcbench.lisp" (written 21 SEP 2026 12:13:03 AM):

; wrote /tmp/clamsara-cas-only-native3-zmv7go3l/fasl/sbcl-2.6.8.3-db35d4561-linux-x64/tmp/clamsara-cas-only-1hf1b7ih/src/workload/gcbench-tmp1PA6XKV0.fasl
; compilation finished in 0:00:00.008
; compiling file "/tmp/clamsara-cas-only-1hf1b7ih/test/workload/adapter.lisp" (written 21 SEP 2026 12:13:03 AM):

; wrote /tmp/clamsara-cas-only-native3-zmv7go3l/fasl/sbcl-2.6.8.3-db35d4561-linux-x64/tmp/clamsara-cas-only-1hf1b7ih/test/workload/adapter-tmpEW48DPG8.fasl
; compilation finished in 0:00:00.012
; compiling file "/tmp/clamsara-cas-only-1hf1b7ih/test/workload/values.lisp" (written 21 SEP 2026 12:13:03 AM):

; wrote /tmp/clamsara-cas-only-native3-zmv7go3l/fasl/sbcl-2.6.8.3-db35d4561-linux-x64/tmp/clamsara-cas-only-1hf1b7ih/test/workload/values-tmp4ULRYCDK.fasl
; compilation finished in 0:00:00.011
; compiling file "/tmp/clamsara-cas-only-1hf1b7ih/test/workload/teardown.lisp" (written 21 SEP 2026 12:13:03 AM):

; wrote /tmp/clamsara-cas-only-native3-zmv7go3l/fasl/sbcl-2.6.8.3-db35d4561-linux-x64/tmp/clamsara-cas-only-1hf1b7ih/test/workload/teardown-tmpV4ITDAY7.fasl
; compilation finished in 0:00:00.010
; compiling file "/tmp/clamsara-cas-only-1hf1b7ih/test/workload/code-roots.lisp" (written 21 SEP 2026 12:13:03 AM):

; wrote /tmp/clamsara-cas-only-native3-zmv7go3l/fasl/sbcl-2.6.8.3-db35d4561-linux-x64/tmp/clamsara-cas-only-1hf1b7ih/test/workload/code-roots-tmpTU3G94ZX.fasl
; compilation finished in 0:00:00.005
; compiling file "/tmp/clamsara-cas-only-1hf1b7ih/test/workload/selectors.lisp" (written 21 SEP 2026 12:13:03 AM):

; wrote /tmp/clamsara-cas-only-native3-zmv7go3l/fasl/sbcl-2.6.8.3-db35d4561-linux-x64/tmp/clamsara-cas-only-1hf1b7ih/test/workload/selectors-tmp135V1U5P.fasl
; compilation finished in 0:00:00.011
; compiling file "/tmp/clamsara-cas-only-1hf1b7ih/test/workload/numbers.lisp" (written 21 SEP 2026 12:13:03 AM):

; wrote /tmp/clamsara-cas-only-native3-zmv7go3l/fasl/sbcl-2.6.8.3-db35d4561-linux-x64/tmp/clamsara-cas-only-1hf1b7ih/test/workload/numbers-tmpCWE62HDI.fasl
; compilation finished in 0:00:00.014
WORKLOAD-SMOKE payload=managed-cons-pair collection=:complete objects-moved=2
; elapsed 0.0000 seconds
; elapsed 0.0000 seconds
WARNING: Unknown operator POPULATE: treating as global function
WARNING: Unknown operator POPULATE: treating as global function
WARNING: Unknown operator MAKE-TREE: treating as global function
WARNING: Unknown operator MAKE-TREE: treating as global function
WORKLOAD-STRUCTURE-CYCLE nodes=31 moved=16
WORKLOAD-ADAPTER: 36 checks passed
WARNING: Unknown operator POPULATE: treating as global function
WARNING: Unknown operator POPULATE: treating as global function
WARNING: Unknown operator MAKE-TREE: treating as global function
WARNING: Unknown operator MAKE-TREE: treating as global function
VALUE-LIFETIME (:CASE :DISCARDED-RESULT :STATUS :COMPLETE :MOVED 1)
WARNING: Unknown operator POPULATE: treating as global function
WARNING: Unknown operator POPULATE: treating as global function
WARNING: Unknown operator MAKE-TREE: treating as global function
WARNING: Unknown operator MAKE-TREE: treating as global function
VALUE-LIFETIME (:CASE :MULTIPLE-VALUE-PROG1 :STATUS :COMPLETE :MOVED 2)
WARNING: Unknown operator POPULATE: treating as global function
WARNING: Unknown operator POPULATE: treating as global function
WARNING: Unknown operator MAKE-TREE: treating as global function
WARNING: Unknown operator MAKE-TREE: treating as global function
VALUE-LIFETIME (:CASE :UNWIND-PROTECT-VALUES :STATUS :COMPLETE :MOVED 2)
WARNING: Unknown operator POPULATE: treating as global function
WARNING: Unknown operator POPULATE: treating as global function
WARNING: Unknown operator MAKE-TREE: treating as global function
WARNING: Unknown operator MAKE-TREE: treating as global function
VALUE-LIFETIME (:CASE :THROW-VALUES :STATUS :COMPLETE :MOVED 2)
WARNING: Unknown operator POPULATE: treating as global function
WARNING: Unknown operator POPULATE: treating as global function
WARNING: Unknown operator MAKE-TREE: treating as global function
WARNING: Unknown operator MAKE-TREE: treating as global function
VALUE-LIFETIME (:CASE :RETURN-FROM-VALUES :STATUS :COMPLETE :MOVED 2)
WARNING: Unknown operator POPULATE: treating as global function
WARNING: Unknown operator POPULATE: treating as global function
WARNING: Unknown operator MAKE-TREE: treating as global function
WARNING: Unknown operator MAKE-TREE: treating as global function
VALUE-LIFETIME (:CASE :NESTED-PROTECTED-VALUES :STATUS :COMPLETE :MOVED 2)
WARNING: Unknown operator POPULATE: treating as global function
WARNING: Unknown operator POPULATE: treating as global function
WARNING: Unknown operator MAKE-TREE: treating as global function
WARNING: Unknown operator MAKE-TREE: treating as global function
VALUE-LIFETIME (:CASE :ERROR-FRAME-RECOVERY :STATUS :COMPLETE :MOVED 2)
WARNING: Unknown operator POPULATE: treating as global function
WARNING: Unknown operator POPULATE: treating as global function
WARNING: Unknown operator MAKE-TREE: treating as global function
WARNING: Unknown operator MAKE-TREE: treating as global function
VALUE-LIFETIME (:CASE :FRAME-CAPACITY-RECOVERY :STATUS :COMPLETE :MOVED 2)
WARNING: Unknown operator POPULATE: treating as global function
WARNING: Unknown operator POPULATE: treating as global function
WARNING: Unknown operator MAKE-TREE: treating as global function
WARNING: Unknown operator MAKE-TREE: treating as global function
VALUE-LIFETIME (:CASE :ACTIVE-CLOSURE-CELL :STATUS :COMPLETE :MOVED 1)
WORKLOAD-TEARDOWN CLAMSARA.WORKLOAD.TEARDOWN.TEST::TEST-DISCARDED-PAYLOAD :COMPLETE
WORKLOAD-TEARDOWN CLAMSARA.WORKLOAD.TEARDOWN.TEST::TEST-LIVE-RESULT :COMPLETE
WORKLOAD-TEARDOWN CLAMSARA.WORKLOAD.TEARDOWN.TEST::TEST-TEMPORARY-ROOT :COMPLETE
WORKLOAD-TEARDOWN CLAMSARA.WORKLOAD.TEARDOWN.TEST::TEST-GLOBAL-ROOT :COMPLETE
WORKLOAD-TEARDOWN CLAMSARA.WORKLOAD.TEARDOWN.TEST::TEST-ACTIVE-EXECUTION :COMPLETE
WORKLOAD-CODE-ROOTS :ACTIVE-LITERAL :COMPLETE
WORKLOAD-CODE-ROOTS :LITERAL :COMPLETE
WORKLOAD-CODE-ROOTS :CLOSURE :COMPLETE
WORKLOAD-CODE-ROOTS :MACRO :COMPLETE
WORKLOAD-SELECTORS: 95 checks passed
WORKLOAD-NUMBERS quotient/remainder moved=3 bytes=2544
WORKLOAD-NUMBERS: 62 checks passed

; file: /home/iskam/quicklisp/local-projects/Common-macros/Common-macro-definitions/Low/with-output-to-string.lisp
; in: COMMON-MACRO-DEFINITIONS:DEFMACRO WITH-OUTPUT-TO-STRING
;     (COMMON-MACRO-DEFINITIONS::OUTPUT-STREAM-FROM-STRING-FUNCTION-NAME
;      COMMON-MACRO-DEFINITIONS:*CLIENT*)
; 
; caught WARNING:
;   undefined variable: COMMON-MACRO-DEFINITIONS:*CLIENT*


; file: /home/iskam/quicklisp/local-projects/Maclina/compile-file/cmpltv.lisp
; in: DEFCLASS MACLINA.COMPILE-FILE::FUNCTION-NATIVE-ATTR
;     (MACLINA.COMPILE-FILE::FUNCTION-NATIVE-ATTR-NAME MACLINA.MACHINE:*CLIENT*)
; 
; caught STYLE-WARNING:
;   undefined function: MACLINA.COMPILE-FILE::FUNCTION-NATIVE-ATTR-NAME

; in: DEFCLASS MACLINA.COMPILE-FILE::MODULE-NATIVE-ATTR
;     (MACLINA.COMPILE-FILE::MODULE-NATIVE-ATTR-NAME MACLINA.MACHINE:*CLIENT*)
; 
; caught STYLE-WARNING:
;   undefined function: MACLINA.COMPILE-FILE::MODULE-NATIVE-ATTR-NAME
; 
; compilation unit finished
;   Undefined functions:
;     MACLINA.COMPILE-FILE::FUNCTION-NATIVE-ATTR-NAME MACLINA.COMPILE-FILE::MODULE-NATIVE-ATTR-NAME
;   Undefined variable:
;     COMMON-MACRO-DEFINITIONS:*CLIENT*
;   caught 1 WARNING condition
;   caught 10 STYLE-WARNING conditions
;   printed 240 notes
; compiling file "/tmp/clamsara-cas-only-1hf1b7ih/src/runtime/generational.lisp" (written 21 SEP 2026 12:13:03 AM):

; wrote /tmp/clamsara-cas-only-native3-zmv7go3l/fasl/sbcl-2.6.8.3-db35d4561-linux-x64/tmp/clamsara-cas-only-1hf1b7ih/src/runtime/generational-tmpS0IX89E9.fasl
; compilation finished in 0:00:00.068
; compiling file "/tmp/clamsara-cas-only-1hf1b7ih/test/runtime/generational.lisp" (written 21 SEP 2026 12:13:03 AM):

; wrote /tmp/clamsara-cas-only-native3-zmv7go3l/fasl/sbcl-2.6.8.3-db35d4561-linux-x64/tmp/clamsara-cas-only-1hf1b7ih/test/runtime/generational-tmpYZNO705I.fasl
; compilation finished in 0:00:00.018
V14-GENERATIONAL-LIFECYCLE-OK
; compiling file "/tmp/clamsara-cas-only-1hf1b7ih/test/quality/generational.lisp" (written 21 SEP 2026 12:13:03 AM):

; wrote /tmp/clamsara-cas-only-native3-zmv7go3l/fasl/sbcl-2.6.8.3-db35d4561-linux-x64/tmp/clamsara-cas-only-1hf1b7ih/test/quality/generational-tmpZCDMKLMV.fasl
; compilation finished in 0:00:00.059
; compiling file "/tmp/clamsara-cas-only-1hf1b7ih/test/quality/generational-history.lisp" (written 21 SEP 2026 12:13:03 AM):

; wrote /tmp/clamsara-cas-only-native3-zmv7go3l/fasl/sbcl-2.6.8.3-db35d4561-linux-x64/tmp/clamsara-cas-only-1hf1b7ih/test/quality/generational-history-tmp8PPPCD7W.fasl
; compilation finished in 0:00:00.010
; compiling file "/tmp/clamsara-cas-only-1hf1b7ih/test/quality/reference-variants-generational.lisp" (written 21 SEP 2026 12:13:03 AM):

; wrote /tmp/clamsara-cas-only-native3-zmv7go3l/fasl/sbcl-2.6.8.3-db35d4561-linux-x64/tmp/clamsara-cas-only-1hf1b7ih/test/quality/reference-variants-generational-tmp9XWMC5IU.fasl
; compilation finished in 0:00:00.026
GENERATIONAL-CONDITIONAL :PACKED weak=16 ephemeron=32
GENERATIONAL-CONDITIONAL :SCALAR weak=16 ephemeron=32
QUALITY-GENERATIONAL-PASS
GEN-HISTORY-PASS starts=:PACKED seed=731 minors=54 majors=18
GEN-HISTORY-PASS starts=:PACKED seed=15799 minors=54 majors=18
GEN-HISTORY-PASS starts=:SCALAR seed=731 minors=54 majors=18
GEN-HISTORY-PASS starts=:SCALAR seed=15799 minors=54 majors=18
GENERATIONAL-HISTORIES-PASS cycles=288 minors=216 majors=72
ROW :BEGIN ((:GENERATION-PROMOTION :PACKED 536870913))
ROW :PROMOTION (:SCOPE :MINOR :STATUS :COMPLETE :REASON :COMPLETE :MOVED 2
                :DISCOVERED 2)
ROW :PROMOTION (:SCOPE :MINOR :STATUS :COMPLETE :REASON :COMPLETE :MOVED 0
                :DISCOVERED 0)
ROW :PROMOTION (:SCOPE :ALL :STATUS :COMPLETE :REASON :COMPLETE :MOVED 0
                :DISCOVERED 2)
ROW :PASS ((:GENERATION-PROMOTION :PACKED 536870913))
ROW :BEGIN ((:GENERATION-PROMOTION :PACKED 268435464))
ROW :PROMOTION (:SCOPE :MINOR :STATUS :COMPLETE :REASON :COMPLETE :MOVED 2
                :DISCOVERED 2)
ROW :PROMOTION (:SCOPE :MINOR :STATUS :COMPLETE :REASON :COMPLETE :MOVED 0
                :DISCOVERED 0)
ROW :PROMOTION (:SCOPE :ALL :STATUS :COMPLETE :REASON :COMPLETE :MOVED 0
                :DISCOVERED 2)
ROW :PASS ((:GENERATION-PROMOTION :PACKED 268435464))
ROW :BEGIN ((:GENERATION-PROMOTION :SCALAR 536870913))
ROW :PROMOTION (:SCOPE :MINOR :STATUS :COMPLETE :REASON :COMPLETE :MOVED 2
                :DISCOVERED 2)
ROW :PROMOTION (:SCOPE :MINOR :STATUS :COMPLETE :REASON :COMPLETE :MOVED 0
                :DISCOVERED 0)
ROW :PROMOTION (:SCOPE :ALL :STATUS :COMPLETE :REASON :COMPLETE :MOVED 0
                :DISCOVERED 2)
ROW :PASS ((:GENERATION-PROMOTION :SCALAR 536870913))
ROW :BEGIN ((:GENERATION-PROMOTION :SCALAR 268435464))
ROW :PROMOTION (:SCOPE :MINOR :STATUS :COMPLETE :REASON :COMPLETE :MOVED 2
                :DISCOVERED 2)
ROW :PROMOTION (:SCOPE :MINOR :STATUS :COMPLETE :REASON :COMPLETE :MOVED 0
                :DISCOVERED 0)
ROW :PROMOTION (:SCOPE :ALL :STATUS :COMPLETE :REASON :COMPLETE :MOVED 0
                :DISCOVERED 2)
ROW :PASS ((:GENERATION-PROMOTION :SCALAR 268435464))
ROW :GENERATIONAL-FINISHED (:PASSED 4 :FAILED 0)
GENERATIONAL-CHECKPOINT-COMPONENTS-PASS
INDEPENDENT-PASS (:RETRY :MATCH :RESERVE 0 :SINGLE-PATH)
INDEPENDENT-PASS (:RETRY :MATCH :RESERVE 1 :SINGLE-PATH)
INDEPENDENT-PASS (:RETRY :MATCH :RESERVE 2 :SINGLE-PATH)
INDEPENDENT-PASS (:RETRY :MATCH :ADMIT 0 :SINGLE-PATH)
INDEPENDENT-PASS (:RETRY :MATCH :ADMIT 1 :SINGLE-PATH)
INDEPENDENT-PASS (:RETRY :MATCH :ADMIT 2 :SINGLE-PATH)
INDEPENDENT-PASS (:RETRY :MATCH :TRANSFORM 0 :SINGLE-PATH)
INDEPENDENT-PASS (:RETRY :MATCH :TRANSFORM 1 :SINGLE-PATH)
INDEPENDENT-PASS (:RETRY :MATCH :TRANSFORM 2 :SINGLE-PATH)
INDEPENDENT-PASS (:RETRY :MISMATCH :RESERVE 0 :SINGLE-PATH)
INDEPENDENT-PASS (:RETRY :MISMATCH :RESERVE 1 :SINGLE-PATH)
INDEPENDENT-PASS (:RETRY :MISMATCH :RESERVE 2 :SINGLE-PATH)
INDEPENDENT-PASS (:RETRY :MISMATCH :ADMIT 0 :SINGLE-PATH)
INDEPENDENT-PASS (:RETRY :MISMATCH :ADMIT 1 :SINGLE-PATH)
INDEPENDENT-PASS (:RETRY :MISMATCH :ADMIT 2 :SINGLE-PATH)
INDEPENDENT-PASS (:RETRY :MISMATCH :TRANSFORM 0 :SINGLE-PATH)
INDEPENDENT-PASS (:RETRY :MISMATCH :TRANSFORM 1 :SINGLE-PATH)
INDEPENDENT-PASS (:RETRY :MISMATCH :TRANSFORM 2 :SINGLE-PATH)
INDEPENDENT-PASS (:RETRY :READ :RESERVE 0 :SINGLE-PATH)
INDEPENDENT-PASS (:RETRY :READ :RESERVE 1 :SINGLE-PATH)
INDEPENDENT-PASS (:RETRY :READ :RESERVE 2 :SINGLE-PATH)
INDEPENDENT-PASS (:RETRY :READ :ADMIT 0 :SINGLE-PATH)
INDEPENDENT-PASS (:RETRY :READ :ADMIT 1 :SINGLE-PATH)
INDEPENDENT-PASS (:RETRY :READ :ADMIT 2 :SINGLE-PATH)
INDEPENDENT-PASS (:RETRY :READ :TRANSFORM 0 :SINGLE-PATH)
INDEPENDENT-PASS (:RETRY :READ :TRANSFORM 1 :SINGLE-PATH)
INDEPENDENT-PASS (:RETRY :READ :TRANSFORM 2 :SINGLE-PATH)
INDEPENDENT-PASS (:RETRY :STORE :RESERVE 0 :SINGLE-PATH)
INDEPENDENT-PASS (:RETRY :STORE :RESERVE 1 :SINGLE-PATH)
INDEPENDENT-PASS (:RETRY :STORE :RESERVE 2 :SINGLE-PATH)
INDEPENDENT-PASS (:RETRY :STORE :ADMIT 0 :SINGLE-PATH)
INDEPENDENT-PASS (:RETRY :STORE :ADMIT 1 :SINGLE-PATH)
INDEPENDENT-PASS (:RETRY :STORE :ADMIT 2 :SINGLE-PATH)
INDEPENDENT-PASS (:RETRY :STORE :TRANSFORM 0 :SINGLE-PATH)
INDEPENDENT-PASS (:RETRY :STORE :TRANSFORM 1 :SINGLE-PATH)
INDEPENDENT-PASS (:RETRY :STORE :TRANSFORM 2 :SINGLE-PATH)
INDEPENDENT-PASS (:RETRY :ROOT-STORE :RESERVE 0 :SINGLE-PATH)
INDEPENDENT-PASS (:RETRY :ROOT-STORE :RESERVE 1 :SINGLE-PATH)
INDEPENDENT-PASS (:RETRY :ROOT-STORE :RESERVE 2 :SINGLE-PATH)
INDEPENDENT-PASS (:RETRY :ROOT-STORE :ADMIT 0 :SINGLE-PATH)
INDEPENDENT-PASS (:RETRY :ROOT-STORE :ADMIT 1 :SINGLE-PATH)
INDEPENDENT-PASS (:RETRY :ROOT-STORE :ADMIT 2 :SINGLE-PATH)
INDEPENDENT-PASS (:RETRY :ROOT-STORE :TRANSFORM 0 :SINGLE-PATH)
INDEPENDENT-PASS (:RETRY :ROOT-STORE :TRANSFORM 1 :SINGLE-PATH)
INDEPENDENT-PASS (:RETRY :ROOT-STORE :TRANSFORM 2 :SINGLE-PATH)
INDEPENDENT-PASS (:RETRY :MATCH :RESERVE 0 :UNION)
INDEPENDENT-PASS (:RETRY :MATCH :RESERVE 1 :UNION)
INDEPENDENT-PASS (:RETRY :MATCH :RESERVE 2 :UNION)
INDEPENDENT-PASS (:RETRY :MATCH :RESERVE 3 :UNION)
INDEPENDENT-PASS (:RETRY :MATCH :ADMIT 0 :UNION)
INDEPENDENT-PASS (:RETRY :MATCH :ADMIT 1 :UNION)
INDEPENDENT-PASS (:RETRY :MATCH :ADMIT 2 :UNION)
INDEPENDENT-PASS (:RETRY :MATCH :ADMIT 3 :UNION)
INDEPENDENT-PASS (:RETRY :MATCH :TRANSFORM 0 :UNION)
INDEPENDENT-PASS (:RETRY :MATCH :TRANSFORM 1 :UNION)
INDEPENDENT-PASS (:RETRY :MATCH :TRANSFORM 2 :UNION)
INDEPENDENT-PASS (:RETRY :MATCH :TRANSFORM 3 :UNION)
FATAL-OUTCOME :POST-PUBLICATION-FAILURE
CLOSURE allocation=:BLOCKED bind=:BLOCKED collect=:BLOCKED shutdown=:BLOCKED release-index=0->0
INDEPENDENT-PASS (:FATAL :MATCH :BEFORE :ERROR)
FATAL-OUTCOME :POST-PUBLICATION-FAILURE
CLOSURE allocation=:BLOCKED bind=:BLOCKED collect=:BLOCKED shutdown=:BLOCKED release-index=0->0
INDEPENDENT-PASS (:FATAL :MATCH :BEFORE :THROW)
FATAL-OUTCOME :POST-PUBLICATION-FAILURE
CLOSURE allocation=:BLOCKED bind=:BLOCKED collect=:BLOCKED shutdown=:BLOCKED release-index=0->0
INDEPENDENT-PASS (:FATAL :MATCH :AFTER :ERROR)
FATAL-OUTCOME :POST-PUBLICATION-FAILURE
CLOSURE allocation=:BLOCKED bind=:BLOCKED collect=:BLOCKED shutdown=:BLOCKED release-index=0->0
INDEPENDENT-PASS (:FATAL :MATCH :AFTER :THROW)
FATAL-OUTCOME :POST-PUBLICATION-FAILURE
CLOSURE allocation=:BLOCKED bind=:BLOCKED collect=:BLOCKED shutdown=:BLOCKED release-index=0->0
INDEPENDENT-PASS (:FATAL :MISMATCH :BEFORE :ERROR)
FATAL-OUTCOME :POST-PUBLICATION-FAILURE
CLOSURE allocation=:BLOCKED bind=:BLOCKED collect=:BLOCKED shutdown=:BLOCKED release-index=0->0
INDEPENDENT-PASS (:FATAL :MISMATCH :BEFORE :THROW)
FATAL-OUTCOME :POST-PUBLICATION-FAILURE
CLOSURE allocation=:BLOCKED bind=:BLOCKED collect=:BLOCKED shutdown=:BLOCKED release-index=0->0
INDEPENDENT-PASS (:FATAL :MISMATCH :AFTER :ERROR)
FATAL-OUTCOME :POST-PUBLICATION-FAILURE
CLOSURE allocation=:BLOCKED bind=:BLOCKED collect=:BLOCKED shutdown=:BLOCKED release-index=0->0
INDEPENDENT-PASS (:FATAL :MISMATCH :AFTER :THROW)
FATAL-OUTCOME :POST-PUBLICATION-FAILURE
CLOSURE allocation=:BLOCKED bind=:BLOCKED collect=:BLOCKED shutdown=:BLOCKED release-index=0->0
INDEPENDENT-PASS (:FATAL :READ :BEFORE :ERROR)
FATAL-OUTCOME :POST-PUBLICATION-FAILURE
CLOSURE allocation=:BLOCKED bind=:BLOCKED collect=:BLOCKED shutdown=:BLOCKED release-index=0->0
INDEPENDENT-PASS (:FATAL :READ :BEFORE :THROW)
FATAL-OUTCOME :POST-PUBLICATION-FAILURE
CLOSURE allocation=:BLOCKED bind=:BLOCKED collect=:BLOCKED shutdown=:BLOCKED release-index=0->0
INDEPENDENT-PASS (:FATAL :READ :AFTER :ERROR)
FATAL-OUTCOME :POST-PUBLICATION-FAILURE
CLOSURE allocation=:BLOCKED bind=:BLOCKED collect=:BLOCKED shutdown=:BLOCKED release-index=0->0
INDEPENDENT-PASS (:FATAL :READ :AFTER :THROW)
FATAL-OUTCOME :POST-PUBLICATION-FAILURE
CLOSURE allocation=:BLOCKED bind=:BLOCKED collect=:BLOCKED shutdown=:BLOCKED release-index=0->0
INDEPENDENT-PASS (:FATAL :STORE :BEFORE :ERROR)
FATAL-OUTCOME :POST-PUBLICATION-FAILURE
CLOSURE allocation=:BLOCKED bind=:BLOCKED collect=:BLOCKED shutdown=:BLOCKED release-index=0->0
INDEPENDENT-PASS (:FATAL :STORE :BEFORE :THROW)
FATAL-OUTCOME :POST-PUBLICATION-FAILURE
CLOSURE allocation=:BLOCKED bind=:BLOCKED collect=:BLOCKED shutdown=:BLOCKED release-index=0->0
INDEPENDENT-PASS (:FATAL :STORE :AFTER :ERROR)
FATAL-OUTCOME :POST-PUBLICATION-FAILURE
CLOSURE allocation=:BLOCKED bind=:BLOCKED collect=:BLOCKED shutdown=:BLOCKED release-index=0->0
INDEPENDENT-PASS (:FATAL :STORE :AFTER :THROW)
FATAL-OUTCOME :POST-PUBLICATION-FAILURE
CLOSURE allocation=:BLOCKED bind=:BLOCKED collect=:BLOCKED shutdown=:BLOCKED release-index=0->0
INDEPENDENT-PASS (:FATAL :ROOT-STORE :BEFORE :ERROR)
FATAL-OUTCOME :POST-PUBLICATION-FAILURE
CLOSURE allocation=:BLOCKED bind=:BLOCKED collect=:BLOCKED shutdown=:BLOCKED release-index=0->0
INDEPENDENT-PASS (:FATAL :ROOT-STORE :BEFORE :THROW)
FATAL-OUTCOME :POST-PUBLICATION-FAILURE
CLOSURE allocation=:BLOCKED bind=:BLOCKED collect=:BLOCKED shutdown=:BLOCKED release-index=0->0
INDEPENDENT-PASS (:FATAL :ROOT-STORE :AFTER :ERROR)
FATAL-OUTCOME :POST-PUBLICATION-FAILURE
CLOSURE allocation=:BLOCKED bind=:BLOCKED collect=:BLOCKED shutdown=:BLOCKED release-index=0->0
INDEPENDENT-PASS (:FATAL :ROOT-STORE :AFTER :THROW)
INDEPENDENT-PASS (:SAME-CONTEXT :RESERVE)
INDEPENDENT-PASS (:SAME-CONTEXT :ADMIT)
INDEPENDENT-PASS (:SAME-CONTEXT :TRANSFORM)
INDEPENDENT-PASS (:SECOND-CONTEXT-BUSY :ADMIT)
INDEPENDENT-PASS (:ACTIVE-CONTROL :UNBIND :RESERVE)
INDEPENDENT-PASS (:ACTIVE-CONTROL :COLLECT :RESERVE)
INDEPENDENT-PASS (:ACTIVE-CONTROL :UNBIND :ADMIT)
INDEPENDENT-PASS (:ACTIVE-CONTROL :COLLECT :ADMIT)
INDEPENDENT-PASS (:ACTIVE-CONTROL :UNBIND :TRANSFORM)
INDEPENDENT-PASS (:ACTIVE-CONTROL :COLLECT :TRANSFORM)
INDEPENDENT-PASS :MISMATCH-DISJOINT-TERMINAL-ONCE
INDEPENDENT-PASS :MATCH-DISJOINT-POSITIVE-CONTROL
INDEPENDENT-PASS :DISJOINT-READ-FIRST-POSITIVE-CONTROL
UNKNOWN-RESERVE-OUTCOME :FATAL-INVARIANT
CLOSURE allocation=:BLOCKED bind=:BLOCKED collect=:BLOCKED shutdown=:BLOCKED release-index=0->0
INDEPENDENT-PASS (:UNKNOWN-UNRETURNED-RESERVATION :ERROR)
UNKNOWN-RESERVE-OUTCOME :FATAL-INVARIANT
CLOSURE allocation=:BLOCKED bind=:BLOCKED collect=:BLOCKED shutdown=:BLOCKED release-index=0->0
INDEPENDENT-PASS (:UNKNOWN-UNRETURNED-RESERVATION :THROW)
FATAL-UNBIND-SHUTDOWN outcome=:POST-PUBLICATION-FAILURE unbind=:RETRY shutdown=:BLOCKED release-index=0->0
INDEPENDENT-PASS :FATAL-SHUTDOWN-AFTER-PUBLIC-UNBIND
DUAL-REJECTION-REASON :BARRIER-COMPOSITION-SIGNALED
INDEPENDENT-PASS :DUAL-PREPUBLICATION-REJECTION
INDEPENDENT-SUMMARY cases=94 failures=0 failed-worlds=0 expected-fatal-worlds=23
WARNING:
   redefining LOAD-REFERENCE :AROUND (#<STANDARD-CLASS CLAMSARA::HOST-BOUND-OBJECT-MODEL>
                                      #<SB-PCL:SYSTEM-CLASS COMMON-LISP:T>) in DEFMETHOD
WARNING:
   redefining STORE-REFERENCE-RAW :AROUND (#<STANDARD-CLASS CLAMSARA::HOST-BOUND-OBJECT-MODEL>
                                           #<SB-PCL:SYSTEM-CLASS COMMON-LISP:T>
                                           #<SB-PCL:SYSTEM-CLASS COMMON-LISP:T>) in DEFMETHOD
WARNING: redefining CLAMSARA.CAS-INDEPENDENT::MAKE-REVIEW-WORLD in DEFUN
CLOSURE allocation=:BLOCKED bind=:BLOCKED collect=:BLOCKED shutdown=:BLOCKED release-index=0->0
INDEPENDENT-PASS (:ILLEGAL-PHASE :RESERVE :INVALID)
CLOSURE allocation=:BLOCKED bind=:BLOCKED collect=:BLOCKED shutdown=:BLOCKED release-index=0->0
INDEPENDENT-PASS (:ILLEGAL-PHASE :RESERVE :ERROR)
CLOSURE allocation=:BLOCKED bind=:BLOCKED collect=:BLOCKED shutdown=:BLOCKED release-index=0->0
INDEPENDENT-PASS (:ILLEGAL-PHASE :RESERVE :THROW)
CLOSURE allocation=:BLOCKED bind=:BLOCKED collect=:BLOCKED shutdown=:BLOCKED release-index=0->0
INDEPENDENT-PASS (:ILLEGAL-PHASE :ADMIT :INVALID)
CLOSURE allocation=:BLOCKED bind=:BLOCKED collect=:BLOCKED shutdown=:BLOCKED release-index=0->0
INDEPENDENT-PASS (:ILLEGAL-PHASE :ADMIT :ERROR)
CLOSURE allocation=:BLOCKED bind=:BLOCKED collect=:BLOCKED shutdown=:BLOCKED release-index=0->0
INDEPENDENT-PASS (:ILLEGAL-PHASE :ADMIT :THROW)
CLOSURE allocation=:BLOCKED bind=:BLOCKED collect=:BLOCKED shutdown=:BLOCKED release-index=0->0
INDEPENDENT-PASS (:ILLEGAL-PHASE :TRANSFORM :INVALID)
CLOSURE allocation=:BLOCKED bind=:BLOCKED collect=:BLOCKED shutdown=:BLOCKED release-index=0->0
INDEPENDENT-PASS (:ILLEGAL-PHASE :TRANSFORM :ERROR)
CLOSURE allocation=:BLOCKED bind=:BLOCKED collect=:BLOCKED shutdown=:BLOCKED release-index=0->0
INDEPENDENT-PASS (:ILLEGAL-PHASE :TRANSFORM :THROW)
CLOSURE allocation=:BLOCKED bind=:BLOCKED collect=:BLOCKED shutdown=:BLOCKED release-index=0->0
INDEPENDENT-PASS (:CANCEL-FAULT :ERROR 2)
CLOSURE allocation=:BLOCKED bind=:BLOCKED collect=:BLOCKED shutdown=:BLOCKED release-index=0->0
INDEPENDENT-PASS (:CANCEL-FAULT :ERROR 1)
CLOSURE allocation=:BLOCKED bind=:BLOCKED collect=:BLOCKED shutdown=:BLOCKED release-index=0->0
INDEPENDENT-PASS (:CANCEL-FAULT :THROW 2)
CLOSURE allocation=:BLOCKED bind=:BLOCKED collect=:BLOCKED shutdown=:BLOCKED release-index=0->0
INDEPENDENT-PASS (:CANCEL-FAULT :THROW 1)
CLOSURE allocation=:BLOCKED bind=:BLOCKED collect=:BLOCKED shutdown=:BLOCKED release-index=0->0
INDEPENDENT-PASS (:CAUGHT-OTHER-CONTEXT-FATAL :RESERVE)
CLOSURE allocation=:BLOCKED bind=:BLOCKED collect=:BLOCKED shutdown=:BLOCKED release-index=0->0
INDEPENDENT-PASS (:CAUGHT-OTHER-CONTEXT-FATAL :ADMIT)
CLOSURE allocation=:BLOCKED bind=:BLOCKED collect=:BLOCKED shutdown=:BLOCKED release-index=0->0
INDEPENDENT-PASS (:CAUGHT-OTHER-CONTEXT-FATAL :TRANSFORM)
CLOSURE allocation=:BLOCKED bind=:BLOCKED collect=:BLOCKED shutdown=:BLOCKED release-index=0->0
INDEPENDENT-PASS (:CAUGHT-OTHER-CONTEXT-FATAL :BEFORE)
CLOSURE allocation=:BLOCKED bind=:BLOCKED collect=:BLOCKED shutdown=:BLOCKED release-index=0->0
INDEPENDENT-PASS (:CAUGHT-OTHER-CONTEXT-FATAL :AFTER)
CLOSURE allocation=:BLOCKED bind=:BLOCKED collect=:BLOCKED shutdown=:BLOCKED release-index=0->0
INDEPENDENT-PASS (:CAUGHT-OTHER-CONTEXT-FATAL :CANCEL)
CLOSURE allocation=:BLOCKED bind=:BLOCKED collect=:BLOCKED shutdown=:BLOCKED release-index=0->0
INDEPENDENT-PASS (:CAUGHT-OTHER-CONTEXT-FATAL :RAW-LOAD)
CLOSURE allocation=:BLOCKED bind=:BLOCKED collect=:BLOCKED shutdown=:BLOCKED release-index=0->0
INDEPENDENT-PASS (:CAUGHT-OTHER-CONTEXT-FATAL :COMPARISON)
CLOSURE allocation=:BLOCKED bind=:BLOCKED collect=:BLOCKED shutdown=:BLOCKED release-index=0->0
INDEPENDENT-PASS (:CAUGHT-OTHER-CONTEXT-FATAL :RAW-STORE)
INDEPENDENT-PASS (:ORDINARY-PIN :SEMISPACE :RESERVE :RAW)
INDEPENDENT-PASS (:ORDINARY-PIN :SEMISPACE :RESERVE :REFILL)
INDEPENDENT-PASS (:ORDINARY-PIN :SEMISPACE :ADMIT :RAW)
INDEPENDENT-PASS (:ORDINARY-PIN :SEMISPACE :ADMIT :REFILL)
INDEPENDENT-PASS (:ORDINARY-PIN :SEMISPACE :TRANSFORM :RAW)
INDEPENDENT-PASS (:ORDINARY-PIN :SEMISPACE :TRANSFORM :REFILL)
INDEPENDENT-PASS (:ORDINARY-PIN :SEMISPACE :BEFORE :RAW)
INDEPENDENT-PASS (:ORDINARY-PIN :SEMISPACE :BEFORE :REFILL)
INDEPENDENT-PASS (:ORDINARY-PIN :SEMISPACE :AFTER :RAW)
INDEPENDENT-PASS (:ORDINARY-PIN :SEMISPACE :AFTER :REFILL)
INDEPENDENT-PASS (:ORDINARY-PIN :MARKSWEEP :RESERVE :RAW)
INDEPENDENT-PASS (:ORDINARY-PIN :MARKSWEEP :RESERVE :REFILL)
INDEPENDENT-PASS (:ORDINARY-PIN :MARKSWEEP :ADMIT :RAW)
INDEPENDENT-PASS (:ORDINARY-PIN :MARKSWEEP :ADMIT :REFILL)
INDEPENDENT-PASS (:ORDINARY-PIN :MARKSWEEP :TRANSFORM :RAW)
INDEPENDENT-PASS (:ORDINARY-PIN :MARKSWEEP :TRANSFORM :REFILL)
INDEPENDENT-PASS (:ORDINARY-PIN :MARKSWEEP :BEFORE :RAW)
INDEPENDENT-PASS (:ORDINARY-PIN :MARKSWEEP :BEFORE :REFILL)
INDEPENDENT-PASS (:ORDINARY-PIN :MARKSWEEP :AFTER :RAW)
INDEPENDENT-PASS (:ORDINARY-PIN :MARKSWEEP :AFTER :REFILL)
INDEPENDENT-PASS (:ORDINARY-PIN :SEMISPACE :RESERVE :REGISTER)
INDEPENDENT-PASS (:ORDINARY-PIN :SEMISPACE :RESERVE :CANCEL-FINALIZER)
INDEPENDENT-PASS (:ORDINARY-PIN :SEMISPACE :RESERVE :DRAIN)
INDEPENDENT-PASS (:ORDINARY-PIN :SEMISPACE :ADMIT :REGISTER)
INDEPENDENT-PASS (:ORDINARY-PIN :SEMISPACE :ADMIT :CANCEL-FINALIZER)
INDEPENDENT-PASS (:ORDINARY-PIN :SEMISPACE :ADMIT :DRAIN)
INDEPENDENT-PASS (:ORDINARY-PIN :SEMISPACE :TRANSFORM :REGISTER)
INDEPENDENT-PASS (:ORDINARY-PIN :SEMISPACE :TRANSFORM :CANCEL-FINALIZER)
INDEPENDENT-PASS (:ORDINARY-PIN :SEMISPACE :TRANSFORM :DRAIN)
INDEPENDENT-PASS (:ORDINARY-PIN :SEMISPACE :BEFORE :REGISTER)
INDEPENDENT-PASS (:ORDINARY-PIN :SEMISPACE :BEFORE :CANCEL-FINALIZER)
INDEPENDENT-PASS (:ORDINARY-PIN :SEMISPACE :BEFORE :DRAIN)
INDEPENDENT-PASS (:ORDINARY-PIN :SEMISPACE :AFTER :REGISTER)
INDEPENDENT-PASS (:ORDINARY-PIN :SEMISPACE :AFTER :CANCEL-FINALIZER)
INDEPENDENT-PASS (:ORDINARY-PIN :SEMISPACE :AFTER :DRAIN)
INDEPENDENT-PASS (:NIL-OPAQUE-TOKEN :READ :MATCH)
INDEPENDENT-PASS (:NIL-OPAQUE-TOKEN :CAS :MISMATCH)
WORKSPACE N=3 plan-measured=272 barrier-measured=96 context-measured=160 tokens-vector-measured=48 owned-vector-measured=48 construction-auxiliary-account=329968
INDEPENDENT-PASS :FIXED-WORKSPACE-ACCOUNT
FATAL-SHUTDOWN-EXACT outcome=:REJECTED reason=:FATAL-INVARIANT unbind=:RETRY config=:PUBLISHED->:PUBLISHED construction=:PUBLISHED->:PUBLISHED release=0->0
INDEPENDENT-PASS :FATAL-SHUTDOWN-REJECT-NOT-RETAINED
INDEPENDENT-PASS :DUAL-EXACT-COMPLAINT
EXTRA-SUMMARY cases=62 failures=0 total-cases=156 total-failures=0 retained-fatal=46
CLAIM-PROOF-PASS :PUBLIC-CLAIMS-UNDERSIZED-REJECT
CLAIM-PROOF-PASS :EXACT-CAPACITY-MATCH-AND-REUSE
CLAIM-PROOF-PASS :EXACT-CAPACITY-MISMATCH-AND-REUSE
CLAIM-PROOF-PASS (:PUBLIC-CLAIM-RETRY :RESERVE 0)
CLAIM-PROOF-PASS (:PUBLIC-CLAIM-RETRY :RESERVE 1)
CLAIM-PROOF-PASS (:PUBLIC-CLAIM-RETRY :RESERVE 2)
CLAIM-PROOF-PASS (:PUBLIC-CLAIM-RETRY :RESERVE 3)
CLAIM-PROOF-PASS (:PUBLIC-CLAIM-RETRY :ADMIT 0)
CLAIM-PROOF-PASS (:PUBLIC-CLAIM-RETRY :ADMIT 1)
CLAIM-PROOF-PASS (:PUBLIC-CLAIM-RETRY :ADMIT 2)
CLAIM-PROOF-PASS (:PUBLIC-CLAIM-RETRY :ADMIT 3)
CLAIM-PROOF-PASS (:PUBLIC-CLAIM-RETRY :TRANSFORM 0)
CLAIM-PROOF-PASS (:PUBLIC-CLAIM-RETRY :TRANSFORM 1)
CLAIM-PROOF-PASS (:PUBLIC-CLAIM-RETRY :TRANSFORM 2)
CLAIM-PROOF-PASS (:PUBLIC-CLAIM-RETRY :TRANSFORM 3)
CLAIM-PROOF-PASS (:MANAGED-NONIDENTITY-TRANSFORM :MATCH-RAW-EXPECTED)
CLAIM-PROOF-PASS (:MANAGED-NONIDENTITY-TRANSFORM
                  :MISMATCH-EXPECTED-IS-READ-RESULT)
CLAIM-PROOF-PASS (:MANAGED-NONIDENTITY-TRANSFORM :READ)
CLAIM-PROOF-PASS (:MANAGED-NONIDENTITY-TRANSFORM :READ-TRANSFORM-RETRY)
CLAIM-PROOF-PASS (:MANAGED-NONIDENTITY-TRANSFORM :WRITE-TRANSFORM-RETRY)
CLAIM-TRANSFORM-SUMMARY cases=20 failures=0 retained-failed-worlds=0
INDEPENDENT-PASS (:RETRY :MATCH :RESERVE 0 :SINGLE-PATH)
INDEPENDENT-PASS (:RETRY :MATCH :RESERVE 1 :SINGLE-PATH)
INDEPENDENT-PASS (:RETRY :MATCH :RESERVE 2 :SINGLE-PATH)
INDEPENDENT-PASS (:RETRY :MATCH :ADMIT 0 :SINGLE-PATH)
INDEPENDENT-PASS (:RETRY :MATCH :ADMIT 1 :SINGLE-PATH)
INDEPENDENT-PASS (:RETRY :MATCH :ADMIT 2 :SINGLE-PATH)
INDEPENDENT-PASS (:RETRY :MATCH :TRANSFORM 0 :SINGLE-PATH)
INDEPENDENT-PASS (:RETRY :MATCH :TRANSFORM 1 :SINGLE-PATH)
INDEPENDENT-PASS (:RETRY :MATCH :TRANSFORM 2 :SINGLE-PATH)
INDEPENDENT-PASS (:RETRY :MISMATCH :RESERVE 0 :SINGLE-PATH)
INDEPENDENT-PASS (:RETRY :MISMATCH :RESERVE 1 :SINGLE-PATH)
INDEPENDENT-PASS (:RETRY :MISMATCH :RESERVE 2 :SINGLE-PATH)
INDEPENDENT-PASS (:RETRY :MISMATCH :ADMIT 0 :SINGLE-PATH)
INDEPENDENT-PASS (:RETRY :MISMATCH :ADMIT 1 :SINGLE-PATH)
INDEPENDENT-PASS (:RETRY :MISMATCH :ADMIT 2 :SINGLE-PATH)
INDEPENDENT-PASS (:RETRY :MISMATCH :TRANSFORM 0 :SINGLE-PATH)
INDEPENDENT-PASS (:RETRY :MISMATCH :TRANSFORM 1 :SINGLE-PATH)
INDEPENDENT-PASS (:RETRY :MISMATCH :TRANSFORM 2 :SINGLE-PATH)
INDEPENDENT-PASS (:RETRY :READ :RESERVE 0 :SINGLE-PATH)
INDEPENDENT-PASS (:RETRY :READ :RESERVE 1 :SINGLE-PATH)
INDEPENDENT-PASS (:RETRY :READ :RESERVE 2 :SINGLE-PATH)
INDEPENDENT-PASS (:RETRY :READ :ADMIT 0 :SINGLE-PATH)
INDEPENDENT-PASS (:RETRY :READ :ADMIT 1 :SINGLE-PATH)
INDEPENDENT-PASS (:RETRY :READ :ADMIT 2 :SINGLE-PATH)
INDEPENDENT-PASS (:RETRY :READ :TRANSFORM 0 :SINGLE-PATH)
INDEPENDENT-PASS (:RETRY :READ :TRANSFORM 1 :SINGLE-PATH)
INDEPENDENT-PASS (:RETRY :READ :TRANSFORM 2 :SINGLE-PATH)
INDEPENDENT-PASS (:RETRY :STORE :RESERVE 0 :SINGLE-PATH)
INDEPENDENT-PASS (:RETRY :STORE :RESERVE 1 :SINGLE-PATH)
INDEPENDENT-PASS (:RETRY :STORE :RESERVE 2 :SINGLE-PATH)
INDEPENDENT-PASS (:RETRY :STORE :ADMIT 0 :SINGLE-PATH)
INDEPENDENT-PASS (:RETRY :STORE :ADMIT 1 :SINGLE-PATH)
INDEPENDENT-PASS (:RETRY :STORE :ADMIT 2 :SINGLE-PATH)
INDEPENDENT-PASS (:RETRY :STORE :TRANSFORM 0 :SINGLE-PATH)
INDEPENDENT-PASS (:RETRY :STORE :TRANSFORM 1 :SINGLE-PATH)
INDEPENDENT-PASS (:RETRY :STORE :TRANSFORM 2 :SINGLE-PATH)
INDEPENDENT-PASS (:RETRY :ROOT-STORE :RESERVE 0 :SINGLE-PATH)
INDEPENDENT-PASS (:RETRY :ROOT-STORE :RESERVE 1 :SINGLE-PATH)
INDEPENDENT-PASS (:RETRY :ROOT-STORE :RESERVE 2 :SINGLE-PATH)
INDEPENDENT-PASS (:RETRY :ROOT-STORE :ADMIT 0 :SINGLE-PATH)
INDEPENDENT-PASS (:RETRY :ROOT-STORE :ADMIT 1 :SINGLE-PATH)
INDEPENDENT-PASS (:RETRY :ROOT-STORE :ADMIT 2 :SINGLE-PATH)
INDEPENDENT-PASS (:RETRY :ROOT-STORE :TRANSFORM 0 :SINGLE-PATH)
INDEPENDENT-PASS (:RETRY :ROOT-STORE :TRANSFORM 1 :SINGLE-PATH)
INDEPENDENT-PASS (:RETRY :ROOT-STORE :TRANSFORM 2 :SINGLE-PATH)
INDEPENDENT-PASS (:RETRY :MATCH :RESERVE 0 :UNION)
INDEPENDENT-PASS (:RETRY :MATCH :RESERVE 1 :UNION)
INDEPENDENT-PASS (:RETRY :MATCH :RESERVE 2 :UNION)
INDEPENDENT-PASS (:RETRY :MATCH :RESERVE 3 :UNION)
INDEPENDENT-PASS (:RETRY :MATCH :ADMIT 0 :UNION)
INDEPENDENT-PASS (:RETRY :MATCH :ADMIT 1 :UNION)
INDEPENDENT-PASS (:RETRY :MATCH :ADMIT 2 :UNION)
INDEPENDENT-PASS (:RETRY :MATCH :ADMIT 3 :UNION)
INDEPENDENT-PASS (:RETRY :MATCH :TRANSFORM 0 :UNION)
INDEPENDENT-PASS (:RETRY :MATCH :TRANSFORM 1 :UNION)
INDEPENDENT-PASS (:RETRY :MATCH :TRANSFORM 2 :UNION)
INDEPENDENT-PASS (:RETRY :MATCH :TRANSFORM 3 :UNION)
FATAL-OUTCOME :POST-PUBLICATION-FAILURE
CLOSURE allocation=:BLOCKED bind=:BLOCKED collect=:BLOCKED shutdown=:BLOCKED release-index=0->0
INDEPENDENT-PASS (:FATAL :MATCH :BEFORE :ERROR)
FATAL-OUTCOME :POST-PUBLICATION-FAILURE
CLOSURE allocation=:BLOCKED bind=:BLOCKED collect=:BLOCKED shutdown=:BLOCKED release-index=0->0
INDEPENDENT-PASS (:FATAL :MATCH :BEFORE :THROW)
FATAL-OUTCOME :POST-PUBLICATION-FAILURE
CLOSURE allocation=:BLOCKED bind=:BLOCKED collect=:BLOCKED shutdown=:BLOCKED release-index=0->0
INDEPENDENT-PASS (:FATAL :MATCH :AFTER :ERROR)
FATAL-OUTCOME :POST-PUBLICATION-FAILURE
CLOSURE allocation=:BLOCKED bind=:BLOCKED collect=:BLOCKED shutdown=:BLOCKED release-index=0->0
INDEPENDENT-PASS (:FATAL :MATCH :AFTER :THROW)
FATAL-OUTCOME :POST-PUBLICATION-FAILURE
CLOSURE allocation=:BLOCKED bind=:BLOCKED collect=:BLOCKED shutdown=:BLOCKED release-index=0->0
INDEPENDENT-PASS (:FATAL :MISMATCH :BEFORE :ERROR)
FATAL-OUTCOME :POST-PUBLICATION-FAILURE
CLOSURE allocation=:BLOCKED bind=:BLOCKED collect=:BLOCKED shutdown=:BLOCKED release-index=0->0
INDEPENDENT-PASS (:FATAL :MISMATCH :BEFORE :THROW)
FATAL-OUTCOME :POST-PUBLICATION-FAILURE
CLOSURE allocation=:BLOCKED bind=:BLOCKED collect=:BLOCKED shutdown=:BLOCKED release-index=0->0
INDEPENDENT-PASS (:FATAL :MISMATCH :AFTER :ERROR)
FATAL-OUTCOME :POST-PUBLICATION-FAILURE
CLOSURE allocation=:BLOCKED bind=:BLOCKED collect=:BLOCKED shutdown=:BLOCKED release-index=0->0
INDEPENDENT-PASS (:FATAL :MISMATCH :AFTER :THROW)
FATAL-OUTCOME :POST-PUBLICATION-FAILURE
CLOSURE allocation=:BLOCKED bind=:BLOCKED collect=:BLOCKED shutdown=:BLOCKED release-index=0->0
INDEPENDENT-PASS (:FATAL :READ :BEFORE :ERROR)
FATAL-OUTCOME :POST-PUBLICATION-FAILURE
CLOSURE allocation=:BLOCKED bind=:BLOCKED collect=:BLOCKED shutdown=:BLOCKED release-index=0->0
INDEPENDENT-PASS (:FATAL :READ :BEFORE :THROW)
FATAL-OUTCOME :POST-PUBLICATION-FAILURE
CLOSURE allocation=:BLOCKED bind=:BLOCKED collect=:BLOCKED shutdown=:BLOCKED release-index=0->0
INDEPENDENT-PASS (:FATAL :READ :AFTER :ERROR)
FATAL-OUTCOME :POST-PUBLICATION-FAILURE
CLOSURE allocation=:BLOCKED bind=:BLOCKED collect=:BLOCKED shutdown=:BLOCKED release-index=0->0
INDEPENDENT-PASS (:FATAL :READ :AFTER :THROW)
FATAL-OUTCOME :POST-PUBLICATION-FAILURE
CLOSURE allocation=:BLOCKED bind=:BLOCKED collect=:BLOCKED shutdown=:BLOCKED release-index=0->0
INDEPENDENT-PASS (:FATAL :STORE :BEFORE :ERROR)
FATAL-OUTCOME :POST-PUBLICATION-FAILURE
CLOSURE allocation=:BLOCKED bind=:BLOCKED collect=:BLOCKED shutdown=:BLOCKED release-index=0->0
INDEPENDENT-PASS (:FATAL :STORE :BEFORE :THROW)
FATAL-OUTCOME :POST-PUBLICATION-FAILURE
CLOSURE allocation=:BLOCKED bind=:BLOCKED collect=:BLOCKED shutdown=:BLOCKED release-index=0->0
INDEPENDENT-PASS (:FATAL :STORE :AFTER :ERROR)
FATAL-OUTCOME :POST-PUBLICATION-FAILURE
CLOSURE allocation=:BLOCKED bind=:BLOCKED collect=:BLOCKED shutdown=:BLOCKED release-index=0->0
INDEPENDENT-PASS (:FATAL :STORE :AFTER :THROW)
FATAL-OUTCOME :POST-PUBLICATION-FAILURE
CLOSURE allocation=:BLOCKED bind=:BLOCKED collect=:BLOCKED shutdown=:BLOCKED release-index=0->0
INDEPENDENT-PASS (:FATAL :ROOT-STORE :BEFORE :ERROR)
FATAL-OUTCOME :POST-PUBLICATION-FAILURE
CLOSURE allocation=:BLOCKED bind=:BLOCKED collect=:BLOCKED shutdown=:BLOCKED release-index=0->0
INDEPENDENT-PASS (:FATAL :ROOT-STORE :BEFORE :THROW)
FATAL-OUTCOME :POST-PUBLICATION-FAILURE
CLOSURE allocation=:BLOCKED bind=:BLOCKED collect=:BLOCKED shutdown=:BLOCKED release-index=0->0
INDEPENDENT-PASS (:FATAL :ROOT-STORE :AFTER :ERROR)
FATAL-OUTCOME :POST-PUBLICATION-FAILURE
CLOSURE allocation=:BLOCKED bind=:BLOCKED collect=:BLOCKED shutdown=:BLOCKED release-index=0->0
INDEPENDENT-PASS (:FATAL :ROOT-STORE :AFTER :THROW)
INDEPENDENT-PASS (:SAME-CONTEXT :RESERVE)
INDEPENDENT-PASS (:SAME-CONTEXT :ADMIT)
INDEPENDENT-PASS (:SAME-CONTEXT :TRANSFORM)
INDEPENDENT-PASS (:SECOND-CONTEXT-BUSY :ADMIT)
INDEPENDENT-PASS (:ACTIVE-CONTROL :UNBIND :RESERVE)
INDEPENDENT-PASS (:ACTIVE-CONTROL :COLLECT :RESERVE)
INDEPENDENT-PASS (:ACTIVE-CONTROL :UNBIND :ADMIT)
INDEPENDENT-PASS (:ACTIVE-CONTROL :COLLECT :ADMIT)
INDEPENDENT-PASS (:ACTIVE-CONTROL :UNBIND :TRANSFORM)
INDEPENDENT-PASS (:ACTIVE-CONTROL :COLLECT :TRANSFORM)
INDEPENDENT-PASS :MISMATCH-DISJOINT-TERMINAL-ONCE
INDEPENDENT-PASS :MATCH-DISJOINT-POSITIVE-CONTROL
INDEPENDENT-PASS :DISJOINT-READ-FIRST-POSITIVE-CONTROL
UNKNOWN-RESERVE-OUTCOME :FATAL-INVARIANT
CLOSURE allocation=:BLOCKED bind=:BLOCKED collect=:BLOCKED shutdown=:BLOCKED release-index=0->0
INDEPENDENT-PASS (:UNKNOWN-UNRETURNED-RESERVATION :ERROR)
UNKNOWN-RESERVE-OUTCOME :FATAL-INVARIANT
CLOSURE allocation=:BLOCKED bind=:BLOCKED collect=:BLOCKED shutdown=:BLOCKED release-index=0->0
INDEPENDENT-PASS (:UNKNOWN-UNRETURNED-RESERVATION :THROW)
FATAL-UNBIND-SHUTDOWN outcome=:POST-PUBLICATION-FAILURE unbind=:RETRY shutdown=:BLOCKED release-index=0->0
INDEPENDENT-PASS :FATAL-SHUTDOWN-AFTER-PUBLIC-UNBIND
DUAL-REJECTION-REASON :BARRIER-COMPOSITION-SIGNALED
INDEPENDENT-PASS :DUAL-PREPUBLICATION-REJECTION
BARRIER-HISTORY-SUMMARY cases=94 failures=0 failed-worlds=0 expected-fatal-worlds=23 retained-total=69
CLOSURE allocation=:BLOCKED bind=:BLOCKED collect=:BLOCKED shutdown=:BLOCKED release-index=0->0
INDEPENDENT-PASS (:ILLEGAL-PHASE :RESERVE :INVALID)
CLOSURE allocation=:BLOCKED bind=:BLOCKED collect=:BLOCKED shutdown=:BLOCKED release-index=0->0
INDEPENDENT-PASS (:ILLEGAL-PHASE :RESERVE :ERROR)
CLOSURE allocation=:BLOCKED bind=:BLOCKED collect=:BLOCKED shutdown=:BLOCKED release-index=0->0
INDEPENDENT-PASS (:ILLEGAL-PHASE :RESERVE :THROW)
CLOSURE allocation=:BLOCKED bind=:BLOCKED collect=:BLOCKED shutdown=:BLOCKED release-index=0->0
INDEPENDENT-PASS (:ILLEGAL-PHASE :ADMIT :INVALID)
CLOSURE allocation=:BLOCKED bind=:BLOCKED collect=:BLOCKED shutdown=:BLOCKED release-index=0->0
INDEPENDENT-PASS (:ILLEGAL-PHASE :ADMIT :ERROR)
CLOSURE allocation=:BLOCKED bind=:BLOCKED collect=:BLOCKED shutdown=:BLOCKED release-index=0->0
INDEPENDENT-PASS (:ILLEGAL-PHASE :ADMIT :THROW)
CLOSURE allocation=:BLOCKED bind=:BLOCKED collect=:BLOCKED shutdown=:BLOCKED release-index=0->0
INDEPENDENT-PASS (:ILLEGAL-PHASE :TRANSFORM :INVALID)
CLOSURE allocation=:BLOCKED bind=:BLOCKED collect=:BLOCKED shutdown=:BLOCKED release-index=0->0
INDEPENDENT-PASS (:ILLEGAL-PHASE :TRANSFORM :ERROR)
CLOSURE allocation=:BLOCKED bind=:BLOCKED collect=:BLOCKED shutdown=:BLOCKED release-index=0->0
INDEPENDENT-PASS (:ILLEGAL-PHASE :TRANSFORM :THROW)
CLOSURE allocation=:BLOCKED bind=:BLOCKED collect=:BLOCKED shutdown=:BLOCKED release-index=0->0
INDEPENDENT-PASS (:CANCEL-FAULT :ERROR 2)
CLOSURE allocation=:BLOCKED bind=:BLOCKED collect=:BLOCKED shutdown=:BLOCKED release-index=0->0
INDEPENDENT-PASS (:CANCEL-FAULT :ERROR 1)
CLOSURE allocation=:BLOCKED bind=:BLOCKED collect=:BLOCKED shutdown=:BLOCKED release-index=0->0
INDEPENDENT-PASS (:CANCEL-FAULT :THROW 2)
CLOSURE allocation=:BLOCKED bind=:BLOCKED collect=:BLOCKED shutdown=:BLOCKED release-index=0->0
INDEPENDENT-PASS (:CANCEL-FAULT :THROW 1)
CLOSURE allocation=:BLOCKED bind=:BLOCKED collect=:BLOCKED shutdown=:BLOCKED release-index=0->0
INDEPENDENT-PASS (:CAUGHT-OTHER-CONTEXT-FATAL :RESERVE)
CLOSURE allocation=:BLOCKED bind=:BLOCKED collect=:BLOCKED shutdown=:BLOCKED release-index=0->0
INDEPENDENT-PASS (:CAUGHT-OTHER-CONTEXT-FATAL :ADMIT)
CLOSURE allocation=:BLOCKED bind=:BLOCKED collect=:BLOCKED shutdown=:BLOCKED release-index=0->0
INDEPENDENT-PASS (:CAUGHT-OTHER-CONTEXT-FATAL :TRANSFORM)
CLOSURE allocation=:BLOCKED bind=:BLOCKED collect=:BLOCKED shutdown=:BLOCKED release-index=0->0
INDEPENDENT-PASS (:CAUGHT-OTHER-CONTEXT-FATAL :BEFORE)
CLOSURE allocation=:BLOCKED bind=:BLOCKED collect=:BLOCKED shutdown=:BLOCKED release-index=0->0
INDEPENDENT-PASS (:CAUGHT-OTHER-CONTEXT-FATAL :AFTER)
CLOSURE allocation=:BLOCKED bind=:BLOCKED collect=:BLOCKED shutdown=:BLOCKED release-index=0->0
INDEPENDENT-PASS (:CAUGHT-OTHER-CONTEXT-FATAL :CANCEL)
CLOSURE allocation=:BLOCKED bind=:BLOCKED collect=:BLOCKED shutdown=:BLOCKED release-index=0->0
INDEPENDENT-PASS (:CAUGHT-OTHER-CONTEXT-FATAL :RAW-LOAD)
CLOSURE allocation=:BLOCKED bind=:BLOCKED collect=:BLOCKED shutdown=:BLOCKED release-index=0->0
INDEPENDENT-PASS (:CAUGHT-OTHER-CONTEXT-FATAL :COMPARISON)
CLOSURE allocation=:BLOCKED bind=:BLOCKED collect=:BLOCKED shutdown=:BLOCKED release-index=0->0
INDEPENDENT-PASS (:CAUGHT-OTHER-CONTEXT-FATAL :RAW-STORE)
INDEPENDENT-PASS (:ORDINARY-PIN :SEMISPACE :RESERVE :RAW)
INDEPENDENT-PASS (:ORDINARY-PIN :SEMISPACE :RESERVE :REFILL)
INDEPENDENT-PASS (:ORDINARY-PIN :SEMISPACE :ADMIT :RAW)
INDEPENDENT-PASS (:ORDINARY-PIN :SEMISPACE :ADMIT :REFILL)
INDEPENDENT-PASS (:ORDINARY-PIN :SEMISPACE :TRANSFORM :RAW)
INDEPENDENT-PASS (:ORDINARY-PIN :SEMISPACE :TRANSFORM :REFILL)
INDEPENDENT-PASS (:ORDINARY-PIN :SEMISPACE :BEFORE :RAW)
INDEPENDENT-PASS (:ORDINARY-PIN :SEMISPACE :BEFORE :REFILL)
INDEPENDENT-PASS (:ORDINARY-PIN :SEMISPACE :AFTER :RAW)
INDEPENDENT-PASS (:ORDINARY-PIN :SEMISPACE :AFTER :REFILL)
INDEPENDENT-PASS (:ORDINARY-PIN :MARKSWEEP :RESERVE :RAW)
INDEPENDENT-PASS (:ORDINARY-PIN :MARKSWEEP :RESERVE :REFILL)
INDEPENDENT-PASS (:ORDINARY-PIN :MARKSWEEP :ADMIT :RAW)
INDEPENDENT-PASS (:ORDINARY-PIN :MARKSWEEP :ADMIT :REFILL)
INDEPENDENT-PASS (:ORDINARY-PIN :MARKSWEEP :TRANSFORM :RAW)
INDEPENDENT-PASS (:ORDINARY-PIN :MARKSWEEP :TRANSFORM :REFILL)
INDEPENDENT-PASS (:ORDINARY-PIN :MARKSWEEP :BEFORE :RAW)
INDEPENDENT-PASS (:ORDINARY-PIN :MARKSWEEP :BEFORE :REFILL)
INDEPENDENT-PASS (:ORDINARY-PIN :MARKSWEEP :AFTER :RAW)
INDEPENDENT-PASS (:ORDINARY-PIN :MARKSWEEP :AFTER :REFILL)
INDEPENDENT-PASS (:ORDINARY-PIN :SEMISPACE :RESERVE :REGISTER)
INDEPENDENT-PASS (:ORDINARY-PIN :SEMISPACE :RESERVE :CANCEL-FINALIZER)
INDEPENDENT-PASS (:ORDINARY-PIN :SEMISPACE :RESERVE :DRAIN)
INDEPENDENT-PASS (:ORDINARY-PIN :SEMISPACE :ADMIT :REGISTER)
INDEPENDENT-PASS (:ORDINARY-PIN :SEMISPACE :ADMIT :CANCEL-FINALIZER)
INDEPENDENT-PASS (:ORDINARY-PIN :SEMISPACE :ADMIT :DRAIN)
INDEPENDENT-PASS (:ORDINARY-PIN :SEMISPACE :TRANSFORM :REGISTER)
INDEPENDENT-PASS (:ORDINARY-PIN :SEMISPACE :TRANSFORM :CANCEL-FINALIZER)
INDEPENDENT-PASS (:ORDINARY-PIN :SEMISPACE :TRANSFORM :DRAIN)
INDEPENDENT-PASS (:ORDINARY-PIN :SEMISPACE :BEFORE :REGISTER)
INDEPENDENT-PASS (:ORDINARY-PIN :SEMISPACE :BEFORE :CANCEL-FINALIZER)
INDEPENDENT-PASS (:ORDINARY-PIN :SEMISPACE :BEFORE :DRAIN)
INDEPENDENT-PASS (:ORDINARY-PIN :SEMISPACE :AFTER :REGISTER)
INDEPENDENT-PASS (:ORDINARY-PIN :SEMISPACE :AFTER :CANCEL-FINALIZER)
INDEPENDENT-PASS (:ORDINARY-PIN :SEMISPACE :AFTER :DRAIN)
INDEPENDENT-PASS (:NIL-OPAQUE-TOKEN :READ :MATCH)
INDEPENDENT-PASS (:NIL-OPAQUE-TOKEN :CAS :MISMATCH)
WORKSPACE N=3 plan-measured=272 barrier-measured=96 context-measured=160 tokens-vector-measured=48 owned-vector-measured=48 construction-auxiliary-account=329968
INDEPENDENT-PASS :FIXED-WORKSPACE-ACCOUNT
FATAL-SHUTDOWN-EXACT outcome=:REJECTED reason=:FATAL-INVARIANT unbind=:RETRY config=:PUBLISHED->:PUBLISHED construction=:PUBLISHED->:PUBLISHED release=0->0
INDEPENDENT-PASS :FATAL-SHUTDOWN-REJECT-NOT-RETAINED
INDEPENDENT-PASS :DUAL-EXACT-COMPLAINT
BARRIER-EDGE-SUMMARY cases=62 failures=0 failed-worlds=0 expected-fatal-worlds=23 retained-total=92
CAS-PASS :GLOBAL-BEFORE-ORDER
CAS-PASS :REVERSE-WRITE-ONLY-CANCELLATION
MISMATCH-FAULT (:RETURNED :POST-PUBLICATION-FAILURE)
CAS-PASS :MISMATCH-BEFORE-ERROR-STICKY
MATCHED-NLX (:RETURNED :POST-PUBLICATION-FAILURE)
CAS-PASS :MATCHED-BEFORE-THROW-STICKY
CAS-PASS :SAME-CONTEXT-ADMIT-REENTRY
UNBIND-ENTRY (:RETURNED
              (#S(CLAMSARA::HOST-REFERENCE
                  :MODEL #<CLAMSARA::HOST-BOUND-OBJECT-MODEL {121D4B6DE3}>
                  :DESCRIPTOR 2
                  :ADDRESS 4128
                  :KIND :BASE
                  :TAG 0
                  :DISPLACEMENT 0)
               :COMPLETE))
CAS-PASS :ACTIVE-CONTEXT-UNBIND
POST-FAULT-ALLOCATION (:SIGNALED CLAMSARA::RUNTIME-REJECTION)
CAS-PASS :POST-FAULT-ALLOCATION-CLOSED
CAS-PASS :ADMITTED-EQL-READ-DISPATCH
BARRIER-BOUNDARY-SUMMARY cases=8 failures=0 failed-worlds=0 expected-fatal-worlds=3 retained-total=6
CLAIM-PROOF-PASS :PUBLIC-CLAIMS-UNDERSIZED-REJECT
CLAIM-PROOF-PASS :EXACT-CAPACITY-MATCH-AND-REUSE
CLAIM-PROOF-PASS :EXACT-CAPACITY-MISMATCH-AND-REUSE
CLAIM-PROOF-PASS (:PUBLIC-CLAIM-RETRY :RESERVE 0)
CLAIM-PROOF-PASS (:PUBLIC-CLAIM-RETRY :RESERVE 1)
CLAIM-PROOF-PASS (:PUBLIC-CLAIM-RETRY :RESERVE 2)
CLAIM-PROOF-PASS (:PUBLIC-CLAIM-RETRY :RESERVE 3)
CLAIM-PROOF-PASS (:PUBLIC-CLAIM-RETRY :ADMIT 0)
CLAIM-PROOF-PASS (:PUBLIC-CLAIM-RETRY :ADMIT 1)
CLAIM-PROOF-PASS (:PUBLIC-CLAIM-RETRY :ADMIT 2)
CLAIM-PROOF-PASS (:PUBLIC-CLAIM-RETRY :ADMIT 3)
CLAIM-PROOF-PASS (:PUBLIC-CLAIM-RETRY :TRANSFORM 0)
CLAIM-PROOF-PASS (:PUBLIC-CLAIM-RETRY :TRANSFORM 1)
CLAIM-PROOF-PASS (:PUBLIC-CLAIM-RETRY :TRANSFORM 2)
CLAIM-PROOF-PASS (:PUBLIC-CLAIM-RETRY :TRANSFORM 3)
CLAIM-PROOF-PASS (:MANAGED-NONIDENTITY-TRANSFORM :MATCH-RAW-EXPECTED)
CLAIM-PROOF-PASS (:MANAGED-NONIDENTITY-TRANSFORM
                  :MISMATCH-EXPECTED-IS-READ-RESULT)
CLAIM-PROOF-PASS (:MANAGED-NONIDENTITY-TRANSFORM :READ)
CLAIM-PROOF-PASS (:MANAGED-NONIDENTITY-TRANSFORM :READ-TRANSFORM-RETRY)
CLAIM-PROOF-PASS (:MANAGED-NONIDENTITY-TRANSFORM :WRITE-TRANSFORM-RETRY)
BARRIER-CLAIM-SUMMARY cases=20 failures=0 failed-worlds=0 retained-total=0
CAS-INTEGRATED-184-REPEAT-INDEPENDENT-176-PASS
CAS-ONLY-HEAD-A3A0BAE-CANDIDATE-PASS root=/tmp/clamsara-cas-only-1hf1b7ih/
