; compiling file "/home/iskam/src/vibe/Clamsara/src/package.lisp" (written 20 SEP 2026 10:33:39 AM):

; wrote /home/iskam/.cache/common-lisp/sbcl-2.6.8.3-db35d4561-linux-x64/home/iskam/src/vibe/Clamsara/src/package-tmpGHU3ALSV.fasl
; compilation finished in 0:00:00.003
; compiling file "/home/iskam/src/vibe/Clamsara/src/client/object-model.lisp" (written 20 SEP 2026 10:29:28 AM):

; wrote /home/iskam/.cache/common-lisp/sbcl-2.6.8.3-db35d4561-linux-x64/home/iskam/src/vibe/Clamsara/src/client/object-model-tmpAAURSO1.fasl
; compilation finished in 0:00:00.004
; compiling file "/home/iskam/src/vibe/Clamsara/src/client/metadata.lisp" (written 20 SEP 2026 10:29:28 AM):

; wrote /home/iskam/.cache/common-lisp/sbcl-2.6.8.3-db35d4561-linux-x64/home/iskam/src/vibe/Clamsara/src/client/metadata-tmp5GEXGEG5.fasl
; compilation finished in 0:00:00.001
; compiling file "/home/iskam/src/vibe/Clamsara/src/client/roots.lisp" (written 20 SEP 2026 10:29:28 AM):

; wrote /home/iskam/.cache/common-lisp/sbcl-2.6.8.3-db35d4561-linux-x64/home/iskam/src/vibe/Clamsara/src/client/roots-tmpAR3FSGEY.fasl
; compilation finished in 0:00:00.001
; compiling file "/home/iskam/src/vibe/Clamsara/src/client/finalizers.lisp" (written 20 SEP 2026 10:29:28 AM):

; wrote /home/iskam/.cache/common-lisp/sbcl-2.6.8.3-db35d4561-linux-x64/home/iskam/src/vibe/Clamsara/src/client/finalizers-tmpJAIDFZTC.fasl
; compilation finished in 0:00:00.001
; compiling file "/home/iskam/src/vibe/Clamsara/src/client/atomics.lisp" (written 20 SEP 2026 10:29:28 AM):

; wrote /home/iskam/.cache/common-lisp/sbcl-2.6.8.3-db35d4561-linux-x64/home/iskam/src/vibe/Clamsara/src/client/atomics-tmp8V3J6PE9.fasl
; compilation finished in 0:00:00.001
; compiling file "/home/iskam/src/vibe/Clamsara/src/client/mapping.lisp" (written 20 SEP 2026 10:29:28 AM):

; wrote /home/iskam/.cache/common-lisp/sbcl-2.6.8.3-db35d4561-linux-x64/home/iskam/src/vibe/Clamsara/src/client/mapping-tmp9V47YWQF.fasl
; compilation finished in 0:00:00.001
; compiling file "/home/iskam/src/vibe/Clamsara/src/client/diagnostics.lisp" (written 20 SEP 2026 10:29:28 AM):

; wrote /home/iskam/.cache/common-lisp/sbcl-2.6.8.3-db35d4561-linux-x64/home/iskam/src/vibe/Clamsara/src/client/diagnostics-tmp9BN22RMA.fasl
; compilation finished in 0:00:00.000
; compiling file "/home/iskam/src/vibe/Clamsara/src/client/coordinator.lisp" (written 20 SEP 2026 10:29:28 AM):

; wrote /home/iskam/.cache/common-lisp/sbcl-2.6.8.3-db35d4561-linux-x64/home/iskam/src/vibe/Clamsara/src/client/coordinator-tmp1CXFJSK9.fasl
; compilation finished in 0:00:00.000
; compiling file "/home/iskam/src/vibe/Clamsara/src/construction/protocol.lisp" (written 20 SEP 2026 11:10:20 AM):

; wrote /home/iskam/.cache/common-lisp/sbcl-2.6.8.3-db35d4561-linux-x64/home/iskam/src/vibe/Clamsara/src/construction/protocol-tmpX4BRKI0R.fasl
; compilation finished in 0:00:00.015
; compiling file "/home/iskam/src/vibe/Clamsara/src/construction/records.lisp" (written 20 SEP 2026 10:29:28 AM):

; wrote /home/iskam/.cache/common-lisp/sbcl-2.6.8.3-db35d4561-linux-x64/home/iskam/src/vibe/Clamsara/src/construction/records-tmpQ371UGST.fasl
; compilation finished in 0:00:00.230
; compiling file "/home/iskam/src/vibe/Clamsara/src/construction/graph.lisp" (written 20 SEP 2026 10:29:28 AM):

; wrote /home/iskam/.cache/common-lisp/sbcl-2.6.8.3-db35d4561-linux-x64/home/iskam/src/vibe/Clamsara/src/construction/graph-tmp2OWI3Q7U.fasl
; compilation finished in 0:00:00.058
; compiling file "/home/iskam/src/vibe/Clamsara/src/construction/validation.lisp" (written 20 SEP 2026 10:29:28 AM):

; wrote /home/iskam/.cache/common-lisp/sbcl-2.6.8.3-db35d4561-linux-x64/home/iskam/src/vibe/Clamsara/src/construction/validation-tmp9KKTJMYV.fasl
; compilation finished in 0:00:00.037
; compiling file "/home/iskam/src/vibe/Clamsara/src/construction/layout.lisp" (written 20 SEP 2026 10:29:28 AM):

; wrote /home/iskam/.cache/common-lisp/sbcl-2.6.8.3-db35d4561-linux-x64/home/iskam/src/vibe/Clamsara/src/construction/layout-tmpJU0JWO19.fasl
; compilation finished in 0:00:00.042
; compiling file "/home/iskam/src/vibe/Clamsara/src/construction/build.lisp" (written 20 SEP 2026 09:42:51 PM):

; wrote /home/iskam/.cache/common-lisp/sbcl-2.6.8.3-db35d4561-linux-x64/home/iskam/src/vibe/Clamsara/src/construction/build-tmpZX2WN8N4.fasl
; compilation finished in 0:00:00.066
; compiling file "/home/iskam/src/vibe/Clamsara/src/metadata/metadata.lisp" (written 20 SEP 2026 11:08:21 AM):

; wrote /home/iskam/.cache/common-lisp/sbcl-2.6.8.3-db35d4561-linux-x64/home/iskam/src/vibe/Clamsara/src/metadata/metadata-tmpOU81XRV0.fasl
; compilation finished in 0:00:00.105
; compiling file "/home/iskam/src/vibe/Clamsara/src/host/roots.lisp" (written 20 SEP 2026 11:45:10 AM):

; wrote /home/iskam/.cache/common-lisp/sbcl-2.6.8.3-db35d4561-linux-x64/home/iskam/src/vibe/Clamsara/src/host/roots-tmpY2ML9CFA.fasl
; compilation finished in 0:00:00.081
; compiling file "/home/iskam/src/vibe/Clamsara/src/host/coordinator.lisp" (written 20 SEP 2026 10:29:28 AM):

; wrote /home/iskam/.cache/common-lisp/sbcl-2.6.8.3-db35d4561-linux-x64/home/iskam/src/vibe/Clamsara/src/host/coordinator-tmpX2JYJDQE.fasl
; compilation finished in 0:00:00.024
; compiling file "/home/iskam/src/vibe/Clamsara/src/host/resources.lisp" (written 20 SEP 2026 10:32:21 AM):

; wrote /home/iskam/.cache/common-lisp/sbcl-2.6.8.3-db35d4561-linux-x64/home/iskam/src/vibe/Clamsara/src/host/resources-tmpOPCILR65.fasl
; compilation finished in 0:00:00.039
; compiling file "/home/iskam/src/vibe/Clamsara/src/host/address-space.lisp" (written 20 SEP 2026 11:17:10 PM):

; wrote /home/iskam/.cache/common-lisp/sbcl-2.6.8.3-db35d4561-linux-x64/home/iskam/src/vibe/Clamsara/src/host/address-space-tmpRV9F8A9A.fasl
; compilation finished in 0:00:00.071
; compiling file "/home/iskam/src/vibe/Clamsara/src/runtime/protocol.lisp" (written 20 SEP 2026 10:41:20 AM):

; wrote /home/iskam/.cache/common-lisp/sbcl-2.6.8.3-db35d4561-linux-x64/home/iskam/src/vibe/Clamsara/src/runtime/protocol-tmpK2ZAJT4I.fasl
; compilation finished in 0:00:00.005
; compiling file "/home/iskam/src/vibe/Clamsara/src/runtime/records.lisp" (written 21 SEP 2026 03:34:16 AM):

; wrote /home/iskam/.cache/common-lisp/sbcl-2.6.8.3-db35d4561-linux-x64/home/iskam/src/vibe/Clamsara/src/runtime/records-tmpUX5S4ADN.fasl
; compilation finished in 0:00:00.049
; compiling file "/home/iskam/src/vibe/Clamsara/src/runtime/barrier.lisp" (written 21 SEP 2026 03:42:10 AM):

; wrote /home/iskam/.cache/common-lisp/sbcl-2.6.8.3-db35d4561-linux-x64/home/iskam/src/vibe/Clamsara/src/runtime/barrier-tmp10401X32.fasl
; compilation finished in 0:00:00.024
; compiling file "/home/iskam/src/vibe/Clamsara/src/runtime/finalizers.lisp" (written 21 SEP 2026 03:45:28 AM):

; wrote /home/iskam/.cache/common-lisp/sbcl-2.6.8.3-db35d4561-linux-x64/home/iskam/src/vibe/Clamsara/src/runtime/finalizers-tmpZ7CBRM0G.fasl
; compilation finished in 0:00:00.047
; compiling file "/home/iskam/src/vibe/Clamsara/src/runtime/trace.lisp" (written 20 SEP 2026 10:50:21 AM):

; wrote /home/iskam/.cache/common-lisp/sbcl-2.6.8.3-db35d4561-linux-x64/home/iskam/src/vibe/Clamsara/src/runtime/trace-tmp9OZEQ0G2.fasl
; compilation finished in 0:00:00.031
; compiling file "/home/iskam/src/vibe/Clamsara/src/runtime/spaces.lisp" (written 21 SEP 2026 03:39:48 AM):

; wrote /home/iskam/.cache/common-lisp/sbcl-2.6.8.3-db35d4561-linux-x64/home/iskam/src/vibe/Clamsara/src/runtime/spaces-tmpB2JTL1W9.fasl
; compilation finished in 0:00:00.072
; compiling file "/home/iskam/src/vibe/Clamsara/src/runtime/cycle.lisp" (written 21 SEP 2026 04:00:34 AM):

; wrote /home/iskam/.cache/common-lisp/sbcl-2.6.8.3-db35d4561-linux-x64/home/iskam/src/vibe/Clamsara/src/runtime/cycle-tmpP3BI68WQ.fasl
; compilation finished in 0:00:00.037
; compiling file "/home/iskam/src/vibe/Clamsara/src/runtime/allocation.lisp" (written 21 SEP 2026 03:34:16 AM):

; wrote /home/iskam/.cache/common-lisp/sbcl-2.6.8.3-db35d4561-linux-x64/home/iskam/src/vibe/Clamsara/src/runtime/allocation-tmpQDARA81Z.fasl
; compilation finished in 0:00:00.011
; compiling file "/home/iskam/src/vibe/Clamsara/src/host/object-model.lisp" (written 21 SEP 2026 01:43:01 AM):

; file: /home/iskam/src/vibe/Clamsara/src/host/object-model.lisp
; in: DEFUN %HOST-NORMALIZE-STRONG-LAYOUT
;     'NIL
; 
; note: deleting unreachable code

; in: DEFMETHOD MAKE-OBJECT-KIND-DESCRIPTION (HOST-OBJECT-MODEL T)
;     'NIL
; 
; note: deleting unreachable code
; 
; note: deleting unreachable code

; in: DEFMETHOD BIND-OBJECT-MODEL (HOST-OBJECT-MODEL T T)
;     (ERROR "Hosted nonbase codes require 46-bit fixnums")
; 
; note: deleting unreachable code


; wrote /home/iskam/.cache/common-lisp/sbcl-2.6.8.3-db35d4561-linux-x64/home/iskam/src/vibe/Clamsara/src/host/object-model-tmpYEMMM7SE.fasl
; compilation finished in 0:00:00.331
; compiling file "/home/iskam/src/vibe/Clamsara/src/host/atomics.lisp" (written 20 SEP 2026 10:34:09 AM):

; wrote /home/iskam/.cache/common-lisp/sbcl-2.6.8.3-db35d4561-linux-x64/home/iskam/src/vibe/Clamsara/src/host/atomics-tmp73HU0RPK.fasl
; compilation finished in 0:00:00.026
; compiling file "/home/iskam/src/vibe/Clamsara/src/host/auxiliary.lisp" (written 20 SEP 2026 11:25:00 AM):

; wrote /home/iskam/.cache/common-lisp/sbcl-2.6.8.3-db35d4561-linux-x64/home/iskam/src/vibe/Clamsara/src/host/auxiliary-tmpIO5N7K88.fasl
; compilation finished in 0:00:00.018
; compiling file "/home/iskam/src/vibe/Clamsara/test/client/protocol-contract.lisp" (written 20 SEP 2026 10:29:28 AM):

; wrote /home/iskam/.cache/common-lisp/sbcl-2.6.8.3-db35d4561-linux-x64/home/iskam/src/vibe/Clamsara/test/client/protocol-contract-tmpCM21U60Z.fasl
; compilation finished in 0:00:00.036
v14 construction contracts: 105 checks passed
; compiling file "/home/iskam/src/vibe/Clamsara/test/host/roots.lisp" (written 20 SEP 2026 10:29:28 AM):

; wrote /home/iskam/.cache/common-lisp/sbcl-2.6.8.3-db35d4561-linux-x64/home/iskam/src/vibe/Clamsara/test/host/roots-tmp9DT7SEFG.fasl
; compilation finished in 0:00:00.020
; compiling file "/home/iskam/src/vibe/Clamsara/test/host/coordination.lisp" (written 20 SEP 2026 10:29:28 AM):

; wrote /home/iskam/.cache/common-lisp/sbcl-2.6.8.3-db35d4561-linux-x64/home/iskam/src/vibe/Clamsara/test/host/coordination-tmp8065ESJT.fasl
; compilation finished in 0:00:00.014
; compiling file "/home/iskam/src/vibe/Clamsara/src/host/atomics.lisp" (written 20 SEP 2026 10:34:09 AM):

; wrote /home/iskam/.cache/common-lisp/sbcl-2.6.8.3-db35d4561-linux-x64/home/iskam/src/vibe/Clamsara/src/host/atomics-tmp7S8Z6FGF.fasl
; compilation finished in 0:00:00.031
; compiling file "/home/iskam/src/vibe/Clamsara/test/host/atomics.lisp" (written 20 SEP 2026 10:35:31 AM):

; wrote /home/iskam/.cache/common-lisp/sbcl-2.6.8.3-db35d4561-linux-x64/home/iskam/src/vibe/Clamsara/test/host/atomics-tmpSIT3QPKP.fasl
; compilation finished in 0:00:00.009
; compiling file "/home/iskam/src/vibe/Clamsara/test/barrier/barrier.lisp" (written 20 SEP 2026 11:01:08 AM):

; wrote /home/iskam/.cache/common-lisp/sbcl-2.6.8.3-db35d4561-linux-x64/home/iskam/src/vibe/Clamsara/test/barrier/barrier-tmpE0PA0714.fasl
; compilation finished in 0:00:00.049
; compiling file "/home/iskam/src/vibe/Clamsara/test/runtime/semispace.lisp" (written 20 SEP 2026 11:07:51 AM):

; wrote /home/iskam/.cache/common-lisp/sbcl-2.6.8.3-db35d4561-linux-x64/home/iskam/src/vibe/Clamsara/test/runtime/semispace-tmpJRWHHVG0.fasl
; compilation finished in 0:00:00.010
; compiling file "/home/iskam/src/vibe/Clamsara/test/runtime/marksweep.lisp" (written 20 SEP 2026 10:54:08 AM):

; wrote /home/iskam/.cache/common-lisp/sbcl-2.6.8.3-db35d4561-linux-x64/home/iskam/src/vibe/Clamsara/test/runtime/marksweep-tmp4WZVROCX.fasl
; compilation finished in 0:00:00.007
; compiling file "/home/iskam/src/vibe/Clamsara/test/runtime/retained-failure.lisp" (written 20 SEP 2026 11:17:10 PM):

; wrote /home/iskam/.cache/common-lisp/sbcl-2.6.8.3-db35d4561-linux-x64/home/iskam/src/vibe/Clamsara/test/runtime/retained-failure-tmpA0I3UKX8.fasl
; compilation finished in 0:00:00.007
; compiling file "/home/iskam/src/vibe/Clamsara/test/metadata/semispace.lisp" (written 20 SEP 2026 10:34:55 AM):

; wrote /home/iskam/.cache/common-lisp/sbcl-2.6.8.3-db35d4561-linux-x64/home/iskam/src/vibe/Clamsara/test/metadata/semispace-tmp267Y2N80.fasl
; compilation finished in 0:00:00.003
V14-SEMISPACE-LIFECYCLE-OK
V14-MARKSWEEP-LIFECYCLE-OK
V14-SEMISPACE-LIFECYCLE-OK
METADATA-SEMISPACE-PACKED-CYCLE-OK
V14-SEMISPACE-LIFECYCLE-OK
METADATA-SEMISPACE-SCALAR-CYCLE-OK
V14-RETAINED-FAILURE-OK
; compiling file "/home/iskam/src/vibe/Clamsara/test/acceptance/metadata-safety.lisp" (written 20 SEP 2026 10:29:28 AM):

; wrote /home/iskam/.cache/common-lisp/sbcl-2.6.8.3-db35d4561-linux-x64/home/iskam/src/vibe/Clamsara/test/acceptance/metadata-safety-tmpOUPE5FSJ.fasl
; compilation finished in 0:00:00.018
; compiling file "/home/iskam/src/vibe/Clamsara/test/acceptance/host-safety.lisp" (written 20 SEP 2026 10:29:28 AM):

; wrote /home/iskam/.cache/common-lisp/sbcl-2.6.8.3-db35d4561-linux-x64/home/iskam/src/vibe/Clamsara/test/acceptance/host-safety-tmpIGHCU6ZA.fasl
; compilation finished in 0:00:00.018
; compiling file "/home/iskam/src/vibe/Clamsara/test/acceptance/resources-layout.lisp" (written 20 SEP 2026 11:39:35 PM):

; wrote /home/iskam/.cache/common-lisp/sbcl-2.6.8.3-db35d4561-linux-x64/home/iskam/src/vibe/Clamsara/test/acceptance/resources-layout-tmpBO0TUGLK.fasl
; compilation finished in 0:00:00.046
; compiling file "/home/iskam/src/vibe/Clamsara/test/acceptance/conditional-lifecycle.lisp" (written 20 SEP 2026 11:41:24 PM):

; wrote /home/iskam/.cache/common-lisp/sbcl-2.6.8.3-db35d4561-linux-x64/home/iskam/src/vibe/Clamsara/test/acceptance/conditional-lifecycle-tmpIIXPIQNW.fasl
; compilation finished in 0:00:00.014
; compiling file "/home/iskam/src/vibe/Clamsara/test/acceptance/object-model-safety.lisp" (written 20 SEP 2026 11:17:10 PM):

; wrote /home/iskam/.cache/common-lisp/sbcl-2.6.8.3-db35d4561-linux-x64/home/iskam/src/vibe/Clamsara/test/acceptance/object-model-safety-tmpOHM494YR.fasl
; compilation finished in 0:00:00.022
CONDITIONAL-LIFECYCLE-ACCEPTANCE-PASS
; compiling file "/home/iskam/src/vibe/Clamsara/test/quality/support.lisp" (written 21 SEP 2026 04:43:59 AM):

; wrote /home/iskam/.cache/common-lisp/sbcl-2.6.8.3-db35d4561-linux-x64/home/iskam/src/vibe/Clamsara/test/quality/support-tmpOVFB07XF.fasl
; compilation finished in 0:00:00.062
; compiling file "/home/iskam/src/vibe/Clamsara/test/quality/stateful.lisp" (written 20 SEP 2026 11:11:09 AM):

; wrote /home/iskam/.cache/common-lisp/sbcl-2.6.8.3-db35d4561-linux-x64/home/iskam/src/vibe/Clamsara/test/quality/stateful-tmpG6VFGMYP.fasl
; compilation finished in 0:00:00.033
QUALITY-STATEFUL-PASS seed=#x14C1A05E iterations=18 profiles=4
; compiling file "/home/iskam/src/vibe/Clamsara/test/quality/barrier-history.lisp" (written 21 SEP 2026 04:43:59 AM):

; wrote /home/iskam/.cache/common-lisp/sbcl-2.6.8.3-db35d4561-linux-x64/home/iskam/src/vibe/Clamsara/test/quality/barrier-history-tmp4QIPRMOF.fasl
; compilation finished in 0:00:00.105
; compiling file "/home/iskam/src/vibe/Clamsara/test/quality/barrier-edges.lisp" (written 21 SEP 2026 04:43:59 AM):

; wrote /home/iskam/.cache/common-lisp/sbcl-2.6.8.3-db35d4561-linux-x64/home/iskam/src/vibe/Clamsara/test/quality/barrier-edges-tmpGW0QV22K.fasl
; compilation finished in 0:00:00.075
; compiling file "/home/iskam/src/vibe/Clamsara/test/quality/barrier-claims.lisp" (written 21 SEP 2026 04:43:59 AM):

; wrote /home/iskam/.cache/common-lisp/sbcl-2.6.8.3-db35d4561-linux-x64/home/iskam/src/vibe/Clamsara/test/quality/barrier-claims-tmp2K9J0HSR.fasl
; compilation finished in 0:00:00.060
; compiling file "/home/iskam/src/vibe/Clamsara/test/quality/barrier-boundaries.lisp" (written 21 SEP 2026 03:55:43 AM):

; wrote /home/iskam/.cache/common-lisp/sbcl-2.6.8.3-db35d4561-linux-x64/home/iskam/src/vibe/Clamsara/test/quality/barrier-boundaries-tmpP44I4E0Y.fasl
; compilation finished in 0:00:00.030
INDEPENDENT-PASS (:RETRY :MATCH :RESERVE 0 :SINGLE-PATH)
INDEPENDENT-PASS (:RETRY :MATCH :RESERVE 1 :SINGLE-PATH)
INDEPENDENT-PASS (:RETRY :MATCH :RESERVE 2 :SINGLE-PATH)
INDEPENDENT-PASS (:RETRY :MATCH :ADMIT 0 :SINGLE-PATH)
INDEPENDENT-PASS (:RETRY :MATCH :ADMIT 1 :SINGLE-PATH)
INDEPENDENT-PASS (:RETRY :MATCH :ADMIT 2 :SINGLE-PATH)
INDEPENDENT-PASS (:RETRY :MATCH :TRANSFORM 0 :SINGLE-PATH)
INDEPENDENT-PASS (:RETRY :MATCH :TRANSFORM 1 :SINGLE-PATH)
INDEPENDENT-PASS (:RETRY :MATCH :TRANSFORM 2 :SINGLE-PATH)
INDEPENDENT-PASS (:RETRY :MISMATCH :RESERVE 0 :SINGLE-PATH)
INDEPENDENT-PASS (:RETRY :MISMATCH :RESERVE 1 :SINGLE-PATH)
INDEPENDENT-PASS (:RETRY :MISMATCH :RESERVE 2 :SINGLE-PATH)
INDEPENDENT-PASS (:RETRY :MISMATCH :ADMIT 0 :SINGLE-PATH)
INDEPENDENT-PASS (:RETRY :MISMATCH :ADMIT 1 :SINGLE-PATH)
INDEPENDENT-PASS (:RETRY :MISMATCH :ADMIT 2 :SINGLE-PATH)
INDEPENDENT-PASS (:RETRY :MISMATCH :TRANSFORM 0 :SINGLE-PATH)
INDEPENDENT-PASS (:RETRY :MISMATCH :TRANSFORM 1 :SINGLE-PATH)
INDEPENDENT-PASS (:RETRY :MISMATCH :TRANSFORM 2 :SINGLE-PATH)
INDEPENDENT-PASS (:RETRY :READ :RESERVE 0 :SINGLE-PATH)
INDEPENDENT-PASS (:RETRY :READ :RESERVE 1 :SINGLE-PATH)
INDEPENDENT-PASS (:RETRY :READ :RESERVE 2 :SINGLE-PATH)
INDEPENDENT-PASS (:RETRY :READ :ADMIT 0 :SINGLE-PATH)
INDEPENDENT-PASS (:RETRY :READ :ADMIT 1 :SINGLE-PATH)
INDEPENDENT-PASS (:RETRY :READ :ADMIT 2 :SINGLE-PATH)
INDEPENDENT-PASS (:RETRY :READ :TRANSFORM 0 :SINGLE-PATH)
INDEPENDENT-PASS (:RETRY :READ :TRANSFORM 1 :SINGLE-PATH)
INDEPENDENT-PASS (:RETRY :READ :TRANSFORM 2 :SINGLE-PATH)
INDEPENDENT-PASS (:RETRY :STORE :RESERVE 0 :SINGLE-PATH)
INDEPENDENT-PASS (:RETRY :STORE :RESERVE 1 :SINGLE-PATH)
INDEPENDENT-PASS (:RETRY :STORE :RESERVE 2 :SINGLE-PATH)
INDEPENDENT-PASS (:RETRY :STORE :ADMIT 0 :SINGLE-PATH)
INDEPENDENT-PASS (:RETRY :STORE :ADMIT 1 :SINGLE-PATH)
INDEPENDENT-PASS (:RETRY :STORE :ADMIT 2 :SINGLE-PATH)
INDEPENDENT-PASS (:RETRY :STORE :TRANSFORM 0 :SINGLE-PATH)
INDEPENDENT-PASS (:RETRY :STORE :TRANSFORM 1 :SINGLE-PATH)
INDEPENDENT-PASS (:RETRY :STORE :TRANSFORM 2 :SINGLE-PATH)
INDEPENDENT-PASS (:RETRY :ROOT-STORE :RESERVE 0 :SINGLE-PATH)
INDEPENDENT-PASS (:RETRY :ROOT-STORE :RESERVE 1 :SINGLE-PATH)
INDEPENDENT-PASS (:RETRY :ROOT-STORE :RESERVE 2 :SINGLE-PATH)
INDEPENDENT-PASS (:RETRY :ROOT-STORE :ADMIT 0 :SINGLE-PATH)
INDEPENDENT-PASS (:RETRY :ROOT-STORE :ADMIT 1 :SINGLE-PATH)
INDEPENDENT-PASS (:RETRY :ROOT-STORE :ADMIT 2 :SINGLE-PATH)
INDEPENDENT-PASS (:RETRY :ROOT-STORE :TRANSFORM 0 :SINGLE-PATH)
INDEPENDENT-PASS (:RETRY :ROOT-STORE :TRANSFORM 1 :SINGLE-PATH)
INDEPENDENT-PASS (:RETRY :ROOT-STORE :TRANSFORM 2 :SINGLE-PATH)
INDEPENDENT-PASS (:RETRY :MATCH :RESERVE 0 :UNION)
INDEPENDENT-PASS (:RETRY :MATCH :RESERVE 1 :UNION)
INDEPENDENT-PASS (:RETRY :MATCH :RESERVE 2 :UNION)
INDEPENDENT-PASS (:RETRY :MATCH :RESERVE 3 :UNION)
INDEPENDENT-PASS (:RETRY :MATCH :ADMIT 0 :UNION)
INDEPENDENT-PASS (:RETRY :MATCH :ADMIT 1 :UNION)
INDEPENDENT-PASS (:RETRY :MATCH :ADMIT 2 :UNION)
INDEPENDENT-PASS (:RETRY :MATCH :ADMIT 3 :UNION)
INDEPENDENT-PASS (:RETRY :MATCH :TRANSFORM 0 :UNION)
INDEPENDENT-PASS (:RETRY :MATCH :TRANSFORM 1 :UNION)
INDEPENDENT-PASS (:RETRY :MATCH :TRANSFORM 2 :UNION)
INDEPENDENT-PASS (:RETRY :MATCH :TRANSFORM 3 :UNION)
FATAL-OUTCOME :POST-PUBLICATION-FAILURE
CLOSURE allocation=:BLOCKED bind=:BLOCKED collect=:BLOCKED shutdown=:BLOCKED release-index=0->0
INDEPENDENT-PASS (:FATAL :MATCH :BEFORE :ERROR)
FATAL-OUTCOME :POST-PUBLICATION-FAILURE
CLOSURE allocation=:BLOCKED bind=:BLOCKED collect=:BLOCKED shutdown=:BLOCKED release-index=0->0
INDEPENDENT-PASS (:FATAL :MATCH :BEFORE :THROW)
FATAL-OUTCOME :POST-PUBLICATION-FAILURE
CLOSURE allocation=:BLOCKED bind=:BLOCKED collect=:BLOCKED shutdown=:BLOCKED release-index=0->0
INDEPENDENT-PASS (:FATAL :MATCH :AFTER :ERROR)
FATAL-OUTCOME :POST-PUBLICATION-FAILURE
CLOSURE allocation=:BLOCKED bind=:BLOCKED collect=:BLOCKED shutdown=:BLOCKED release-index=0->0
INDEPENDENT-PASS (:FATAL :MATCH :AFTER :THROW)
FATAL-OUTCOME :POST-PUBLICATION-FAILURE
CLOSURE allocation=:BLOCKED bind=:BLOCKED collect=:BLOCKED shutdown=:BLOCKED release-index=0->0
INDEPENDENT-PASS (:FATAL :MISMATCH :BEFORE :ERROR)
FATAL-OUTCOME :POST-PUBLICATION-FAILURE
CLOSURE allocation=:BLOCKED bind=:BLOCKED collect=:BLOCKED shutdown=:BLOCKED release-index=0->0
INDEPENDENT-PASS (:FATAL :MISMATCH :BEFORE :THROW)
FATAL-OUTCOME :POST-PUBLICATION-FAILURE
CLOSURE allocation=:BLOCKED bind=:BLOCKED collect=:BLOCKED shutdown=:BLOCKED release-index=0->0
INDEPENDENT-PASS (:FATAL :MISMATCH :AFTER :ERROR)
FATAL-OUTCOME :POST-PUBLICATION-FAILURE
CLOSURE allocation=:BLOCKED bind=:BLOCKED collect=:BLOCKED shutdown=:BLOCKED release-index=0->0
INDEPENDENT-PASS (:FATAL :MISMATCH :AFTER :THROW)
FATAL-OUTCOME :POST-PUBLICATION-FAILURE
CLOSURE allocation=:BLOCKED bind=:BLOCKED collect=:BLOCKED shutdown=:BLOCKED release-index=0->0
INDEPENDENT-PASS (:FATAL :READ :BEFORE :ERROR)
FATAL-OUTCOME :POST-PUBLICATION-FAILURE
CLOSURE allocation=:BLOCKED bind=:BLOCKED collect=:BLOCKED shutdown=:BLOCKED release-index=0->0
INDEPENDENT-PASS (:FATAL :READ :BEFORE :THROW)
FATAL-OUTCOME :POST-PUBLICATION-FAILURE
CLOSURE allocation=:BLOCKED bind=:BLOCKED collect=:BLOCKED shutdown=:BLOCKED release-index=0->0
INDEPENDENT-PASS (:FATAL :READ :AFTER :ERROR)
FATAL-OUTCOME :POST-PUBLICATION-FAILURE
CLOSURE allocation=:BLOCKED bind=:BLOCKED collect=:BLOCKED shutdown=:BLOCKED release-index=0->0
INDEPENDENT-PASS (:FATAL :READ :AFTER :THROW)
FATAL-OUTCOME :POST-PUBLICATION-FAILURE
CLOSURE allocation=:BLOCKED bind=:BLOCKED collect=:BLOCKED shutdown=:BLOCKED release-index=0->0
INDEPENDENT-PASS (:FATAL :STORE :BEFORE :ERROR)
FATAL-OUTCOME :POST-PUBLICATION-FAILURE
CLOSURE allocation=:BLOCKED bind=:BLOCKED collect=:BLOCKED shutdown=:BLOCKED release-index=0->0
INDEPENDENT-PASS (:FATAL :STORE :BEFORE :THROW)
FATAL-OUTCOME :POST-PUBLICATION-FAILURE
CLOSURE allocation=:BLOCKED bind=:BLOCKED collect=:BLOCKED shutdown=:BLOCKED release-index=0->0
INDEPENDENT-PASS (:FATAL :STORE :AFTER :ERROR)
FATAL-OUTCOME :POST-PUBLICATION-FAILURE
CLOSURE allocation=:BLOCKED bind=:BLOCKED collect=:BLOCKED shutdown=:BLOCKED release-index=0->0
INDEPENDENT-PASS (:FATAL :STORE :AFTER :THROW)
FATAL-OUTCOME :POST-PUBLICATION-FAILURE
CLOSURE allocation=:BLOCKED bind=:BLOCKED collect=:BLOCKED shutdown=:BLOCKED release-index=0->0
INDEPENDENT-PASS (:FATAL :ROOT-STORE :BEFORE :ERROR)
FATAL-OUTCOME :POST-PUBLICATION-FAILURE
CLOSURE allocation=:BLOCKED bind=:BLOCKED collect=:BLOCKED shutdown=:BLOCKED release-index=0->0
INDEPENDENT-PASS (:FATAL :ROOT-STORE :BEFORE :THROW)
FATAL-OUTCOME :POST-PUBLICATION-FAILURE
CLOSURE allocation=:BLOCKED bind=:BLOCKED collect=:BLOCKED shutdown=:BLOCKED release-index=0->0
INDEPENDENT-PASS (:FATAL :ROOT-STORE :AFTER :ERROR)
FATAL-OUTCOME :POST-PUBLICATION-FAILURE
CLOSURE allocation=:BLOCKED bind=:BLOCKED collect=:BLOCKED shutdown=:BLOCKED release-index=0->0
INDEPENDENT-PASS (:FATAL :ROOT-STORE :AFTER :THROW)
INDEPENDENT-PASS (:SAME-CONTEXT :RESERVE)
INDEPENDENT-PASS (:SAME-CONTEXT :ADMIT)
INDEPENDENT-PASS (:SAME-CONTEXT :TRANSFORM)
INDEPENDENT-PASS (:SECOND-CONTEXT-BUSY :ADMIT)
INDEPENDENT-PASS (:ACTIVE-CONTROL :UNBIND :RESERVE)
INDEPENDENT-PASS (:ACTIVE-CONTROL :COLLECT :RESERVE)
INDEPENDENT-PASS (:ACTIVE-CONTROL :UNBIND :ADMIT)
INDEPENDENT-PASS (:ACTIVE-CONTROL :COLLECT :ADMIT)
INDEPENDENT-PASS (:ACTIVE-CONTROL :UNBIND :TRANSFORM)
INDEPENDENT-PASS (:ACTIVE-CONTROL :COLLECT :TRANSFORM)
INDEPENDENT-PASS :MISMATCH-DISJOINT-TERMINAL-ONCE
INDEPENDENT-PASS :MATCH-DISJOINT-POSITIVE-CONTROL
INDEPENDENT-PASS :DISJOINT-READ-FIRST-POSITIVE-CONTROL
UNKNOWN-RESERVE-OUTCOME :FATAL-INVARIANT
CLOSURE allocation=:BLOCKED bind=:BLOCKED collect=:BLOCKED shutdown=:BLOCKED release-index=0->0
INDEPENDENT-PASS (:UNKNOWN-UNRETURNED-RESERVATION :ERROR)
UNKNOWN-RESERVE-OUTCOME :FATAL-INVARIANT
CLOSURE allocation=:BLOCKED bind=:BLOCKED collect=:BLOCKED shutdown=:BLOCKED release-index=0->0
INDEPENDENT-PASS (:UNKNOWN-UNRETURNED-RESERVATION :THROW)
FATAL-UNBIND-SHUTDOWN outcome=:POST-PUBLICATION-FAILURE unbind=:RETRY shutdown=:BLOCKED release-index=0->0
INDEPENDENT-PASS :FATAL-SHUTDOWN-AFTER-PUBLIC-UNBIND
DUAL-REJECTION-REASON :BARRIER-COMPOSITION-SIGNALED
INDEPENDENT-PASS :DUAL-PREPUBLICATION-REJECTION
BARRIER-HISTORY-SUMMARY cases=94 failures=0 failed-worlds=0 expected-fatal-worlds=23 retained-total=23
CLOSURE allocation=:BLOCKED bind=:BLOCKED collect=:BLOCKED shutdown=:BLOCKED release-index=0->0
INDEPENDENT-PASS (:ILLEGAL-PHASE :RESERVE :INVALID)
CLOSURE allocation=:BLOCKED bind=:BLOCKED collect=:BLOCKED shutdown=:BLOCKED release-index=0->0
INDEPENDENT-PASS (:ILLEGAL-PHASE :RESERVE :ERROR)
CLOSURE allocation=:BLOCKED bind=:BLOCKED collect=:BLOCKED shutdown=:BLOCKED release-index=0->0
INDEPENDENT-PASS (:ILLEGAL-PHASE :RESERVE :THROW)
CLOSURE allocation=:BLOCKED bind=:BLOCKED collect=:BLOCKED shutdown=:BLOCKED release-index=0->0
INDEPENDENT-PASS (:ILLEGAL-PHASE :ADMIT :INVALID)
CLOSURE allocation=:BLOCKED bind=:BLOCKED collect=:BLOCKED shutdown=:BLOCKED release-index=0->0
INDEPENDENT-PASS (:ILLEGAL-PHASE :ADMIT :ERROR)
CLOSURE allocation=:BLOCKED bind=:BLOCKED collect=:BLOCKED shutdown=:BLOCKED release-index=0->0
INDEPENDENT-PASS (:ILLEGAL-PHASE :ADMIT :THROW)
CLOSURE allocation=:BLOCKED bind=:BLOCKED collect=:BLOCKED shutdown=:BLOCKED release-index=0->0
INDEPENDENT-PASS (:ILLEGAL-PHASE :TRANSFORM :INVALID)
CLOSURE allocation=:BLOCKED bind=:BLOCKED collect=:BLOCKED shutdown=:BLOCKED release-index=0->0
INDEPENDENT-PASS (:ILLEGAL-PHASE :TRANSFORM :ERROR)
CLOSURE allocation=:BLOCKED bind=:BLOCKED collect=:BLOCKED shutdown=:BLOCKED release-index=0->0
INDEPENDENT-PASS (:ILLEGAL-PHASE :TRANSFORM :THROW)
CLOSURE allocation=:BLOCKED bind=:BLOCKED collect=:BLOCKED shutdown=:BLOCKED release-index=0->0
INDEPENDENT-PASS (:CANCEL-FAULT :ERROR 2)
CLOSURE allocation=:BLOCKED bind=:BLOCKED collect=:BLOCKED shutdown=:BLOCKED release-index=0->0
INDEPENDENT-PASS (:CANCEL-FAULT :ERROR 1)
CLOSURE allocation=:BLOCKED bind=:BLOCKED collect=:BLOCKED shutdown=:BLOCKED release-index=0->0
INDEPENDENT-PASS (:CANCEL-FAULT :THROW 2)
CLOSURE allocation=:BLOCKED bind=:BLOCKED collect=:BLOCKED shutdown=:BLOCKED release-index=0->0
INDEPENDENT-PASS (:CANCEL-FAULT :THROW 1)
CLOSURE allocation=:BLOCKED bind=:BLOCKED collect=:BLOCKED shutdown=:BLOCKED release-index=0->0
INDEPENDENT-PASS (:CAUGHT-OTHER-CONTEXT-FATAL :RESERVE)
CLOSURE allocation=:BLOCKED bind=:BLOCKED collect=:BLOCKED shutdown=:BLOCKED release-index=0->0
INDEPENDENT-PASS (:CAUGHT-OTHER-CONTEXT-FATAL :ADMIT)
CLOSURE allocation=:BLOCKED bind=:BLOCKED collect=:BLOCKED shutdown=:BLOCKED release-index=0->0
INDEPENDENT-PASS (:CAUGHT-OTHER-CONTEXT-FATAL :TRANSFORM)
CLOSURE allocation=:BLOCKED bind=:BLOCKED collect=:BLOCKED shutdown=:BLOCKED release-index=0->0
INDEPENDENT-PASS (:CAUGHT-OTHER-CONTEXT-FATAL :BEFORE)
CLOSURE allocation=:BLOCKED bind=:BLOCKED collect=:BLOCKED shutdown=:BLOCKED release-index=0->0
INDEPENDENT-PASS (:CAUGHT-OTHER-CONTEXT-FATAL :AFTER)
CLOSURE allocation=:BLOCKED bind=:BLOCKED collect=:BLOCKED shutdown=:BLOCKED release-index=0->0
INDEPENDENT-PASS (:CAUGHT-OTHER-CONTEXT-FATAL :CANCEL)
CLOSURE allocation=:BLOCKED bind=:BLOCKED collect=:BLOCKED shutdown=:BLOCKED release-index=0->0
INDEPENDENT-PASS (:CAUGHT-OTHER-CONTEXT-FATAL :RAW-LOAD)
CLOSURE allocation=:BLOCKED bind=:BLOCKED collect=:BLOCKED shutdown=:BLOCKED release-index=0->0
INDEPENDENT-PASS (:CAUGHT-OTHER-CONTEXT-FATAL :COMPARISON)
CLOSURE allocation=:BLOCKED bind=:BLOCKED collect=:BLOCKED shutdown=:BLOCKED release-index=0->0
INDEPENDENT-PASS (:CAUGHT-OTHER-CONTEXT-FATAL :RAW-STORE)
INDEPENDENT-PASS (:ORDINARY-PIN :SEMISPACE :RESERVE :RAW)
INDEPENDENT-PASS (:ORDINARY-PIN :SEMISPACE :RESERVE :REFILL)
INDEPENDENT-PASS (:ORDINARY-PIN :SEMISPACE :ADMIT :RAW)
INDEPENDENT-PASS (:ORDINARY-PIN :SEMISPACE :ADMIT :REFILL)
INDEPENDENT-PASS (:ORDINARY-PIN :SEMISPACE :TRANSFORM :RAW)
INDEPENDENT-PASS (:ORDINARY-PIN :SEMISPACE :TRANSFORM :REFILL)
INDEPENDENT-PASS (:ORDINARY-PIN :SEMISPACE :BEFORE :RAW)
INDEPENDENT-PASS (:ORDINARY-PIN :SEMISPACE :BEFORE :REFILL)
INDEPENDENT-PASS (:ORDINARY-PIN :SEMISPACE :AFTER :RAW)
INDEPENDENT-PASS (:ORDINARY-PIN :SEMISPACE :AFTER :REFILL)
INDEPENDENT-PASS (:ORDINARY-PIN :MARKSWEEP :RESERVE :RAW)
INDEPENDENT-PASS (:ORDINARY-PIN :MARKSWEEP :RESERVE :REFILL)
INDEPENDENT-PASS (:ORDINARY-PIN :MARKSWEEP :ADMIT :RAW)
INDEPENDENT-PASS (:ORDINARY-PIN :MARKSWEEP :ADMIT :REFILL)
INDEPENDENT-PASS (:ORDINARY-PIN :MARKSWEEP :TRANSFORM :RAW)
INDEPENDENT-PASS (:ORDINARY-PIN :MARKSWEEP :TRANSFORM :REFILL)
INDEPENDENT-PASS (:ORDINARY-PIN :MARKSWEEP :BEFORE :RAW)
INDEPENDENT-PASS (:ORDINARY-PIN :MARKSWEEP :BEFORE :REFILL)
INDEPENDENT-PASS (:ORDINARY-PIN :MARKSWEEP :AFTER :RAW)
INDEPENDENT-PASS (:ORDINARY-PIN :MARKSWEEP :AFTER :REFILL)
INDEPENDENT-PASS (:ORDINARY-PIN :SEMISPACE :RESERVE :REGISTER)
INDEPENDENT-PASS (:ORDINARY-PIN :SEMISPACE :RESERVE :CANCEL-FINALIZER)
INDEPENDENT-PASS (:ORDINARY-PIN :SEMISPACE :RESERVE :DRAIN)
INDEPENDENT-PASS (:ORDINARY-PIN :SEMISPACE :ADMIT :REGISTER)
INDEPENDENT-PASS (:ORDINARY-PIN :SEMISPACE :ADMIT :CANCEL-FINALIZER)
INDEPENDENT-PASS (:ORDINARY-PIN :SEMISPACE :ADMIT :DRAIN)
INDEPENDENT-PASS (:ORDINARY-PIN :SEMISPACE :TRANSFORM :REGISTER)
INDEPENDENT-PASS (:ORDINARY-PIN :SEMISPACE :TRANSFORM :CANCEL-FINALIZER)
INDEPENDENT-PASS (:ORDINARY-PIN :SEMISPACE :TRANSFORM :DRAIN)
INDEPENDENT-PASS (:ORDINARY-PIN :SEMISPACE :BEFORE :REGISTER)
INDEPENDENT-PASS (:ORDINARY-PIN :SEMISPACE :BEFORE :CANCEL-FINALIZER)
INDEPENDENT-PASS (:ORDINARY-PIN :SEMISPACE :BEFORE :DRAIN)
INDEPENDENT-PASS (:ORDINARY-PIN :SEMISPACE :AFTER :REGISTER)
INDEPENDENT-PASS (:ORDINARY-PIN :SEMISPACE :AFTER :CANCEL-FINALIZER)
INDEPENDENT-PASS (:ORDINARY-PIN :SEMISPACE :AFTER :DRAIN)
INDEPENDENT-PASS (:NIL-OPAQUE-TOKEN :READ :MATCH)
INDEPENDENT-PASS (:NIL-OPAQUE-TOKEN :CAS :MISMATCH)
WORKSPACE N=3 plan-measured=272 barrier-measured=96 context-measured=160 tokens-vector-measured=48 owned-vector-measured=48 construction-auxiliary-account=332128
INDEPENDENT-PASS :FIXED-WORKSPACE-ACCOUNT
FATAL-SHUTDOWN-EXACT outcome=:REJECTED reason=:FATAL-INVARIANT unbind=:RETRY config=:PUBLISHED->:PUBLISHED construction=:PUBLISHED->:PUBLISHED release=0->0
INDEPENDENT-PASS :FATAL-SHUTDOWN-REJECT-NOT-RETAINED
INDEPENDENT-PASS :DUAL-EXACT-COMPLAINT
BARRIER-EDGE-SUMMARY cases=62 failures=0 failed-worlds=0 expected-fatal-worlds=23 retained-total=46
CLAIM-PROOF-PASS :PUBLIC-CLAIMS-UNDERSIZED-REJECT
CLAIM-PROOF-PASS :EXACT-CAPACITY-MATCH-AND-REUSE
CLAIM-PROOF-PASS :EXACT-CAPACITY-MISMATCH-AND-REUSE
CLAIM-PROOF-PASS (:PUBLIC-CLAIM-RETRY :RESERVE 0)
CLAIM-PROOF-PASS (:PUBLIC-CLAIM-RETRY :RESERVE 1)
CLAIM-PROOF-PASS (:PUBLIC-CLAIM-RETRY :RESERVE 2)
CLAIM-PROOF-PASS (:PUBLIC-CLAIM-RETRY :RESERVE 3)
CLAIM-PROOF-PASS (:PUBLIC-CLAIM-RETRY :ADMIT 0)
CLAIM-PROOF-PASS (:PUBLIC-CLAIM-RETRY :ADMIT 1)
CLAIM-PROOF-PASS (:PUBLIC-CLAIM-RETRY :ADMIT 2)
CLAIM-PROOF-PASS (:PUBLIC-CLAIM-RETRY :ADMIT 3)
CLAIM-PROOF-PASS (:PUBLIC-CLAIM-RETRY :TRANSFORM 0)
CLAIM-PROOF-PASS (:PUBLIC-CLAIM-RETRY :TRANSFORM 1)
CLAIM-PROOF-PASS (:PUBLIC-CLAIM-RETRY :TRANSFORM 2)
CLAIM-PROOF-PASS (:PUBLIC-CLAIM-RETRY :TRANSFORM 3)
CLAIM-PROOF-PASS (:MANAGED-NONIDENTITY-TRANSFORM :MATCH-RAW-EXPECTED)
CLAIM-PROOF-PASS (:MANAGED-NONIDENTITY-TRANSFORM
                  :MISMATCH-EXPECTED-IS-READ-RESULT)
CLAIM-PROOF-PASS (:MANAGED-NONIDENTITY-TRANSFORM :READ)
CLAIM-PROOF-PASS (:MANAGED-NONIDENTITY-TRANSFORM :READ-TRANSFORM-RETRY)
CLAIM-PROOF-PASS (:MANAGED-NONIDENTITY-TRANSFORM :WRITE-TRANSFORM-RETRY)
BARRIER-CLAIM-SUMMARY cases=20 failures=0 failed-worlds=0 retained-total=0
CAS-PASS :GLOBAL-BEFORE-ORDER
CAS-PASS :REVERSE-WRITE-ONLY-CANCELLATION
MISMATCH-FAULT (:RETURNED :POST-PUBLICATION-FAILURE)
CAS-PASS :MISMATCH-BEFORE-ERROR-STICKY
MATCHED-NLX (:RETURNED :POST-PUBLICATION-FAILURE)
CAS-PASS :MATCHED-BEFORE-THROW-STICKY
CAS-PASS :SAME-CONTEXT-ADMIT-REENTRY
UNBIND-ENTRY (:RETURNED
              (#S(CLAMSARA::HOST-REFERENCE
                  :MODEL #<CLAMSARA::HOST-BOUND-OBJECT-MODEL {121DA67413}>
                  :DESCRIPTOR 2
                  :ADDRESS 4128
                  :KIND :BASE
                  :TAG 0
                  :DISPLACEMENT 0)
               :COMPLETE))
CAS-PASS :ACTIVE-CONTEXT-UNBIND
POST-FAULT-ALLOCATION (:SIGNALED CLAMSARA::RUNTIME-REJECTION)
CAS-PASS :POST-FAULT-ALLOCATION-CLOSED
CAS-PASS :ADMITTED-EQL-READ-DISPATCH
BARRIER-BOUNDARY-SUMMARY cases=8 failures=0 failed-worlds=0 expected-fatal-worlds=3 retained-total=3
; compiling file "/home/iskam/src/vibe/Clamsara/test/quality/allocation.lisp" (written 20 SEP 2026 09:15:22 PM):

; wrote /home/iskam/.cache/common-lisp/sbcl-2.6.8.3-db35d4561-linux-x64/home/iskam/src/vibe/Clamsara/test/quality/allocation-tmp63LQ7EX6.fasl
; compilation finished in 0:00:00.018
ALLOCATION-ADMISSION-PASS :SEMISPACE :PACKED
ALLOCATION-ADMISSION-PASS :SEMISPACE :SCALAR
ALLOCATION-ADMISSION-PASS :MARKSWEEP :PACKED
ALLOCATION-ADMISSION-PASS :MARKSWEEP :SCALAR
ALLOCATION-ADMISSION-TESTS-PASS
; compiling file "/home/iskam/src/vibe/Clamsara/test/quality/kind-snapshots.lisp" (written 20 SEP 2026 10:23:39 PM):

; wrote /home/iskam/.cache/common-lisp/sbcl-2.6.8.3-db35d4561-linux-x64/home/iskam/src/vibe/Clamsara/test/quality/kind-snapshots-tmp86F1A8FB.fasl
; compilation finished in 0:00:00.016
; compiling file "/home/iskam/src/vibe/Clamsara/test/quality/kind-history.lisp" (written 21 SEP 2026 01:04:14 AM):

; wrote /home/iskam/.cache/common-lisp/sbcl-2.6.8.3-db35d4561-linux-x64/home/iskam/src/vibe/Clamsara/test/quality/kind-history-tmpH7D4HL98.fasl
; compilation finished in 0:00:00.045
; compiling file "/home/iskam/src/vibe/Clamsara/test/quality/construction-exit-history.lisp" (written 20 SEP 2026 11:17:10 PM):

; wrote /home/iskam/.cache/common-lisp/sbcl-2.6.8.3-db35d4561-linux-x64/home/iskam/src/vibe/Clamsara/test/quality/construction-exit-history-tmpCDM7YXYI.fasl
; compilation finished in 0:00:00.027
KIND-GEOMETRY-PASS :SEMISPACE :PACKED :SIZE
KIND-GEOMETRY-PASS :SEMISPACE :PACKED :ALIGNMENT
KIND-GEOMETRY-PASS :SEMISPACE :PACKED :VARIABLE
KIND-GEOMETRY-PASS :SEMISPACE :SCALAR :SIZE
KIND-GEOMETRY-PASS :SEMISPACE :SCALAR :ALIGNMENT
KIND-GEOMETRY-PASS :SEMISPACE :SCALAR :VARIABLE
KIND-GEOMETRY-PASS :MARKSWEEP :PACKED :SIZE
KIND-GEOMETRY-PASS :MARKSWEEP :PACKED :ALIGNMENT
KIND-GEOMETRY-PASS :MARKSWEEP :PACKED :VARIABLE
KIND-GEOMETRY-PASS :MARKSWEEP :SCALAR :SIZE
KIND-GEOMETRY-PASS :MARKSWEEP :SCALAR :ALIGNMENT
KIND-GEOMETRY-PASS :MARKSWEEP :SCALAR :VARIABLE
KIND-GEOMETRY-SNAPSHOTS-PASS cases=12 rejections=8 escapes=8
CHECK :ACCOUNT (:UNIQUE-REQUIRED 40 :ALIAS-COUNT 6)
CHECK :CYCLE (:SEMISPACE :PACKED :DISCOVERED 4 :MOVED 4)
CHECK :ACCOUNT (:UNIQUE-REQUIRED 40 :ALIAS-COUNT 6)
CHECK :CYCLE (:SEMISPACE :PACKED :DISCOVERED 4 :MOVED 4)
CHECK :CYCLE (:SEMISPACE :PACKED :DISCOVERED 4 :MOVED 4)
CHECK :ACCOUNT (:UNIQUE-REQUIRED 40 :ALIAS-COUNT 6)
CHECK :SHARED-BINDINGS-PASS (:SEMISPACE :PACKED :FUNCTION-CALLS (4 4))
CHECK :PREBINDING-INVALID-PASS (:SEMISPACE :PACKED :HEADER -1
                                :BIND-OBJECT-MODEL-SIGNALED)
CHECK :PREBINDING-INVALID-PASS (:SEMISPACE :PACKED :HEADER 24
                                :BIND-OBJECT-MODEL-SIGNALED)
CHECK :PREBINDING-INVALID-PASS (:SEMISPACE :PACKED :ELEMENT 0
                                :BIND-OBJECT-MODEL-SIGNALED)
CHECK :PREBINDING-INVALID-PASS (:SEMISPACE :PACKED :ELEMENT 16
                                :BIND-OBJECT-MODEL-SIGNALED)
CHECK :PREBINDING-INVALID-PASS (:SEMISPACE :PACKED :MINIMUM -1
                                :BIND-OBJECT-MODEL-SIGNALED)
CHECK :PREBINDING-INVALID-PASS (:SEMISPACE :PACKED :MAXIMUM 0
                                :BIND-OBJECT-MODEL-SIGNALED)
CHECK :PREBINDING-INVALID-PASS (:SEMISPACE :PACKED :KIND :NUMERIC
                                :BIND-OBJECT-MODEL-SIGNALED)
CHECK :ACCOUNT (:UNIQUE-REQUIRED 40 :ALIAS-COUNT 6)
CHECK :CYCLE (:SEMISPACE :SCALAR :DISCOVERED 4 :MOVED 4)
CHECK :ACCOUNT (:UNIQUE-REQUIRED 40 :ALIAS-COUNT 6)
CHECK :CYCLE (:SEMISPACE :SCALAR :DISCOVERED 4 :MOVED 4)
CHECK :CYCLE (:SEMISPACE :SCALAR :DISCOVERED 4 :MOVED 4)
CHECK :ACCOUNT (:UNIQUE-REQUIRED 40 :ALIAS-COUNT 6)
CHECK :SHARED-BINDINGS-PASS (:SEMISPACE :SCALAR :FUNCTION-CALLS (4 4))
CHECK :PREBINDING-INVALID-PASS (:SEMISPACE :SCALAR :HEADER -1
                                :BIND-OBJECT-MODEL-SIGNALED)
CHECK :PREBINDING-INVALID-PASS (:SEMISPACE :SCALAR :HEADER 24
                                :BIND-OBJECT-MODEL-SIGNALED)
CHECK :PREBINDING-INVALID-PASS (:SEMISPACE :SCALAR :ELEMENT 0
                                :BIND-OBJECT-MODEL-SIGNALED)
CHECK :PREBINDING-INVALID-PASS (:SEMISPACE :SCALAR :ELEMENT 16
                                :BIND-OBJECT-MODEL-SIGNALED)
CHECK :PREBINDING-INVALID-PASS (:SEMISPACE :SCALAR :MINIMUM -1
                                :BIND-OBJECT-MODEL-SIGNALED)
CHECK :PREBINDING-INVALID-PASS (:SEMISPACE :SCALAR :MAXIMUM 0
                                :BIND-OBJECT-MODEL-SIGNALED)
CHECK :PREBINDING-INVALID-PASS (:SEMISPACE :SCALAR :KIND :NUMERIC
                                :BIND-OBJECT-MODEL-SIGNALED)
CHECK :ACCOUNT (:UNIQUE-REQUIRED 40 :ALIAS-COUNT 6)
CHECK :CYCLE (:MARKSWEEP :PACKED :DISCOVERED 4 :MOVED 0)
CHECK :ACCOUNT (:UNIQUE-REQUIRED 40 :ALIAS-COUNT 6)
CHECK :CYCLE (:MARKSWEEP :PACKED :DISCOVERED 4 :MOVED 0)
CHECK :CYCLE (:MARKSWEEP :PACKED :DISCOVERED 4 :MOVED 0)
CHECK :ACCOUNT (:UNIQUE-REQUIRED 40 :ALIAS-COUNT 6)
CHECK :SHARED-BINDINGS-PASS (:MARKSWEEP :PACKED :FUNCTION-CALLS (4 4))
CHECK :PREBINDING-INVALID-PASS (:MARKSWEEP :PACKED :HEADER -1
                                :BIND-OBJECT-MODEL-SIGNALED)
CHECK :PREBINDING-INVALID-PASS (:MARKSWEEP :PACKED :HEADER 24
                                :BIND-OBJECT-MODEL-SIGNALED)
CHECK :PREBINDING-INVALID-PASS (:MARKSWEEP :PACKED :ELEMENT 0
                                :BIND-OBJECT-MODEL-SIGNALED)
CHECK :PREBINDING-INVALID-PASS (:MARKSWEEP :PACKED :ELEMENT 16
                                :BIND-OBJECT-MODEL-SIGNALED)
CHECK :PREBINDING-INVALID-PASS (:MARKSWEEP :PACKED :MINIMUM -1
                                :BIND-OBJECT-MODEL-SIGNALED)
CHECK :PREBINDING-INVALID-PASS (:MARKSWEEP :PACKED :MAXIMUM 0
                                :BIND-OBJECT-MODEL-SIGNALED)
CHECK :PREBINDING-INVALID-PASS (:MARKSWEEP :PACKED :KIND :NUMERIC
                                :BIND-OBJECT-MODEL-SIGNALED)
CHECK :ACCOUNT (:UNIQUE-REQUIRED 40 :ALIAS-COUNT 6)
CHECK :CYCLE (:MARKSWEEP :SCALAR :DISCOVERED 4 :MOVED 0)
CHECK :ACCOUNT (:UNIQUE-REQUIRED 40 :ALIAS-COUNT 6)
CHECK :CYCLE (:MARKSWEEP :SCALAR :DISCOVERED 4 :MOVED 0)
CHECK :CYCLE (:MARKSWEEP :SCALAR :DISCOVERED 4 :MOVED 0)
CHECK :ACCOUNT (:UNIQUE-REQUIRED 40 :ALIAS-COUNT 6)
CHECK :SHARED-BINDINGS-PASS (:MARKSWEEP :SCALAR :FUNCTION-CALLS (4 4))
CHECK :PREBINDING-INVALID-PASS (:MARKSWEEP :SCALAR :HEADER -1
                                :BIND-OBJECT-MODEL-SIGNALED)
CHECK :PREBINDING-INVALID-PASS (:MARKSWEEP :SCALAR :HEADER 24
                                :BIND-OBJECT-MODEL-SIGNALED)
CHECK :PREBINDING-INVALID-PASS (:MARKSWEEP :SCALAR :ELEMENT 0
                                :BIND-OBJECT-MODEL-SIGNALED)
CHECK :PREBINDING-INVALID-PASS (:MARKSWEEP :SCALAR :ELEMENT 16
                                :BIND-OBJECT-MODEL-SIGNALED)
CHECK :PREBINDING-INVALID-PASS (:MARKSWEEP :SCALAR :MINIMUM -1
                                :BIND-OBJECT-MODEL-SIGNALED)
CHECK :PREBINDING-INVALID-PASS (:MARKSWEEP :SCALAR :MAXIMUM 0
                                :BIND-OBJECT-MODEL-SIGNALED)
CHECK :PREBINDING-INVALID-PASS (:MARKSWEEP :SCALAR :KIND :NUMERIC
                                :BIND-OBJECT-MODEL-SIGNALED)
CHECK :CYCLE (:SEMISPACE :PACKED :DISCOVERED 1 :MOVED 1)
CHECK :EXACT-ALIAS-PASS (:REJECTED 7 :ACCEPTED 2)
CHECK :ACCOUNT (:UNIQUE-REQUIRED 45 :ALIAS-COUNT 10)
CHECK :CYCLE (:SEMISPACE :PACKED :DISCOVERED 4 :MOVED 4)
CHECK :ACCOUNT (:UNIQUE-REQUIRED 45 :ALIAS-COUNT 10)
CHECK :STAGING-PASS (:PACKED :FIXED-CALLS (1 1))
CHECK :ACCOUNT (:UNIQUE-REQUIRED 45 :ALIAS-COUNT 10)
CHECK :CYCLE (:SEMISPACE :SCALAR :DISCOVERED 4 :MOVED 4)
CHECK :ACCOUNT (:UNIQUE-REQUIRED 45 :ALIAS-COUNT 10)
CHECK :STAGING-PASS (:SCALAR :FIXED-CALLS (1 1))
CHECK :INDEPENDENT-GEOMETRY-FINISHED (:CASES 35)
LATE-PASS (:PHASE :INITIALIZE :MODE :THROW :CLEANUP-FAULT NIL :RELEASED 10
           :DEACTIVATED 1 :OBSERVER-AFTER-CLEANUP NIL :EXACT-THROW-VALUES T)
LATE-PASS (:PHASE :INITIALIZE :MODE :THROW :CLEANUP-FAULT T :RELEASED 10
           :DEACTIVATED 1 :OBSERVER-AFTER-CLEANUP T :EXACT-THROW-VALUES NIL)
LATE-PASS (:PHASE :INITIALIZE :MODE :ERROR :CLEANUP-FAULT NIL :RELEASED 10
           :DEACTIVATED 1 :OBSERVER-AFTER-CLEANUP T :EXACT-THROW-VALUES NIL)
LATE-PASS (:PHASE :INITIALIZE :MODE :ERROR :CLEANUP-FAULT T :RELEASED 10
           :DEACTIVATED 1 :OBSERVER-AFTER-CLEANUP T :EXACT-THROW-VALUES NIL)
LATE-PASS (:PHASE :ACTIVATE :MODE :THROW :CLEANUP-FAULT NIL :RELEASED 10
           :DEACTIVATED 1 :OBSERVER-AFTER-CLEANUP NIL :EXACT-THROW-VALUES T)
LATE-PASS (:PHASE :ACTIVATE :MODE :THROW :CLEANUP-FAULT T :RELEASED 10
           :DEACTIVATED 1 :OBSERVER-AFTER-CLEANUP T :EXACT-THROW-VALUES NIL)
LATE-PASS (:PHASE :ACTIVATE :MODE :ERROR :CLEANUP-FAULT NIL :RELEASED 10
           :DEACTIVATED 1 :OBSERVER-AFTER-CLEANUP T :EXACT-THROW-VALUES NIL)
LATE-PASS (:PHASE :ACTIVATE :MODE :ERROR :CLEANUP-FAULT T :RELEASED 10
           :DEACTIVATED 1 :OBSERVER-AFTER-CLEANUP T :EXACT-THROW-VALUES NIL)
SUCCESS-GUARD-PASS released=10
LATE-UNWIND-FINISHED cases=9
; compiling file "/home/iskam/src/vibe/Clamsara/test/quality/indexed-snapshots.lisp" (written 21 SEP 2026 12:09:37 AM):

; wrote /home/iskam/.cache/common-lisp/sbcl-2.6.8.3-db35d4561-linux-x64/home/iskam/src/vibe/Clamsara/test/quality/indexed-snapshots-tmpLM57P5P.fasl
; compilation finished in 0:00:00.018
; compiling file "/home/iskam/src/vibe/Clamsara/test/quality/indexed-history.lisp" (written 21 SEP 2026 01:09:18 AM):

; wrote /home/iskam/.cache/common-lisp/sbcl-2.6.8.3-db35d4561-linux-x64/home/iskam/src/vibe/Clamsara/test/quality/indexed-history-tmpZE69DN33.fasl
; compilation finished in 0:00:00.054
; compiling file "/home/iskam/src/vibe/Clamsara/test/quality/indexed-edges.lisp" (written 21 SEP 2026 01:45:44 AM):

; wrote /home/iskam/.cache/common-lisp/sbcl-2.6.8.3-db35d4561-linux-x64/home/iskam/src/vibe/Clamsara/test/quality/indexed-edges-tmpG8099TO3.fasl
; compilation finished in 0:00:00.074
; compiling file "/home/iskam/src/vibe/Clamsara/test/quality/staged-history.lisp" (written 21 SEP 2026 01:45:44 AM):

; wrote /home/iskam/.cache/common-lisp/sbcl-2.6.8.3-db35d4561-linux-x64/home/iskam/src/vibe/Clamsara/test/quality/staged-history-tmpTASQCYAW.fasl
; compilation finished in 0:00:00.011
INDEXED-CYCLE :SEMISPACE :PACKED status=:COMPLETE reason=:COMPLETE discovered=2 moved=2
INDEXED-PASS (:CALLBACK :SEMISPACE :PACKED :LIVE)
INDEXED-CYCLE :SEMISPACE :PACKED status=:COMPLETE reason=:COMPLETE discovered=2 moved=2
INDEXED-PASS (:CALLBACK :SEMISPACE :PACKED :SIGNAL)
INDEXED-CYCLE :SEMISPACE :PACKED status=:COMPLETE reason=:COMPLETE discovered=2 moved=2
INDEXED-PASS (:CALLBACK :SEMISPACE :PACKED :STAGED)
INDEXED-CYCLE :SEMISPACE :PACKED status=:COMPLETE reason=:COMPLETE discovered=2 moved=2
INDEXED-PASS (:PRIVATE-RESOLVER :SEMISPACE :PACKED)
FIXED-INDEXED-LIVE-IDS (0 1 2 3)
INDEXED-CYCLE :SEMISPACE :PACKED status=:COMPLETE reason=:COMPLETE discovered=2 moved=2
INDEXED-PASS (:FIXED-INDEXED :SEMISPACE :PACKED)
INDEXED-CYCLE :SEMISPACE :PACKED status=:COMPLETE reason=:COMPLETE discovered=1 moved=1
INDEXED-PASS (:COMPOUND-NAME :SEMISPACE :PACKED)
INDEXED-CYCLE :SEMISPACE :SCALAR status=:COMPLETE reason=:COMPLETE discovered=2 moved=2
INDEXED-PASS (:CALLBACK :SEMISPACE :SCALAR :LIVE)
INDEXED-CYCLE :SEMISPACE :SCALAR status=:COMPLETE reason=:COMPLETE discovered=2 moved=2
INDEXED-PASS (:CALLBACK :SEMISPACE :SCALAR :SIGNAL)
INDEXED-CYCLE :SEMISPACE :SCALAR status=:COMPLETE reason=:COMPLETE discovered=2 moved=2
INDEXED-PASS (:CALLBACK :SEMISPACE :SCALAR :STAGED)
INDEXED-CYCLE :SEMISPACE :SCALAR status=:COMPLETE reason=:COMPLETE discovered=2 moved=2
INDEXED-PASS (:PRIVATE-RESOLVER :SEMISPACE :SCALAR)
FIXED-INDEXED-LIVE-IDS (0 1 2 3)
INDEXED-CYCLE :SEMISPACE :SCALAR status=:COMPLETE reason=:COMPLETE discovered=2 moved=2
INDEXED-PASS (:FIXED-INDEXED :SEMISPACE :SCALAR)
INDEXED-CYCLE :SEMISPACE :SCALAR status=:COMPLETE reason=:COMPLETE discovered=1 moved=1
INDEXED-PASS (:COMPOUND-NAME :SEMISPACE :SCALAR)
INDEXED-CYCLE :MARKSWEEP :PACKED status=:COMPLETE reason=:COMPLETE discovered=2 moved=0
INDEXED-PASS (:CALLBACK :MARKSWEEP :PACKED :LIVE)
INDEXED-CYCLE :MARKSWEEP :PACKED status=:COMPLETE reason=:COMPLETE discovered=2 moved=0
INDEXED-PASS (:CALLBACK :MARKSWEEP :PACKED :SIGNAL)
INDEXED-CYCLE :MARKSWEEP :PACKED status=:COMPLETE reason=:COMPLETE discovered=2 moved=0
INDEXED-PASS (:CALLBACK :MARKSWEEP :PACKED :STAGED)
INDEXED-CYCLE :MARKSWEEP :PACKED status=:COMPLETE reason=:COMPLETE discovered=2 moved=0
INDEXED-PASS (:PRIVATE-RESOLVER :MARKSWEEP :PACKED)
FIXED-INDEXED-LIVE-IDS (0 1 2 3)
INDEXED-CYCLE :MARKSWEEP :PACKED status=:COMPLETE reason=:COMPLETE discovered=2 moved=0
INDEXED-PASS (:FIXED-INDEXED :MARKSWEEP :PACKED)
INDEXED-CYCLE :MARKSWEEP :PACKED status=:COMPLETE reason=:COMPLETE discovered=1 moved=0
INDEXED-PASS (:COMPOUND-NAME :MARKSWEEP :PACKED)
INDEXED-CYCLE :MARKSWEEP :SCALAR status=:COMPLETE reason=:COMPLETE discovered=2 moved=0
INDEXED-PASS (:CALLBACK :MARKSWEEP :SCALAR :LIVE)
INDEXED-CYCLE :MARKSWEEP :SCALAR status=:COMPLETE reason=:COMPLETE discovered=2 moved=0
INDEXED-PASS (:CALLBACK :MARKSWEEP :SCALAR :SIGNAL)
INDEXED-CYCLE :MARKSWEEP :SCALAR status=:COMPLETE reason=:COMPLETE discovered=2 moved=0
INDEXED-PASS (:CALLBACK :MARKSWEEP :SCALAR :STAGED)
INDEXED-CYCLE :MARKSWEEP :SCALAR status=:COMPLETE reason=:COMPLETE discovered=2 moved=0
INDEXED-PASS (:PRIVATE-RESOLVER :MARKSWEEP :SCALAR)
FIXED-INDEXED-LIVE-IDS (0 1 2 3)
INDEXED-CYCLE :MARKSWEEP :SCALAR status=:COMPLETE reason=:COMPLETE discovered=2 moved=0
INDEXED-PASS (:FIXED-INDEXED :MARKSWEEP :SCALAR)
INDEXED-CYCLE :MARKSWEEP :SCALAR status=:COMPLETE reason=:COMPLETE discovered=1 moved=0
INDEXED-PASS (:COMPOUND-NAME :MARKSWEEP :SCALAR)
INDEXED-SNAPSHOTS passed=24 failed=0
OBSERVE-CALLS :CAPTURE-SEMISPACE at-bind=4
OBSERVE-IDS :CAPTURE-SEMISPACE staged=NIL ids=(101 102 103 104)
OBSERVE-IDS :CAPTURE-SEMISPACE staged=T ids=(101 102 103 104)
OBSERVE-IDS :CAPTURE-SEMISPACE staged=NIL ids=(101 102 103 104)
OBSERVE-CALLS :CAPTURE-SEMISPACE after-runtime=4
CASE-PASS :CAPTURE-SEMISPACE
OBSERVE-CALLS :CAPTURE-MARKSWEEP at-bind=4
OBSERVE-IDS :CAPTURE-MARKSWEEP staged=NIL ids=(101 102 103 104)
OBSERVE-IDS :CAPTURE-MARKSWEEP staged=T ids=(101 102 103 104)
OBSERVE-IDS :CAPTURE-MARKSWEEP staged=NIL ids=(101 102 103 104)
OBSERVE-CALLS :CAPTURE-MARKSWEEP after-runtime=4
CASE-PASS :CAPTURE-MARKSWEEP
OBSERVE-IDS :SAME-OFFER-TWO-BINDINGS staged=NIL ids=(7 8)
OBSERVE-IDS :SAME-OFFER-TWO-BINDINGS staged=NIL ids=(7 8)
OBSERVE-IDS :SAME-OFFER-TWO-BINDINGS staged=NIL ids=(17 18)
OBSERVE-IDS :SAME-OFFER-TWO-BINDINGS staged=NIL ids=(17 18)
CASE-PASS :SAME-OFFER-TWO-BINDINGS
CASE-PASS :ORDINARY-EQL-STRING-HANDLE
OBSERVE-PRIVATE :PRIVATE-EQL-STRING-INVERSE id="same" value=31 status=:PRESENT reason=NIL
OBSERVE-PRIVATE :PRIVATE-EQL-STRING-INVERSE id="same" value=32 status=:PRESENT reason=NIL
CASE-PASS :PRIVATE-EQL-STRING-INVERSE
OBSERVE-STAGED (:STAGED :VALID) handle=T status=:COMPLETE reason=NIL pool-before=0 pool-after=1
CASE-PASS (:STAGED :VALID)
OBSERVE-STAGED (:STAGED :PREFIX) handle=NIL status=:FAILED reason=:INVALID-LOCATION pool-before=0 pool-after=0
CASE-PASS (:STAGED :PREFIX)
OBSERVE-STAGED (:STAGED :SIZE) handle=NIL status=:FAILED reason=:INVALID-LOCATION pool-before=0 pool-after=0
CASE-PASS (:STAGED :SIZE)
OBSERVE-IDS :FIXED-TRAILING-RAW staged=NIL ids=(0 1)
OBSERVE-IDS :FIXED-TRAILING-RAW staged=T ids=(0 1)
CASE-PASS :FIXED-TRAILING-RAW
OBSERVE-IDS :FIXED-ZERO-COUNT staged=NIL ids=NIL
OBSERVE-IDS :FIXED-ZERO-COUNT staged=T ids=NIL
CASE-PASS :FIXED-ZERO-COUNT
OBSERVE-IDS :NEGATIVE-BASE staged=NIL ids=(-3 -2)
CASE-PASS :NEGATIVE-BASE
OBSERVE-IDS :CLOSED-TOKEN-POSITIVE-CONTROL staged=NIL ids=(:SYMBOL-ID 800 #\Q
                                                           1.25 #*101)
CASE-PASS :CLOSED-TOKEN-POSITIVE-CONTROL
OBSERVE-DOMAIN at-bind=14 expected=14
OBSERVE-IDS :ROUTE-BOUNDED-DOMAIN staged=NIL ids=(0 1 2 3 4 5 6 7 8 9 10 11 12
                                                  13)
CASE-PASS :ROUTE-BOUNDED-DOMAIN
CASE-PASS (:NEW-ADMISSION :NIL)
CASE-PASS (:NEW-ADMISSION :DUPLICATE)
CASE-PASS (:NEW-ADMISSION :AGGREGATE)
CASE-PASS (:NEW-ADMISSION :BASE)
CASE-PASS (:NEW-ADMISSION :FUTURE-NIL)
CASE-PASS :EXPLICIT-NIL-BASE
CASE-PASS :KNOWN-MANAGED-ID
OBSERVE-EXIT :CALLBACK-ERROR calls=1 returned=NIL outcome=NIL error=T
CASE-PASS :CALLBACK-ERROR
OBSERVE-EXIT :CALLBACK-THROW calls=1 returned=NIL outcome=:IDENTITY-ESCAPE error=NIL
CASE-PASS :CALLBACK-THROW
CASE-PASS :COMPOUND-NAME
CASE-PASS :SHARED-DAG-NAME
CASE-PASS :CYCLIC-NAME
CASE-PASS :DUPLICATE-PREBIND-NAMES
CASE-PASS :NEW-UNSUPPORTED-NAME-LEAF
INDEPENDENT-INDEXED-ACCEPTANCE-FINISHED passes=27 failures=0 assertions=108 retained=0
NUMERIC base=0 mode=:IMPLICIT IDs=(0 1 2 3)
PASS :DEFAULT-ZERO
NUMERIC base=-4611686018427387904 mode=:IMPLICIT IDs=(-4611686018427387904
                                                      -4611686018427387903
                                                      -4611686018427387902
                                                      -4611686018427387901)
PASS :DEFAULT-NEAR-NEGATIVE-FIXNUM
NUMERIC base=4611686018427387902 mode=:CAPTURED IDs=(4611686018427387902
                                                     4611686018427387903
                                                     4611686018427387904
                                                     4611686018427387905)
PASS :CROSS-POSITIVE-FIXNUM
NUMERIC base=1461501637330902918203684832716283019655932542976 mode=:CAPTURED IDs=(1461501637330902918203684832716283019655932542976
                                                                                   1461501637330902918203684832716283019655932542977
                                                                                   1461501637330902918203684832716283019655932542978
                                                                                   1461501637330902918203684832716283019655932542979)
PASS :HUGE-POSITIVE-BASE
NUMERIC base=-1461501637330902918203684832716283019655932542976 mode=:CAPTURED IDs=(-1461501637330902918203684832716283019655932542976
                                                                                    -1461501637330902918203684832716283019655932542975
                                                                                    -1461501637330902918203684832716283019655932542974
                                                                                    -1461501637330902918203684832716283019655932542973)
PASS :HUGE-NEGATIVE-BASE
PASS :CUSTOM-HEAP-TOKENS-AND-RAW-ADMISSION
PREFIX extent=512 maximum=NIL header=16 count=30
PASS :MODEL-BOUND
PREFIX extent=128 maximum=NIL header=16 count=14
PASS :ROUTE-BOUND
PREFIX extent=512 maximum=3 header=16 count=3
PASS :DECLARED-BOUND
PREFIX extent=512 maximum=0 header=16 count=0
PASS :ZERO-PREFIX
PREFIX extent=512 maximum=NIL header=256 count=0
PASS :HEADER-ONLY-MAXIMUM
PASS :INVALID-DOMAINS
PASS (:FIXED-TAIL (33 2))
PASS (:FIXED-TAIL (47 3))
PASS (:FIXED-TAIL (16 0))
PASS (:FIXED-TAIL (17 0))
PASS :CONDITIONAL-STRING
PASS :CONDITIONAL-BITS
PASS :CONDITIONAL-BOXED-INTEGER
PASS :CLOSED-PROFILE-CONSISTENCY
PASS :SHARED-KIND-AND-WEAK-NAMES
PASS :CYCLE-AND-DEEP-NAMES
PASS :STAGED-CUSTOM-GUARDS
EDGE-SUMMARY cases=23 failed=0 assertions=50613 retained=0
LIFETIME-OBSERVE mode=:reuse indexed=NIL same-stage=T stage-generation=1->2 destination-live=T object-generation=1->1 status=:PRESENT value=501
LIFETIME-PASS :REUSE NIL
LIFETIME-OBSERVE mode=:destination indexed=NIL installed-at=4608 intended=4640 B-live=T stage-generation=1 handle-stage-generation=1 status=:STALE value=:NOT-CALLED
LIFETIME-PASS :DESTINATION NIL
LIFETIME-OBSERVE mode=:reuse indexed=T same-stage=T stage-generation=1->2 destination-live=T object-generation=1->1 status=:PRESENT value=501
LIFETIME-PASS :REUSE T
LIFETIME-OBSERVE mode=:destination indexed=T installed-at=4608 intended=4640 B-live=T stage-generation=1 handle-stage-generation=1 status=:STALE value=:NOT-CALLED
LIFETIME-PASS :DESTINATION T
LIFETIME-SUMMARY cases=4 failed=0 retained=0
; compiling file "/home/iskam/src/vibe/Clamsara/test/quality/representation-capacity.lisp" (written 20 SEP 2026 07:52:03 PM):

; wrote /home/iskam/.cache/common-lisp/sbcl-2.6.8.3-db35d4561-linux-x64/home/iskam/src/vibe/Clamsara/test/quality/representation-capacity-tmp35U57IV6.fasl
; compilation finished in 0:00:00.016
REPRESENTATION-CAPACITY-PASS :SEMISPACE :PACKED granularity=8
REPRESENTATION-CAPACITY-PASS :SEMISPACE :PACKED granularity=16
REPRESENTATION-CAPACITY-PASS :SEMISPACE :SCALAR granularity=8
REPRESENTATION-CAPACITY-PASS :SEMISPACE :SCALAR granularity=16
REPRESENTATION-CAPACITY-PASS :MARKSWEEP :PACKED granularity=8
REPRESENTATION-CAPACITY-PASS :MARKSWEEP :PACKED granularity=16
REPRESENTATION-CAPACITY-PASS :MARKSWEEP :SCALAR granularity=8
REPRESENTATION-CAPACITY-PASS :MARKSWEEP :SCALAR granularity=16
REPRESENTATION-CAPACITY-TESTS-PASS rejections=24 survivor-histories=16
; compiling file "/home/iskam/src/vibe/Clamsara/test/quality/reference-variant-fixture.lisp" (written 20 SEP 2026 11:39:01 PM):

; wrote /home/iskam/.cache/common-lisp/sbcl-2.6.8.3-db35d4561-linux-x64/home/iskam/src/vibe/Clamsara/test/quality/reference-variant-fixture-tmpTZOONXRW.fasl
; compilation finished in 0:00:00.055
; compiling file "/home/iskam/src/vibe/Clamsara/test/quality/reference-variants.lisp" (written 20 SEP 2026 11:39:35 PM):

; wrote /home/iskam/.cache/common-lisp/sbcl-2.6.8.3-db35d4561-linux-x64/home/iskam/src/vibe/Clamsara/test/quality/reference-variants-tmpWN0UKDSV.fasl
; compilation finished in 0:00:00.020
; compiling file "/home/iskam/src/vibe/Clamsara/test/quality/reference-variant-directory.lisp" (written 20 SEP 2026 11:41:24 PM):

; wrote /home/iskam/.cache/common-lisp/sbcl-2.6.8.3-db35d4561-linux-x64/home/iskam/src/vibe/Clamsara/test/quality/reference-variant-directory-tmpBF3HHBTQ.fasl
; compilation finished in 0:00:00.010
; compiling file "/home/iskam/src/vibe/Clamsara/test/quality/reference-variant-edges.lisp" (written 20 SEP 2026 11:54:04 PM):

; wrote /home/iskam/.cache/common-lisp/sbcl-2.6.8.3-db35d4561-linux-x64/home/iskam/src/vibe/Clamsara/test/quality/reference-variant-edges-tmpGYUNPZCY.fasl
; compilation finished in 0:00:00.018
ROW :BEGIN ((:BOUNDARY :SEMISPACE :PACKED :GRANULARITY 16 :C 64 :H 0))
ROW :ATOMIC-CODE-REJECTION (:CODE 536870913 :CONDITION
                            "Reference encoding code-row capacity exhausted")
ROW :CYCLE (:CASE (:BOUNDARY :SEMISPACE :PACKED :GRANULARITY 16 :C 64 :H 0)
            :ROUND 0 :STATUS :COMPLETE :REASON :COMPLETE :PHASE :RELEASE :MOVED
            2 :DISCOVERED 2)
ROW :CYCLE (:CASE (:BOUNDARY :SEMISPACE :PACKED :GRANULARITY 16 :C 64 :H 0)
            :ROUND 1 :STATUS :COMPLETE :REASON :COMPLETE :PHASE :RELEASE :MOVED
            2 :DISCOVERED 2)
ROW :CYCLE (:CASE (:BOUNDARY :SEMISPACE :PACKED :GRANULARITY 16 :C 64 :H 0)
            :ROUND 2 :STATUS :COMPLETE :REASON :COMPLETE :PHASE :RELEASE :MOVED
            2 :DISCOVERED 2)
ROW :PASS ((:BOUNDARY :SEMISPACE :PACKED :GRANULARITY 16 :C 64 :H 0))
ROW :BEGIN ((:BOUNDARY :SEMISPACE :PACKED :GRANULARITY 16 :C 64 :H 1))
ROW :BUILDER-RELEASED (:ACQUIRED 11 :RELEASED 12)
ROW :PASS ((:BOUNDARY :SEMISPACE :PACKED :GRANULARITY 16 :C 64 :H 1))
ROW :BEGIN ((:BOUNDARY :SEMISPACE :PACKED :GRANULARITY 16 :C 64 :H 63))
ROW :BUILDER-RELEASED (:ACQUIRED 11 :RELEASED 12)
ROW :PASS ((:BOUNDARY :SEMISPACE :PACKED :GRANULARITY 16 :C 64 :H 63))
ROW :BEGIN ((:BOUNDARY :SEMISPACE :PACKED :GRANULARITY 16 :C 64 :H 64))
ROW :ATOMIC-CODE-REJECTION (:CODE 268435464 :CONDITION
                            "Reference encoding code-row capacity exhausted")
ROW :CYCLE (:CASE (:BOUNDARY :SEMISPACE :PACKED :GRANULARITY 16 :C 64 :H 64)
            :ROUND 0 :STATUS :COMPLETE :REASON :COMPLETE :PHASE :RELEASE :MOVED
            2 :DISCOVERED 2)
ROW :CYCLE (:CASE (:BOUNDARY :SEMISPACE :PACKED :GRANULARITY 16 :C 64 :H 64)
            :ROUND 1 :STATUS :COMPLETE :REASON :COMPLETE :PHASE :RELEASE :MOVED
            2 :DISCOVERED 2)
ROW :CYCLE (:CASE (:BOUNDARY :SEMISPACE :PACKED :GRANULARITY 16 :C 64 :H 64)
            :ROUND 2 :STATUS :COMPLETE :REASON :COMPLETE :PHASE :RELEASE :MOVED
            2 :DISCOVERED 2)
ROW :PASS ((:BOUNDARY :SEMISPACE :PACKED :GRANULARITY 16 :C 64 :H 64))
ROW :BEGIN ((:BOUNDARY :SEMISPACE :PACKED :GRANULARITY 16 :C 64 :H 127))
ROW :ATOMIC-CODE-REJECTION (:CODE 268435464 :CONDITION
                            "Reference encoding code-row capacity exhausted")
ROW :CYCLE (:CASE (:BOUNDARY :SEMISPACE :PACKED :GRANULARITY 16 :C 64 :H 127)
            :ROUND 0 :STATUS :COMPLETE :REASON :COMPLETE :PHASE :RELEASE :MOVED
            2 :DISCOVERED 2)
ROW :CYCLE (:CASE (:BOUNDARY :SEMISPACE :PACKED :GRANULARITY 16 :C 64 :H 127)
            :ROUND 1 :STATUS :COMPLETE :REASON :COMPLETE :PHASE :RELEASE :MOVED
            2 :DISCOVERED 2)
ROW :CYCLE (:CASE (:BOUNDARY :SEMISPACE :PACKED :GRANULARITY 16 :C 64 :H 127)
            :ROUND 2 :STATUS :COMPLETE :REASON :COMPLETE :PHASE :RELEASE :MOVED
            2 :DISCOVERED 2)
ROW :PASS ((:BOUNDARY :SEMISPACE :PACKED :GRANULARITY 16 :C 64 :H 127))
ROW :BEGIN ((:BOUNDARY :SEMISPACE :PACKED :GRANULARITY 16 :C 64 :H 128))
ROW :ATOMIC-CODE-REJECTION (:CODE 536870914 :CONDITION
                            "Reference encoding code-row capacity exhausted")
ROW :CYCLE (:CASE (:BOUNDARY :SEMISPACE :PACKED :GRANULARITY 16 :C 64 :H 128)
            :ROUND 0 :STATUS :COMPLETE :REASON :COMPLETE :PHASE :RELEASE :MOVED
            2 :DISCOVERED 2)
ROW :CYCLE (:CASE (:BOUNDARY :SEMISPACE :PACKED :GRANULARITY 16 :C 64 :H 128)
            :ROUND 1 :STATUS :COMPLETE :REASON :COMPLETE :PHASE :RELEASE :MOVED
            2 :DISCOVERED 2)
ROW :CYCLE (:CASE (:BOUNDARY :SEMISPACE :PACKED :GRANULARITY 16 :C 64 :H 128)
            :ROUND 2 :STATUS :COMPLETE :REASON :COMPLETE :PHASE :RELEASE :MOVED
            2 :DISCOVERED 2)
ROW :PASS ((:BOUNDARY :SEMISPACE :PACKED :GRANULARITY 16 :C 64 :H 128))
ROW :BEGIN ((:BOUNDARY :SEMISPACE :PACKED :GRANULARITY 16 :C 64 :H 131))
ROW :ATOMIC-CODE-REJECTION (:CODE 536870914 :CONDITION
                            "Reference encoding code-row capacity exhausted")
ROW :CYCLE (:CASE (:BOUNDARY :SEMISPACE :PACKED :GRANULARITY 16 :C 64 :H 131)
            :ROUND 0 :STATUS :COMPLETE :REASON :COMPLETE :PHASE :RELEASE :MOVED
            2 :DISCOVERED 2)
ROW :CYCLE (:CASE (:BOUNDARY :SEMISPACE :PACKED :GRANULARITY 16 :C 64 :H 131)
            :ROUND 1 :STATUS :COMPLETE :REASON :COMPLETE :PHASE :RELEASE :MOVED
            2 :DISCOVERED 2)
ROW :CYCLE (:CASE (:BOUNDARY :SEMISPACE :PACKED :GRANULARITY 16 :C 64 :H 131)
            :ROUND 2 :STATUS :COMPLETE :REASON :COMPLETE :PHASE :RELEASE :MOVED
            2 :DISCOVERED 2)
ROW :PASS ((:BOUNDARY :SEMISPACE :PACKED :GRANULARITY 16 :C 64 :H 131))
ROW :BEGIN ((:HISTORY :SEMISPACE :PACKED 16 536870913))
ROW :CYCLE (:CASE (:HISTORY :SEMISPACE :PACKED 16 536870913) :ROUND 0 :STATUS
            :COMPLETE :REASON :COMPLETE :PHASE :RELEASE :MOVED 2 :DISCOVERED 2)
ROW :CYCLE (:CASE (:HISTORY :SEMISPACE :PACKED 16 536870913) :ROUND 1 :STATUS
            :COMPLETE :REASON :COMPLETE :PHASE :RELEASE :MOVED 2 :DISCOVERED 2)
ROW :CYCLE (:CASE (:HISTORY :SEMISPACE :PACKED 16 536870913) :ROUND 2 :STATUS
            :COMPLETE :REASON :COMPLETE :PHASE :RELEASE :MOVED 2 :DISCOVERED 2)
ROW :PASS ((:HISTORY :SEMISPACE :PACKED 16 536870913))
ROW :BEGIN ((:HISTORY :SEMISPACE :PACKED 16 268435464))
ROW :CYCLE (:CASE (:HISTORY :SEMISPACE :PACKED 16 268435464) :ROUND 0 :STATUS
            :COMPLETE :REASON :COMPLETE :PHASE :RELEASE :MOVED 2 :DISCOVERED 2)
ROW :CYCLE (:CASE (:HISTORY :SEMISPACE :PACKED 16 268435464) :ROUND 1 :STATUS
            :COMPLETE :REASON :COMPLETE :PHASE :RELEASE :MOVED 2 :DISCOVERED 2)
ROW :CYCLE (:CASE (:HISTORY :SEMISPACE :PACKED 16 268435464) :ROUND 2 :STATUS
            :COMPLETE :REASON :COMPLETE :PHASE :RELEASE :MOVED 2 :DISCOVERED 2)
ROW :PASS ((:HISTORY :SEMISPACE :PACKED 16 268435464))
ROW :BEGIN ((:ALL-CELLS :SEMISPACE :PACKED 16))
ROW :ALL-DESCRIPTOR-CELLS (:CELLS 64 :PASSES 2 :GRANULARITIES (16 16))
ROW :PASS ((:ALL-CELLS :SEMISPACE :PACKED 16))
ROW :BEGIN ((:FUTURE-LARGE :SEMISPACE :PACKED 16))
ROW :ATOMIC-CODE-REJECTION (:CODE 536870913 :CONDITION
                            "Reference encoding code-row capacity exhausted")
ROW :PASS ((:FUTURE-LARGE :SEMISPACE :PACKED 16))
ROW :BEGIN ((:STAGED :SEMISPACE :PACKED 16))
ROW :CYCLE (:CASE (:STAGED :SEMISPACE :PACKED 16) :ROUND 0 :STATUS :COMPLETE
            :REASON :COMPLETE :PHASE :RELEASE :MOVED 2 :DISCOVERED 2)
ROW :CYCLE (:CASE (:STAGED :SEMISPACE :PACKED 16) :ROUND 1 :STATUS :COMPLETE
            :REASON :COMPLETE :PHASE :RELEASE :MOVED 2 :DISCOVERED 2)
ROW :CYCLE (:CASE (:STAGED :SEMISPACE :PACKED 16) :ROUND 2 :STATUS :COMPLETE
            :REASON :COMPLETE :PHASE :RELEASE :MOVED 2 :DISCOVERED 2)
ROW :PASS ((:STAGED :SEMISPACE :PACKED 16))
ROW :BEGIN ((:BOUNDARY :SEMISPACE :PACKED :GRANULARITY 8 :C 128 :H 0))
ROW :ATOMIC-CODE-REJECTION (:CODE 536870913 :CONDITION
                            "Reference encoding code-row capacity exhausted")
ROW :CYCLE (:CASE (:BOUNDARY :SEMISPACE :PACKED :GRANULARITY 8 :C 128 :H 0)
            :ROUND 0 :STATUS :COMPLETE :REASON :COMPLETE :PHASE :RELEASE :MOVED
            2 :DISCOVERED 2)
ROW :CYCLE (:CASE (:BOUNDARY :SEMISPACE :PACKED :GRANULARITY 8 :C 128 :H 0)
            :ROUND 1 :STATUS :COMPLETE :REASON :COMPLETE :PHASE :RELEASE :MOVED
            2 :DISCOVERED 2)
ROW :CYCLE (:CASE (:BOUNDARY :SEMISPACE :PACKED :GRANULARITY 8 :C 128 :H 0)
            :ROUND 2 :STATUS :COMPLETE :REASON :COMPLETE :PHASE :RELEASE :MOVED
            2 :DISCOVERED 2)
ROW :PASS ((:BOUNDARY :SEMISPACE :PACKED :GRANULARITY 8 :C 128 :H 0))
ROW :BEGIN ((:BOUNDARY :SEMISPACE :PACKED :GRANULARITY 8 :C 128 :H 1))
ROW :BUILDER-RELEASED (:ACQUIRED 11 :RELEASED 12)
ROW :PASS ((:BOUNDARY :SEMISPACE :PACKED :GRANULARITY 8 :C 128 :H 1))
ROW :BEGIN ((:BOUNDARY :SEMISPACE :PACKED :GRANULARITY 8 :C 128 :H 127))
ROW :BUILDER-RELEASED (:ACQUIRED 11 :RELEASED 12)
ROW :PASS ((:BOUNDARY :SEMISPACE :PACKED :GRANULARITY 8 :C 128 :H 127))
ROW :BEGIN ((:BOUNDARY :SEMISPACE :PACKED :GRANULARITY 8 :C 128 :H 128))
ROW :ATOMIC-CODE-REJECTION (:CODE 268435464 :CONDITION
                            "Reference encoding code-row capacity exhausted")
ROW :CYCLE (:CASE (:BOUNDARY :SEMISPACE :PACKED :GRANULARITY 8 :C 128 :H 128)
            :ROUND 0 :STATUS :COMPLETE :REASON :COMPLETE :PHASE :RELEASE :MOVED
            2 :DISCOVERED 2)
ROW :CYCLE (:CASE (:BOUNDARY :SEMISPACE :PACKED :GRANULARITY 8 :C 128 :H 128)
            :ROUND 1 :STATUS :COMPLETE :REASON :COMPLETE :PHASE :RELEASE :MOVED
            2 :DISCOVERED 2)
ROW :CYCLE (:CASE (:BOUNDARY :SEMISPACE :PACKED :GRANULARITY 8 :C 128 :H 128)
            :ROUND 2 :STATUS :COMPLETE :REASON :COMPLETE :PHASE :RELEASE :MOVED
            2 :DISCOVERED 2)
ROW :PASS ((:BOUNDARY :SEMISPACE :PACKED :GRANULARITY 8 :C 128 :H 128))
ROW :BEGIN ((:BOUNDARY :SEMISPACE :PACKED :GRANULARITY 8 :C 128 :H 255))
ROW :ATOMIC-CODE-REJECTION (:CODE 268435464 :CONDITION
                            "Reference encoding code-row capacity exhausted")
ROW :CYCLE (:CASE (:BOUNDARY :SEMISPACE :PACKED :GRANULARITY 8 :C 128 :H 255)
            :ROUND 0 :STATUS :COMPLETE :REASON :COMPLETE :PHASE :RELEASE :MOVED
            2 :DISCOVERED 2)
ROW :CYCLE (:CASE (:BOUNDARY :SEMISPACE :PACKED :GRANULARITY 8 :C 128 :H 255)
            :ROUND 1 :STATUS :COMPLETE :REASON :COMPLETE :PHASE :RELEASE :MOVED
            2 :DISCOVERED 2)
ROW :CYCLE (:CASE (:BOUNDARY :SEMISPACE :PACKED :GRANULARITY 8 :C 128 :H 255)
            :ROUND 2 :STATUS :COMPLETE :REASON :COMPLETE :PHASE :RELEASE :MOVED
            2 :DISCOVERED 2)
ROW :PASS ((:BOUNDARY :SEMISPACE :PACKED :GRANULARITY 8 :C 128 :H 255))
ROW :BEGIN ((:BOUNDARY :SEMISPACE :PACKED :GRANULARITY 8 :C 128 :H 256))
ROW :ATOMIC-CODE-REJECTION (:CODE 536870914 :CONDITION
                            "Reference encoding code-row capacity exhausted")
ROW :CYCLE (:CASE (:BOUNDARY :SEMISPACE :PACKED :GRANULARITY 8 :C 128 :H 256)
            :ROUND 0 :STATUS :COMPLETE :REASON :COMPLETE :PHASE :RELEASE :MOVED
            2 :DISCOVERED 2)
ROW :CYCLE (:CASE (:BOUNDARY :SEMISPACE :PACKED :GRANULARITY 8 :C 128 :H 256)
            :ROUND 1 :STATUS :COMPLETE :REASON :COMPLETE :PHASE :RELEASE :MOVED
            2 :DISCOVERED 2)
ROW :CYCLE (:CASE (:BOUNDARY :SEMISPACE :PACKED :GRANULARITY 8 :C 128 :H 256)
            :ROUND 2 :STATUS :COMPLETE :REASON :COMPLETE :PHASE :RELEASE :MOVED
            2 :DISCOVERED 2)
ROW :PASS ((:BOUNDARY :SEMISPACE :PACKED :GRANULARITY 8 :C 128 :H 256))
ROW :BEGIN ((:BOUNDARY :SEMISPACE :PACKED :GRANULARITY 8 :C 128 :H 259))
ROW :ATOMIC-CODE-REJECTION (:CODE 536870914 :CONDITION
                            "Reference encoding code-row capacity exhausted")
ROW :CYCLE (:CASE (:BOUNDARY :SEMISPACE :PACKED :GRANULARITY 8 :C 128 :H 259)
            :ROUND 0 :STATUS :COMPLETE :REASON :COMPLETE :PHASE :RELEASE :MOVED
            2 :DISCOVERED 2)
ROW :CYCLE (:CASE (:BOUNDARY :SEMISPACE :PACKED :GRANULARITY 8 :C 128 :H 259)
            :ROUND 1 :STATUS :COMPLETE :REASON :COMPLETE :PHASE :RELEASE :MOVED
            2 :DISCOVERED 2)
ROW :CYCLE (:CASE (:BOUNDARY :SEMISPACE :PACKED :GRANULARITY 8 :C 128 :H 259)
            :ROUND 2 :STATUS :COMPLETE :REASON :COMPLETE :PHASE :RELEASE :MOVED
            2 :DISCOVERED 2)
ROW :PASS ((:BOUNDARY :SEMISPACE :PACKED :GRANULARITY 8 :C 128 :H 259))
ROW :BEGIN ((:HISTORY :SEMISPACE :PACKED 8 536870913))
ROW :CYCLE (:CASE (:HISTORY :SEMISPACE :PACKED 8 536870913) :ROUND 0 :STATUS
            :COMPLETE :REASON :COMPLETE :PHASE :RELEASE :MOVED 2 :DISCOVERED 2)
ROW :CYCLE (:CASE (:HISTORY :SEMISPACE :PACKED 8 536870913) :ROUND 1 :STATUS
            :COMPLETE :REASON :COMPLETE :PHASE :RELEASE :MOVED 2 :DISCOVERED 2)
ROW :CYCLE (:CASE (:HISTORY :SEMISPACE :PACKED 8 536870913) :ROUND 2 :STATUS
            :COMPLETE :REASON :COMPLETE :PHASE :RELEASE :MOVED 2 :DISCOVERED 2)
ROW :PASS ((:HISTORY :SEMISPACE :PACKED 8 536870913))
ROW :BEGIN ((:HISTORY :SEMISPACE :PACKED 8 268435464))
ROW :CYCLE (:CASE (:HISTORY :SEMISPACE :PACKED 8 268435464) :ROUND 0 :STATUS
            :COMPLETE :REASON :COMPLETE :PHASE :RELEASE :MOVED 2 :DISCOVERED 2)
ROW :CYCLE (:CASE (:HISTORY :SEMISPACE :PACKED 8 268435464) :ROUND 1 :STATUS
            :COMPLETE :REASON :COMPLETE :PHASE :RELEASE :MOVED 2 :DISCOVERED 2)
ROW :CYCLE (:CASE (:HISTORY :SEMISPACE :PACKED 8 268435464) :ROUND 2 :STATUS
            :COMPLETE :REASON :COMPLETE :PHASE :RELEASE :MOVED 2 :DISCOVERED 2)
ROW :PASS ((:HISTORY :SEMISPACE :PACKED 8 268435464))
ROW :BEGIN ((:ALL-CELLS :SEMISPACE :PACKED 8))
ROW :ALL-DESCRIPTOR-CELLS (:CELLS 128 :PASSES 2 :GRANULARITIES (8 8))
ROW :PASS ((:ALL-CELLS :SEMISPACE :PACKED 8))
ROW :BEGIN ((:FUTURE-LARGE :SEMISPACE :PACKED 8))
ROW :ATOMIC-CODE-REJECTION (:CODE 536870913 :CONDITION
                            "Reference encoding code-row capacity exhausted")
ROW :PASS ((:FUTURE-LARGE :SEMISPACE :PACKED 8))
ROW :BEGIN ((:STAGED :SEMISPACE :PACKED 8))
ROW :CYCLE (:CASE (:STAGED :SEMISPACE :PACKED 8) :ROUND 0 :STATUS :COMPLETE
            :REASON :COMPLETE :PHASE :RELEASE :MOVED 2 :DISCOVERED 2)
ROW :CYCLE (:CASE (:STAGED :SEMISPACE :PACKED 8) :ROUND 1 :STATUS :COMPLETE
            :REASON :COMPLETE :PHASE :RELEASE :MOVED 2 :DISCOVERED 2)
ROW :CYCLE (:CASE (:STAGED :SEMISPACE :PACKED 8) :ROUND 2 :STATUS :COMPLETE
            :REASON :COMPLETE :PHASE :RELEASE :MOVED 2 :DISCOVERED 2)
ROW :PASS ((:STAGED :SEMISPACE :PACKED 8))
ROW :BEGIN ((:OBSERVER-CONTROL :SEMISPACE :PACKED))
ROW :BUILDER-RELEASED (:ACQUIRED 11 :RELEASED 12)
ROW :PASS ((:OBSERVER-CONTROL :SEMISPACE :PACKED))
ROW :BEGIN ((:BOUNDARY :SEMISPACE :SCALAR :GRANULARITY 16 :C 64 :H 0))
ROW :ATOMIC-CODE-REJECTION (:CODE 536870913 :CONDITION
                            "Reference encoding code-row capacity exhausted")
ROW :CYCLE (:CASE (:BOUNDARY :SEMISPACE :SCALAR :GRANULARITY 16 :C 64 :H 0)
            :ROUND 0 :STATUS :COMPLETE :REASON :COMPLETE :PHASE :RELEASE :MOVED
            2 :DISCOVERED 2)
ROW :CYCLE (:CASE (:BOUNDARY :SEMISPACE :SCALAR :GRANULARITY 16 :C 64 :H 0)
            :ROUND 1 :STATUS :COMPLETE :REASON :COMPLETE :PHASE :RELEASE :MOVED
            2 :DISCOVERED 2)
ROW :CYCLE (:CASE (:BOUNDARY :SEMISPACE :SCALAR :GRANULARITY 16 :C 64 :H 0)
            :ROUND 2 :STATUS :COMPLETE :REASON :COMPLETE :PHASE :RELEASE :MOVED
            2 :DISCOVERED 2)
ROW :PASS ((:BOUNDARY :SEMISPACE :SCALAR :GRANULARITY 16 :C 64 :H 0))
ROW :BEGIN ((:BOUNDARY :SEMISPACE :SCALAR :GRANULARITY 16 :C 64 :H 1))
ROW :BUILDER-RELEASED (:ACQUIRED 11 :RELEASED 12)
ROW :PASS ((:BOUNDARY :SEMISPACE :SCALAR :GRANULARITY 16 :C 64 :H 1))
ROW :BEGIN ((:BOUNDARY :SEMISPACE :SCALAR :GRANULARITY 16 :C 64 :H 63))
ROW :BUILDER-RELEASED (:ACQUIRED 11 :RELEASED 12)
ROW :PASS ((:BOUNDARY :SEMISPACE :SCALAR :GRANULARITY 16 :C 64 :H 63))
ROW :BEGIN ((:BOUNDARY :SEMISPACE :SCALAR :GRANULARITY 16 :C 64 :H 64))
ROW :ATOMIC-CODE-REJECTION (:CODE 268435464 :CONDITION
                            "Reference encoding code-row capacity exhausted")
ROW :CYCLE (:CASE (:BOUNDARY :SEMISPACE :SCALAR :GRANULARITY 16 :C 64 :H 64)
            :ROUND 0 :STATUS :COMPLETE :REASON :COMPLETE :PHASE :RELEASE :MOVED
            2 :DISCOVERED 2)
ROW :CYCLE (:CASE (:BOUNDARY :SEMISPACE :SCALAR :GRANULARITY 16 :C 64 :H 64)
            :ROUND 1 :STATUS :COMPLETE :REASON :COMPLETE :PHASE :RELEASE :MOVED
            2 :DISCOVERED 2)
ROW :CYCLE (:CASE (:BOUNDARY :SEMISPACE :SCALAR :GRANULARITY 16 :C 64 :H 64)
            :ROUND 2 :STATUS :COMPLETE :REASON :COMPLETE :PHASE :RELEASE :MOVED
            2 :DISCOVERED 2)
ROW :PASS ((:BOUNDARY :SEMISPACE :SCALAR :GRANULARITY 16 :C 64 :H 64))
ROW :BEGIN ((:BOUNDARY :SEMISPACE :SCALAR :GRANULARITY 16 :C 64 :H 127))
ROW :ATOMIC-CODE-REJECTION (:CODE 268435464 :CONDITION
                            "Reference encoding code-row capacity exhausted")
ROW :CYCLE (:CASE (:BOUNDARY :SEMISPACE :SCALAR :GRANULARITY 16 :C 64 :H 127)
            :ROUND 0 :STATUS :COMPLETE :REASON :COMPLETE :PHASE :RELEASE :MOVED
            2 :DISCOVERED 2)
ROW :CYCLE (:CASE (:BOUNDARY :SEMISPACE :SCALAR :GRANULARITY 16 :C 64 :H 127)
            :ROUND 1 :STATUS :COMPLETE :REASON :COMPLETE :PHASE :RELEASE :MOVED
            2 :DISCOVERED 2)
ROW :CYCLE (:CASE (:BOUNDARY :SEMISPACE :SCALAR :GRANULARITY 16 :C 64 :H 127)
            :ROUND 2 :STATUS :COMPLETE :REASON :COMPLETE :PHASE :RELEASE :MOVED
            2 :DISCOVERED 2)
ROW :PASS ((:BOUNDARY :SEMISPACE :SCALAR :GRANULARITY 16 :C 64 :H 127))
ROW :BEGIN ((:BOUNDARY :SEMISPACE :SCALAR :GRANULARITY 16 :C 64 :H 128))
ROW :ATOMIC-CODE-REJECTION (:CODE 536870914 :CONDITION
                            "Reference encoding code-row capacity exhausted")
ROW :CYCLE (:CASE (:BOUNDARY :SEMISPACE :SCALAR :GRANULARITY 16 :C 64 :H 128)
            :ROUND 0 :STATUS :COMPLETE :REASON :COMPLETE :PHASE :RELEASE :MOVED
            2 :DISCOVERED 2)
ROW :CYCLE (:CASE (:BOUNDARY :SEMISPACE :SCALAR :GRANULARITY 16 :C 64 :H 128)
            :ROUND 1 :STATUS :COMPLETE :REASON :COMPLETE :PHASE :RELEASE :MOVED
            2 :DISCOVERED 2)
ROW :CYCLE (:CASE (:BOUNDARY :SEMISPACE :SCALAR :GRANULARITY 16 :C 64 :H 128)
            :ROUND 2 :STATUS :COMPLETE :REASON :COMPLETE :PHASE :RELEASE :MOVED
            2 :DISCOVERED 2)
ROW :PASS ((:BOUNDARY :SEMISPACE :SCALAR :GRANULARITY 16 :C 64 :H 128))
ROW :BEGIN ((:BOUNDARY :SEMISPACE :SCALAR :GRANULARITY 16 :C 64 :H 131))
ROW :ATOMIC-CODE-REJECTION (:CODE 536870914 :CONDITION
                            "Reference encoding code-row capacity exhausted")
ROW :CYCLE (:CASE (:BOUNDARY :SEMISPACE :SCALAR :GRANULARITY 16 :C 64 :H 131)
            :ROUND 0 :STATUS :COMPLETE :REASON :COMPLETE :PHASE :RELEASE :MOVED
            2 :DISCOVERED 2)
ROW :CYCLE (:CASE (:BOUNDARY :SEMISPACE :SCALAR :GRANULARITY 16 :C 64 :H 131)
            :ROUND 1 :STATUS :COMPLETE :REASON :COMPLETE :PHASE :RELEASE :MOVED
            2 :DISCOVERED 2)
ROW :CYCLE (:CASE (:BOUNDARY :SEMISPACE :SCALAR :GRANULARITY 16 :C 64 :H 131)
            :ROUND 2 :STATUS :COMPLETE :REASON :COMPLETE :PHASE :RELEASE :MOVED
            2 :DISCOVERED 2)
ROW :PASS ((:BOUNDARY :SEMISPACE :SCALAR :GRANULARITY 16 :C 64 :H 131))
ROW :BEGIN ((:HISTORY :SEMISPACE :SCALAR 16 536870913))
ROW :CYCLE (:CASE (:HISTORY :SEMISPACE :SCALAR 16 536870913) :ROUND 0 :STATUS
            :COMPLETE :REASON :COMPLETE :PHASE :RELEASE :MOVED 2 :DISCOVERED 2)
ROW :CYCLE (:CASE (:HISTORY :SEMISPACE :SCALAR 16 536870913) :ROUND 1 :STATUS
            :COMPLETE :REASON :COMPLETE :PHASE :RELEASE :MOVED 2 :DISCOVERED 2)
ROW :CYCLE (:CASE (:HISTORY :SEMISPACE :SCALAR 16 536870913) :ROUND 2 :STATUS
            :COMPLETE :REASON :COMPLETE :PHASE :RELEASE :MOVED 2 :DISCOVERED 2)
ROW :PASS ((:HISTORY :SEMISPACE :SCALAR 16 536870913))
ROW :BEGIN ((:HISTORY :SEMISPACE :SCALAR 16 268435464))
ROW :CYCLE (:CASE (:HISTORY :SEMISPACE :SCALAR 16 268435464) :ROUND 0 :STATUS
            :COMPLETE :REASON :COMPLETE :PHASE :RELEASE :MOVED 2 :DISCOVERED 2)
ROW :CYCLE (:CASE (:HISTORY :SEMISPACE :SCALAR 16 268435464) :ROUND 1 :STATUS
            :COMPLETE :REASON :COMPLETE :PHASE :RELEASE :MOVED 2 :DISCOVERED 2)
ROW :CYCLE (:CASE (:HISTORY :SEMISPACE :SCALAR 16 268435464) :ROUND 2 :STATUS
            :COMPLETE :REASON :COMPLETE :PHASE :RELEASE :MOVED 2 :DISCOVERED 2)
ROW :PASS ((:HISTORY :SEMISPACE :SCALAR 16 268435464))
ROW :BEGIN ((:ALL-CELLS :SEMISPACE :SCALAR 16))
ROW :ALL-DESCRIPTOR-CELLS (:CELLS 64 :PASSES 2 :GRANULARITIES (16 16))
ROW :PASS ((:ALL-CELLS :SEMISPACE :SCALAR 16))
ROW :BEGIN ((:FUTURE-LARGE :SEMISPACE :SCALAR 16))
ROW :ATOMIC-CODE-REJECTION (:CODE 536870913 :CONDITION
                            "Reference encoding code-row capacity exhausted")
ROW :PASS ((:FUTURE-LARGE :SEMISPACE :SCALAR 16))
ROW :BEGIN ((:STAGED :SEMISPACE :SCALAR 16))
ROW :CYCLE (:CASE (:STAGED :SEMISPACE :SCALAR 16) :ROUND 0 :STATUS :COMPLETE
            :REASON :COMPLETE :PHASE :RELEASE :MOVED 2 :DISCOVERED 2)
ROW :CYCLE (:CASE (:STAGED :SEMISPACE :SCALAR 16) :ROUND 1 :STATUS :COMPLETE
            :REASON :COMPLETE :PHASE :RELEASE :MOVED 2 :DISCOVERED 2)
ROW :CYCLE (:CASE (:STAGED :SEMISPACE :SCALAR 16) :ROUND 2 :STATUS :COMPLETE
            :REASON :COMPLETE :PHASE :RELEASE :MOVED 2 :DISCOVERED 2)
ROW :PASS ((:STAGED :SEMISPACE :SCALAR 16))
ROW :BEGIN ((:BOUNDARY :SEMISPACE :SCALAR :GRANULARITY 8 :C 128 :H 0))
ROW :ATOMIC-CODE-REJECTION (:CODE 536870913 :CONDITION
                            "Reference encoding code-row capacity exhausted")
ROW :CYCLE (:CASE (:BOUNDARY :SEMISPACE :SCALAR :GRANULARITY 8 :C 128 :H 0)
            :ROUND 0 :STATUS :COMPLETE :REASON :COMPLETE :PHASE :RELEASE :MOVED
            2 :DISCOVERED 2)
ROW :CYCLE (:CASE (:BOUNDARY :SEMISPACE :SCALAR :GRANULARITY 8 :C 128 :H 0)
            :ROUND 1 :STATUS :COMPLETE :REASON :COMPLETE :PHASE :RELEASE :MOVED
            2 :DISCOVERED 2)
ROW :CYCLE (:CASE (:BOUNDARY :SEMISPACE :SCALAR :GRANULARITY 8 :C 128 :H 0)
            :ROUND 2 :STATUS :COMPLETE :REASON :COMPLETE :PHASE :RELEASE :MOVED
            2 :DISCOVERED 2)
ROW :PASS ((:BOUNDARY :SEMISPACE :SCALAR :GRANULARITY 8 :C 128 :H 0))
ROW :BEGIN ((:BOUNDARY :SEMISPACE :SCALAR :GRANULARITY 8 :C 128 :H 1))
ROW :BUILDER-RELEASED (:ACQUIRED 11 :RELEASED 12)
ROW :PASS ((:BOUNDARY :SEMISPACE :SCALAR :GRANULARITY 8 :C 128 :H 1))
ROW :BEGIN ((:BOUNDARY :SEMISPACE :SCALAR :GRANULARITY 8 :C 128 :H 127))
ROW :BUILDER-RELEASED (:ACQUIRED 11 :RELEASED 12)
ROW :PASS ((:BOUNDARY :SEMISPACE :SCALAR :GRANULARITY 8 :C 128 :H 127))
ROW :BEGIN ((:BOUNDARY :SEMISPACE :SCALAR :GRANULARITY 8 :C 128 :H 128))
ROW :ATOMIC-CODE-REJECTION (:CODE 268435464 :CONDITION
                            "Reference encoding code-row capacity exhausted")
ROW :CYCLE (:CASE (:BOUNDARY :SEMISPACE :SCALAR :GRANULARITY 8 :C 128 :H 128)
            :ROUND 0 :STATUS :COMPLETE :REASON :COMPLETE :PHASE :RELEASE :MOVED
            2 :DISCOVERED 2)
ROW :CYCLE (:CASE (:BOUNDARY :SEMISPACE :SCALAR :GRANULARITY 8 :C 128 :H 128)
            :ROUND 1 :STATUS :COMPLETE :REASON :COMPLETE :PHASE :RELEASE :MOVED
            2 :DISCOVERED 2)
ROW :CYCLE (:CASE (:BOUNDARY :SEMISPACE :SCALAR :GRANULARITY 8 :C 128 :H 128)
            :ROUND 2 :STATUS :COMPLETE :REASON :COMPLETE :PHASE :RELEASE :MOVED
            2 :DISCOVERED 2)
ROW :PASS ((:BOUNDARY :SEMISPACE :SCALAR :GRANULARITY 8 :C 128 :H 128))
ROW :BEGIN ((:BOUNDARY :SEMISPACE :SCALAR :GRANULARITY 8 :C 128 :H 255))
ROW :ATOMIC-CODE-REJECTION (:CODE 268435464 :CONDITION
                            "Reference encoding code-row capacity exhausted")
ROW :CYCLE (:CASE (:BOUNDARY :SEMISPACE :SCALAR :GRANULARITY 8 :C 128 :H 255)
            :ROUND 0 :STATUS :COMPLETE :REASON :COMPLETE :PHASE :RELEASE :MOVED
            2 :DISCOVERED 2)
ROW :CYCLE (:CASE (:BOUNDARY :SEMISPACE :SCALAR :GRANULARITY 8 :C 128 :H 255)
            :ROUND 1 :STATUS :COMPLETE :REASON :COMPLETE :PHASE :RELEASE :MOVED
            2 :DISCOVERED 2)
ROW :CYCLE (:CASE (:BOUNDARY :SEMISPACE :SCALAR :GRANULARITY 8 :C 128 :H 255)
            :ROUND 2 :STATUS :COMPLETE :REASON :COMPLETE :PHASE :RELEASE :MOVED
            2 :DISCOVERED 2)
ROW :PASS ((:BOUNDARY :SEMISPACE :SCALAR :GRANULARITY 8 :C 128 :H 255))
ROW :BEGIN ((:BOUNDARY :SEMISPACE :SCALAR :GRANULARITY 8 :C 128 :H 256))
ROW :ATOMIC-CODE-REJECTION (:CODE 536870914 :CONDITION
                            "Reference encoding code-row capacity exhausted")
ROW :CYCLE (:CASE (:BOUNDARY :SEMISPACE :SCALAR :GRANULARITY 8 :C 128 :H 256)
            :ROUND 0 :STATUS :COMPLETE :REASON :COMPLETE :PHASE :RELEASE :MOVED
            2 :DISCOVERED 2)
ROW :CYCLE (:CASE (:BOUNDARY :SEMISPACE :SCALAR :GRANULARITY 8 :C 128 :H 256)
            :ROUND 1 :STATUS :COMPLETE :REASON :COMPLETE :PHASE :RELEASE :MOVED
            2 :DISCOVERED 2)
ROW :CYCLE (:CASE (:BOUNDARY :SEMISPACE :SCALAR :GRANULARITY 8 :C 128 :H 256)
            :ROUND 2 :STATUS :COMPLETE :REASON :COMPLETE :PHASE :RELEASE :MOVED
            2 :DISCOVERED 2)
ROW :PASS ((:BOUNDARY :SEMISPACE :SCALAR :GRANULARITY 8 :C 128 :H 256))
ROW :BEGIN ((:BOUNDARY :SEMISPACE :SCALAR :GRANULARITY 8 :C 128 :H 259))
ROW :ATOMIC-CODE-REJECTION (:CODE 536870914 :CONDITION
                            "Reference encoding code-row capacity exhausted")
ROW :CYCLE (:CASE (:BOUNDARY :SEMISPACE :SCALAR :GRANULARITY 8 :C 128 :H 259)
            :ROUND 0 :STATUS :COMPLETE :REASON :COMPLETE :PHASE :RELEASE :MOVED
            2 :DISCOVERED 2)
ROW :CYCLE (:CASE (:BOUNDARY :SEMISPACE :SCALAR :GRANULARITY 8 :C 128 :H 259)
            :ROUND 1 :STATUS :COMPLETE :REASON :COMPLETE :PHASE :RELEASE :MOVED
            2 :DISCOVERED 2)
ROW :CYCLE (:CASE (:BOUNDARY :SEMISPACE :SCALAR :GRANULARITY 8 :C 128 :H 259)
            :ROUND 2 :STATUS :COMPLETE :REASON :COMPLETE :PHASE :RELEASE :MOVED
            2 :DISCOVERED 2)
ROW :PASS ((:BOUNDARY :SEMISPACE :SCALAR :GRANULARITY 8 :C 128 :H 259))
ROW :BEGIN ((:HISTORY :SEMISPACE :SCALAR 8 536870913))
ROW :CYCLE (:CASE (:HISTORY :SEMISPACE :SCALAR 8 536870913) :ROUND 0 :STATUS
            :COMPLETE :REASON :COMPLETE :PHASE :RELEASE :MOVED 2 :DISCOVERED 2)
ROW :CYCLE (:CASE (:HISTORY :SEMISPACE :SCALAR 8 536870913) :ROUND 1 :STATUS
            :COMPLETE :REASON :COMPLETE :PHASE :RELEASE :MOVED 2 :DISCOVERED 2)
ROW :CYCLE (:CASE (:HISTORY :SEMISPACE :SCALAR 8 536870913) :ROUND 2 :STATUS
            :COMPLETE :REASON :COMPLETE :PHASE :RELEASE :MOVED 2 :DISCOVERED 2)
ROW :PASS ((:HISTORY :SEMISPACE :SCALAR 8 536870913))
ROW :BEGIN ((:HISTORY :SEMISPACE :SCALAR 8 268435464))
ROW :CYCLE (:CASE (:HISTORY :SEMISPACE :SCALAR 8 268435464) :ROUND 0 :STATUS
            :COMPLETE :REASON :COMPLETE :PHASE :RELEASE :MOVED 2 :DISCOVERED 2)
ROW :CYCLE (:CASE (:HISTORY :SEMISPACE :SCALAR 8 268435464) :ROUND 1 :STATUS
            :COMPLETE :REASON :COMPLETE :PHASE :RELEASE :MOVED 2 :DISCOVERED 2)
ROW :CYCLE (:CASE (:HISTORY :SEMISPACE :SCALAR 8 268435464) :ROUND 2 :STATUS
            :COMPLETE :REASON :COMPLETE :PHASE :RELEASE :MOVED 2 :DISCOVERED 2)
ROW :PASS ((:HISTORY :SEMISPACE :SCALAR 8 268435464))
ROW :BEGIN ((:ALL-CELLS :SEMISPACE :SCALAR 8))
ROW :ALL-DESCRIPTOR-CELLS (:CELLS 128 :PASSES 2 :GRANULARITIES (8 8))
ROW :PASS ((:ALL-CELLS :SEMISPACE :SCALAR 8))
ROW :BEGIN ((:FUTURE-LARGE :SEMISPACE :SCALAR 8))
ROW :ATOMIC-CODE-REJECTION (:CODE 536870913 :CONDITION
                            "Reference encoding code-row capacity exhausted")
ROW :PASS ((:FUTURE-LARGE :SEMISPACE :SCALAR 8))
ROW :BEGIN ((:STAGED :SEMISPACE :SCALAR 8))
ROW :CYCLE (:CASE (:STAGED :SEMISPACE :SCALAR 8) :ROUND 0 :STATUS :COMPLETE
            :REASON :COMPLETE :PHASE :RELEASE :MOVED 2 :DISCOVERED 2)
ROW :CYCLE (:CASE (:STAGED :SEMISPACE :SCALAR 8) :ROUND 1 :STATUS :COMPLETE
            :REASON :COMPLETE :PHASE :RELEASE :MOVED 2 :DISCOVERED 2)
ROW :CYCLE (:CASE (:STAGED :SEMISPACE :SCALAR 8) :ROUND 2 :STATUS :COMPLETE
            :REASON :COMPLETE :PHASE :RELEASE :MOVED 2 :DISCOVERED 2)
ROW :PASS ((:STAGED :SEMISPACE :SCALAR 8))
ROW :BEGIN ((:OBSERVER-CONTROL :SEMISPACE :SCALAR))
ROW :BUILDER-RELEASED (:ACQUIRED 11 :RELEASED 12)
ROW :PASS ((:OBSERVER-CONTROL :SEMISPACE :SCALAR))
ROW :BEGIN ((:BOUNDARY :MARKSWEEP :PACKED :GRANULARITY 16 :C 32 :H 0))
ROW :ATOMIC-CODE-REJECTION (:CODE 536870913 :CONDITION
                            "Reference encoding code-row capacity exhausted")
ROW :CYCLE (:CASE (:BOUNDARY :MARKSWEEP :PACKED :GRANULARITY 16 :C 32 :H 0)
            :ROUND 0 :STATUS :COMPLETE :REASON :COMPLETE :PHASE :RELEASE :MOVED
            0 :DISCOVERED 2)
ROW :CYCLE (:CASE (:BOUNDARY :MARKSWEEP :PACKED :GRANULARITY 16 :C 32 :H 0)
            :ROUND 1 :STATUS :COMPLETE :REASON :COMPLETE :PHASE :RELEASE :MOVED
            0 :DISCOVERED 2)
ROW :CYCLE (:CASE (:BOUNDARY :MARKSWEEP :PACKED :GRANULARITY 16 :C 32 :H 0)
            :ROUND 2 :STATUS :COMPLETE :REASON :COMPLETE :PHASE :RELEASE :MOVED
            0 :DISCOVERED 2)
ROW :PASS ((:BOUNDARY :MARKSWEEP :PACKED :GRANULARITY 16 :C 32 :H 0))
ROW :BEGIN ((:BOUNDARY :MARKSWEEP :PACKED :GRANULARITY 16 :C 32 :H 1))
ROW :BUILDER-RELEASED (:ACQUIRED 9 :RELEASED 10)
ROW :PASS ((:BOUNDARY :MARKSWEEP :PACKED :GRANULARITY 16 :C 32 :H 1))
ROW :BEGIN ((:BOUNDARY :MARKSWEEP :PACKED :GRANULARITY 16 :C 32 :H 31))
ROW :BUILDER-RELEASED (:ACQUIRED 9 :RELEASED 10)
ROW :PASS ((:BOUNDARY :MARKSWEEP :PACKED :GRANULARITY 16 :C 32 :H 31))
ROW :BEGIN ((:BOUNDARY :MARKSWEEP :PACKED :GRANULARITY 16 :C 32 :H 32))
ROW :ATOMIC-CODE-REJECTION (:CODE 268435464 :CONDITION
                            "Reference encoding code-row capacity exhausted")
ROW :CYCLE (:CASE (:BOUNDARY :MARKSWEEP :PACKED :GRANULARITY 16 :C 32 :H 32)
            :ROUND 0 :STATUS :COMPLETE :REASON :COMPLETE :PHASE :RELEASE :MOVED
            0 :DISCOVERED 2)
ROW :CYCLE (:CASE (:BOUNDARY :MARKSWEEP :PACKED :GRANULARITY 16 :C 32 :H 32)
            :ROUND 1 :STATUS :COMPLETE :REASON :COMPLETE :PHASE :RELEASE :MOVED
            0 :DISCOVERED 2)
ROW :CYCLE (:CASE (:BOUNDARY :MARKSWEEP :PACKED :GRANULARITY 16 :C 32 :H 32)
            :ROUND 2 :STATUS :COMPLETE :REASON :COMPLETE :PHASE :RELEASE :MOVED
            0 :DISCOVERED 2)
ROW :PASS ((:BOUNDARY :MARKSWEEP :PACKED :GRANULARITY 16 :C 32 :H 32))
ROW :BEGIN ((:BOUNDARY :MARKSWEEP :PACKED :GRANULARITY 16 :C 32 :H 63))
ROW :ATOMIC-CODE-REJECTION (:CODE 268435464 :CONDITION
                            "Reference encoding code-row capacity exhausted")
ROW :CYCLE (:CASE (:BOUNDARY :MARKSWEEP :PACKED :GRANULARITY 16 :C 32 :H 63)
            :ROUND 0 :STATUS :COMPLETE :REASON :COMPLETE :PHASE :RELEASE :MOVED
            0 :DISCOVERED 2)
ROW :CYCLE (:CASE (:BOUNDARY :MARKSWEEP :PACKED :GRANULARITY 16 :C 32 :H 63)
            :ROUND 1 :STATUS :COMPLETE :REASON :COMPLETE :PHASE :RELEASE :MOVED
            0 :DISCOVERED 2)
ROW :CYCLE (:CASE (:BOUNDARY :MARKSWEEP :PACKED :GRANULARITY 16 :C 32 :H 63)
            :ROUND 2 :STATUS :COMPLETE :REASON :COMPLETE :PHASE :RELEASE :MOVED
            0 :DISCOVERED 2)
ROW :PASS ((:BOUNDARY :MARKSWEEP :PACKED :GRANULARITY 16 :C 32 :H 63))
ROW :BEGIN ((:BOUNDARY :MARKSWEEP :PACKED :GRANULARITY 16 :C 32 :H 64))
ROW :ATOMIC-CODE-REJECTION (:CODE 536870914 :CONDITION
                            "Reference encoding code-row capacity exhausted")
ROW :CYCLE (:CASE (:BOUNDARY :MARKSWEEP :PACKED :GRANULARITY 16 :C 32 :H 64)
            :ROUND 0 :STATUS :COMPLETE :REASON :COMPLETE :PHASE :RELEASE :MOVED
            0 :DISCOVERED 2)
ROW :CYCLE (:CASE (:BOUNDARY :MARKSWEEP :PACKED :GRANULARITY 16 :C 32 :H 64)
            :ROUND 1 :STATUS :COMPLETE :REASON :COMPLETE :PHASE :RELEASE :MOVED
            0 :DISCOVERED 2)
ROW :CYCLE (:CASE (:BOUNDARY :MARKSWEEP :PACKED :GRANULARITY 16 :C 32 :H 64)
            :ROUND 2 :STATUS :COMPLETE :REASON :COMPLETE :PHASE :RELEASE :MOVED
            0 :DISCOVERED 2)
ROW :PASS ((:BOUNDARY :MARKSWEEP :PACKED :GRANULARITY 16 :C 32 :H 64))
ROW :BEGIN ((:BOUNDARY :MARKSWEEP :PACKED :GRANULARITY 16 :C 32 :H 67))
ROW :ATOMIC-CODE-REJECTION (:CODE 536870914 :CONDITION
                            "Reference encoding code-row capacity exhausted")
ROW :CYCLE (:CASE (:BOUNDARY :MARKSWEEP :PACKED :GRANULARITY 16 :C 32 :H 67)
            :ROUND 0 :STATUS :COMPLETE :REASON :COMPLETE :PHASE :RELEASE :MOVED
            0 :DISCOVERED 2)
ROW :CYCLE (:CASE (:BOUNDARY :MARKSWEEP :PACKED :GRANULARITY 16 :C 32 :H 67)
            :ROUND 1 :STATUS :COMPLETE :REASON :COMPLETE :PHASE :RELEASE :MOVED
            0 :DISCOVERED 2)
ROW :CYCLE (:CASE (:BOUNDARY :MARKSWEEP :PACKED :GRANULARITY 16 :C 32 :H 67)
            :ROUND 2 :STATUS :COMPLETE :REASON :COMPLETE :PHASE :RELEASE :MOVED
            0 :DISCOVERED 2)
ROW :PASS ((:BOUNDARY :MARKSWEEP :PACKED :GRANULARITY 16 :C 32 :H 67))
ROW :BEGIN ((:HISTORY :MARKSWEEP :PACKED 16 536870913))
ROW :CYCLE (:CASE (:HISTORY :MARKSWEEP :PACKED 16 536870913) :ROUND 0 :STATUS
            :COMPLETE :REASON :COMPLETE :PHASE :RELEASE :MOVED 0 :DISCOVERED 2)
ROW :CYCLE (:CASE (:HISTORY :MARKSWEEP :PACKED 16 536870913) :ROUND 1 :STATUS
            :COMPLETE :REASON :COMPLETE :PHASE :RELEASE :MOVED 0 :DISCOVERED 2)
ROW :CYCLE (:CASE (:HISTORY :MARKSWEEP :PACKED 16 536870913) :ROUND 2 :STATUS
            :COMPLETE :REASON :COMPLETE :PHASE :RELEASE :MOVED 0 :DISCOVERED 2)
ROW :PASS ((:HISTORY :MARKSWEEP :PACKED 16 536870913))
ROW :BEGIN ((:HISTORY :MARKSWEEP :PACKED 16 268435464))
ROW :CYCLE (:CASE (:HISTORY :MARKSWEEP :PACKED 16 268435464) :ROUND 0 :STATUS
            :COMPLETE :REASON :COMPLETE :PHASE :RELEASE :MOVED 0 :DISCOVERED 2)
ROW :CYCLE (:CASE (:HISTORY :MARKSWEEP :PACKED 16 268435464) :ROUND 1 :STATUS
            :COMPLETE :REASON :COMPLETE :PHASE :RELEASE :MOVED 0 :DISCOVERED 2)
ROW :CYCLE (:CASE (:HISTORY :MARKSWEEP :PACKED 16 268435464) :ROUND 2 :STATUS
            :COMPLETE :REASON :COMPLETE :PHASE :RELEASE :MOVED 0 :DISCOVERED 2)
ROW :PASS ((:HISTORY :MARKSWEEP :PACKED 16 268435464))
ROW :BEGIN ((:ALL-CELLS :MARKSWEEP :PACKED 16))
ROW :ALL-DESCRIPTOR-CELLS (:CELLS 32 :PASSES 2 :GRANULARITIES (16))
ROW :PASS ((:ALL-CELLS :MARKSWEEP :PACKED 16))
ROW :BEGIN ((:FUTURE-LARGE :MARKSWEEP :PACKED 16))
ROW :ATOMIC-CODE-REJECTION (:CODE 536870913 :CONDITION
                            "Reference encoding code-row capacity exhausted")
ROW :PASS ((:FUTURE-LARGE :MARKSWEEP :PACKED 16))
ROW :BEGIN ((:STAGED :MARKSWEEP :PACKED 16))
ROW :CYCLE (:CASE (:STAGED :MARKSWEEP :PACKED 16) :ROUND 0 :STATUS :COMPLETE
            :REASON :COMPLETE :PHASE :RELEASE :MOVED 0 :DISCOVERED 2)
ROW :CYCLE (:CASE (:STAGED :MARKSWEEP :PACKED 16) :ROUND 1 :STATUS :COMPLETE
            :REASON :COMPLETE :PHASE :RELEASE :MOVED 0 :DISCOVERED 2)
ROW :CYCLE (:CASE (:STAGED :MARKSWEEP :PACKED 16) :ROUND 2 :STATUS :COMPLETE
            :REASON :COMPLETE :PHASE :RELEASE :MOVED 0 :DISCOVERED 2)
ROW :PASS ((:STAGED :MARKSWEEP :PACKED 16))
ROW :BEGIN ((:BOUNDARY :MARKSWEEP :PACKED :GRANULARITY 8 :C 64 :H 0))
ROW :ATOMIC-CODE-REJECTION (:CODE 536870913 :CONDITION
                            "Reference encoding code-row capacity exhausted")
ROW :CYCLE (:CASE (:BOUNDARY :MARKSWEEP :PACKED :GRANULARITY 8 :C 64 :H 0)
            :ROUND 0 :STATUS :COMPLETE :REASON :COMPLETE :PHASE :RELEASE :MOVED
            0 :DISCOVERED 2)
ROW :CYCLE (:CASE (:BOUNDARY :MARKSWEEP :PACKED :GRANULARITY 8 :C 64 :H 0)
            :ROUND 1 :STATUS :COMPLETE :REASON :COMPLETE :PHASE :RELEASE :MOVED
            0 :DISCOVERED 2)
ROW :CYCLE (:CASE (:BOUNDARY :MARKSWEEP :PACKED :GRANULARITY 8 :C 64 :H 0)
            :ROUND 2 :STATUS :COMPLETE :REASON :COMPLETE :PHASE :RELEASE :MOVED
            0 :DISCOVERED 2)
ROW :PASS ((:BOUNDARY :MARKSWEEP :PACKED :GRANULARITY 8 :C 64 :H 0))
ROW :BEGIN ((:BOUNDARY :MARKSWEEP :PACKED :GRANULARITY 8 :C 64 :H 1))
ROW :BUILDER-RELEASED (:ACQUIRED 9 :RELEASED 10)
ROW :PASS ((:BOUNDARY :MARKSWEEP :PACKED :GRANULARITY 8 :C 64 :H 1))
ROW :BEGIN ((:BOUNDARY :MARKSWEEP :PACKED :GRANULARITY 8 :C 64 :H 63))
ROW :BUILDER-RELEASED (:ACQUIRED 9 :RELEASED 10)
ROW :PASS ((:BOUNDARY :MARKSWEEP :PACKED :GRANULARITY 8 :C 64 :H 63))
ROW :BEGIN ((:BOUNDARY :MARKSWEEP :PACKED :GRANULARITY 8 :C 64 :H 64))
ROW :ATOMIC-CODE-REJECTION (:CODE 268435464 :CONDITION
                            "Reference encoding code-row capacity exhausted")
ROW :CYCLE (:CASE (:BOUNDARY :MARKSWEEP :PACKED :GRANULARITY 8 :C 64 :H 64)
            :ROUND 0 :STATUS :COMPLETE :REASON :COMPLETE :PHASE :RELEASE :MOVED
            0 :DISCOVERED 2)
ROW :CYCLE (:CASE (:BOUNDARY :MARKSWEEP :PACKED :GRANULARITY 8 :C 64 :H 64)
            :ROUND 1 :STATUS :COMPLETE :REASON :COMPLETE :PHASE :RELEASE :MOVED
            0 :DISCOVERED 2)
ROW :CYCLE (:CASE (:BOUNDARY :MARKSWEEP :PACKED :GRANULARITY 8 :C 64 :H 64)
            :ROUND 2 :STATUS :COMPLETE :REASON :COMPLETE :PHASE :RELEASE :MOVED
            0 :DISCOVERED 2)
ROW :PASS ((:BOUNDARY :MARKSWEEP :PACKED :GRANULARITY 8 :C 64 :H 64))
ROW :BEGIN ((:BOUNDARY :MARKSWEEP :PACKED :GRANULARITY 8 :C 64 :H 127))
ROW :ATOMIC-CODE-REJECTION (:CODE 268435464 :CONDITION
                            "Reference encoding code-row capacity exhausted")
ROW :CYCLE (:CASE (:BOUNDARY :MARKSWEEP :PACKED :GRANULARITY 8 :C 64 :H 127)
            :ROUND 0 :STATUS :COMPLETE :REASON :COMPLETE :PHASE :RELEASE :MOVED
            0 :DISCOVERED 2)
ROW :CYCLE (:CASE (:BOUNDARY :MARKSWEEP :PACKED :GRANULARITY 8 :C 64 :H 127)
            :ROUND 1 :STATUS :COMPLETE :REASON :COMPLETE :PHASE :RELEASE :MOVED
            0 :DISCOVERED 2)
ROW :CYCLE (:CASE (:BOUNDARY :MARKSWEEP :PACKED :GRANULARITY 8 :C 64 :H 127)
            :ROUND 2 :STATUS :COMPLETE :REASON :COMPLETE :PHASE :RELEASE :MOVED
            0 :DISCOVERED 2)
ROW :PASS ((:BOUNDARY :MARKSWEEP :PACKED :GRANULARITY 8 :C 64 :H 127))
ROW :BEGIN ((:BOUNDARY :MARKSWEEP :PACKED :GRANULARITY 8 :C 64 :H 128))
ROW :ATOMIC-CODE-REJECTION (:CODE 536870914 :CONDITION
                            "Reference encoding code-row capacity exhausted")
ROW :CYCLE (:CASE (:BOUNDARY :MARKSWEEP :PACKED :GRANULARITY 8 :C 64 :H 128)
            :ROUND 0 :STATUS :COMPLETE :REASON :COMPLETE :PHASE :RELEASE :MOVED
            0 :DISCOVERED 2)
ROW :CYCLE (:CASE (:BOUNDARY :MARKSWEEP :PACKED :GRANULARITY 8 :C 64 :H 128)
            :ROUND 1 :STATUS :COMPLETE :REASON :COMPLETE :PHASE :RELEASE :MOVED
            0 :DISCOVERED 2)
ROW :CYCLE (:CASE (:BOUNDARY :MARKSWEEP :PACKED :GRANULARITY 8 :C 64 :H 128)
            :ROUND 2 :STATUS :COMPLETE :REASON :COMPLETE :PHASE :RELEASE :MOVED
            0 :DISCOVERED 2)
ROW :PASS ((:BOUNDARY :MARKSWEEP :PACKED :GRANULARITY 8 :C 64 :H 128))
ROW :BEGIN ((:BOUNDARY :MARKSWEEP :PACKED :GRANULARITY 8 :C 64 :H 131))
ROW :ATOMIC-CODE-REJECTION (:CODE 536870914 :CONDITION
                            "Reference encoding code-row capacity exhausted")
ROW :CYCLE (:CASE (:BOUNDARY :MARKSWEEP :PACKED :GRANULARITY 8 :C 64 :H 131)
            :ROUND 0 :STATUS :COMPLETE :REASON :COMPLETE :PHASE :RELEASE :MOVED
            0 :DISCOVERED 2)
ROW :CYCLE (:CASE (:BOUNDARY :MARKSWEEP :PACKED :GRANULARITY 8 :C 64 :H 131)
            :ROUND 1 :STATUS :COMPLETE :REASON :COMPLETE :PHASE :RELEASE :MOVED
            0 :DISCOVERED 2)
ROW :CYCLE (:CASE (:BOUNDARY :MARKSWEEP :PACKED :GRANULARITY 8 :C 64 :H 131)
            :ROUND 2 :STATUS :COMPLETE :REASON :COMPLETE :PHASE :RELEASE :MOVED
            0 :DISCOVERED 2)
ROW :PASS ((:BOUNDARY :MARKSWEEP :PACKED :GRANULARITY 8 :C 64 :H 131))
ROW :BEGIN ((:HISTORY :MARKSWEEP :PACKED 8 536870913))
ROW :CYCLE (:CASE (:HISTORY :MARKSWEEP :PACKED 8 536870913) :ROUND 0 :STATUS
            :COMPLETE :REASON :COMPLETE :PHASE :RELEASE :MOVED 0 :DISCOVERED 2)
ROW :CYCLE (:CASE (:HISTORY :MARKSWEEP :PACKED 8 536870913) :ROUND 1 :STATUS
            :COMPLETE :REASON :COMPLETE :PHASE :RELEASE :MOVED 0 :DISCOVERED 2)
ROW :CYCLE (:CASE (:HISTORY :MARKSWEEP :PACKED 8 536870913) :ROUND 2 :STATUS
            :COMPLETE :REASON :COMPLETE :PHASE :RELEASE :MOVED 0 :DISCOVERED 2)
ROW :PASS ((:HISTORY :MARKSWEEP :PACKED 8 536870913))
ROW :BEGIN ((:HISTORY :MARKSWEEP :PACKED 8 268435464))
ROW :CYCLE (:CASE (:HISTORY :MARKSWEEP :PACKED 8 268435464) :ROUND 0 :STATUS
            :COMPLETE :REASON :COMPLETE :PHASE :RELEASE :MOVED 0 :DISCOVERED 2)
ROW :CYCLE (:CASE (:HISTORY :MARKSWEEP :PACKED 8 268435464) :ROUND 1 :STATUS
            :COMPLETE :REASON :COMPLETE :PHASE :RELEASE :MOVED 0 :DISCOVERED 2)
ROW :CYCLE (:CASE (:HISTORY :MARKSWEEP :PACKED 8 268435464) :ROUND 2 :STATUS
            :COMPLETE :REASON :COMPLETE :PHASE :RELEASE :MOVED 0 :DISCOVERED 2)
ROW :PASS ((:HISTORY :MARKSWEEP :PACKED 8 268435464))
ROW :BEGIN ((:ALL-CELLS :MARKSWEEP :PACKED 8))
ROW :ALL-DESCRIPTOR-CELLS (:CELLS 64 :PASSES 2 :GRANULARITIES (8))
ROW :PASS ((:ALL-CELLS :MARKSWEEP :PACKED 8))
ROW :BEGIN ((:FUTURE-LARGE :MARKSWEEP :PACKED 8))
ROW :ATOMIC-CODE-REJECTION (:CODE 536870913 :CONDITION
                            "Reference encoding code-row capacity exhausted")
ROW :PASS ((:FUTURE-LARGE :MARKSWEEP :PACKED 8))
ROW :BEGIN ((:STAGED :MARKSWEEP :PACKED 8))
ROW :CYCLE (:CASE (:STAGED :MARKSWEEP :PACKED 8) :ROUND 0 :STATUS :COMPLETE
            :REASON :COMPLETE :PHASE :RELEASE :MOVED 0 :DISCOVERED 2)
ROW :CYCLE (:CASE (:STAGED :MARKSWEEP :PACKED 8) :ROUND 1 :STATUS :COMPLETE
            :REASON :COMPLETE :PHASE :RELEASE :MOVED 0 :DISCOVERED 2)
ROW :CYCLE (:CASE (:STAGED :MARKSWEEP :PACKED 8) :ROUND 2 :STATUS :COMPLETE
            :REASON :COMPLETE :PHASE :RELEASE :MOVED 0 :DISCOVERED 2)
ROW :PASS ((:STAGED :MARKSWEEP :PACKED 8))
ROW :BEGIN ((:OBSERVER-CONTROL :MARKSWEEP :PACKED))
ROW :BUILDER-RELEASED (:ACQUIRED 9 :RELEASED 10)
ROW :PASS ((:OBSERVER-CONTROL :MARKSWEEP :PACKED))
ROW :BEGIN ((:BOUNDARY :MARKSWEEP :SCALAR :GRANULARITY 16 :C 32 :H 0))
ROW :ATOMIC-CODE-REJECTION (:CODE 536870913 :CONDITION
                            "Reference encoding code-row capacity exhausted")
ROW :CYCLE (:CASE (:BOUNDARY :MARKSWEEP :SCALAR :GRANULARITY 16 :C 32 :H 0)
            :ROUND 0 :STATUS :COMPLETE :REASON :COMPLETE :PHASE :RELEASE :MOVED
            0 :DISCOVERED 2)
ROW :CYCLE (:CASE (:BOUNDARY :MARKSWEEP :SCALAR :GRANULARITY 16 :C 32 :H 0)
            :ROUND 1 :STATUS :COMPLETE :REASON :COMPLETE :PHASE :RELEASE :MOVED
            0 :DISCOVERED 2)
ROW :CYCLE (:CASE (:BOUNDARY :MARKSWEEP :SCALAR :GRANULARITY 16 :C 32 :H 0)
            :ROUND 2 :STATUS :COMPLETE :REASON :COMPLETE :PHASE :RELEASE :MOVED
            0 :DISCOVERED 2)
ROW :PASS ((:BOUNDARY :MARKSWEEP :SCALAR :GRANULARITY 16 :C 32 :H 0))
ROW :BEGIN ((:BOUNDARY :MARKSWEEP :SCALAR :GRANULARITY 16 :C 32 :H 1))
ROW :BUILDER-RELEASED (:ACQUIRED 9 :RELEASED 10)
ROW :PASS ((:BOUNDARY :MARKSWEEP :SCALAR :GRANULARITY 16 :C 32 :H 1))
ROW :BEGIN ((:BOUNDARY :MARKSWEEP :SCALAR :GRANULARITY 16 :C 32 :H 31))
ROW :BUILDER-RELEASED (:ACQUIRED 9 :RELEASED 10)
ROW :PASS ((:BOUNDARY :MARKSWEEP :SCALAR :GRANULARITY 16 :C 32 :H 31))
ROW :BEGIN ((:BOUNDARY :MARKSWEEP :SCALAR :GRANULARITY 16 :C 32 :H 32))
ROW :ATOMIC-CODE-REJECTION (:CODE 268435464 :CONDITION
                            "Reference encoding code-row capacity exhausted")
ROW :CYCLE (:CASE (:BOUNDARY :MARKSWEEP :SCALAR :GRANULARITY 16 :C 32 :H 32)
            :ROUND 0 :STATUS :COMPLETE :REASON :COMPLETE :PHASE :RELEASE :MOVED
            0 :DISCOVERED 2)
ROW :CYCLE (:CASE (:BOUNDARY :MARKSWEEP :SCALAR :GRANULARITY 16 :C 32 :H 32)
            :ROUND 1 :STATUS :COMPLETE :REASON :COMPLETE :PHASE :RELEASE :MOVED
            0 :DISCOVERED 2)
ROW :CYCLE (:CASE (:BOUNDARY :MARKSWEEP :SCALAR :GRANULARITY 16 :C 32 :H 32)
            :ROUND 2 :STATUS :COMPLETE :REASON :COMPLETE :PHASE :RELEASE :MOVED
            0 :DISCOVERED 2)
ROW :PASS ((:BOUNDARY :MARKSWEEP :SCALAR :GRANULARITY 16 :C 32 :H 32))
ROW :BEGIN ((:BOUNDARY :MARKSWEEP :SCALAR :GRANULARITY 16 :C 32 :H 63))
ROW :ATOMIC-CODE-REJECTION (:CODE 268435464 :CONDITION
                            "Reference encoding code-row capacity exhausted")
ROW :CYCLE (:CASE (:BOUNDARY :MARKSWEEP :SCALAR :GRANULARITY 16 :C 32 :H 63)
            :ROUND 0 :STATUS :COMPLETE :REASON :COMPLETE :PHASE :RELEASE :MOVED
            0 :DISCOVERED 2)
ROW :CYCLE (:CASE (:BOUNDARY :MARKSWEEP :SCALAR :GRANULARITY 16 :C 32 :H 63)
            :ROUND 1 :STATUS :COMPLETE :REASON :COMPLETE :PHASE :RELEASE :MOVED
            0 :DISCOVERED 2)
ROW :CYCLE (:CASE (:BOUNDARY :MARKSWEEP :SCALAR :GRANULARITY 16 :C 32 :H 63)
            :ROUND 2 :STATUS :COMPLETE :REASON :COMPLETE :PHASE :RELEASE :MOVED
            0 :DISCOVERED 2)
ROW :PASS ((:BOUNDARY :MARKSWEEP :SCALAR :GRANULARITY 16 :C 32 :H 63))
ROW :BEGIN ((:BOUNDARY :MARKSWEEP :SCALAR :GRANULARITY 16 :C 32 :H 64))
ROW :ATOMIC-CODE-REJECTION (:CODE 536870914 :CONDITION
                            "Reference encoding code-row capacity exhausted")
ROW :CYCLE (:CASE (:BOUNDARY :MARKSWEEP :SCALAR :GRANULARITY 16 :C 32 :H 64)
            :ROUND 0 :STATUS :COMPLETE :REASON :COMPLETE :PHASE :RELEASE :MOVED
            0 :DISCOVERED 2)
ROW :CYCLE (:CASE (:BOUNDARY :MARKSWEEP :SCALAR :GRANULARITY 16 :C 32 :H 64)
            :ROUND 1 :STATUS :COMPLETE :REASON :COMPLETE :PHASE :RELEASE :MOVED
            0 :DISCOVERED 2)
ROW :CYCLE (:CASE (:BOUNDARY :MARKSWEEP :SCALAR :GRANULARITY 16 :C 32 :H 64)
            :ROUND 2 :STATUS :COMPLETE :REASON :COMPLETE :PHASE :RELEASE :MOVED
            0 :DISCOVERED 2)
ROW :PASS ((:BOUNDARY :MARKSWEEP :SCALAR :GRANULARITY 16 :C 32 :H 64))
ROW :BEGIN ((:BOUNDARY :MARKSWEEP :SCALAR :GRANULARITY 16 :C 32 :H 67))
ROW :ATOMIC-CODE-REJECTION (:CODE 536870914 :CONDITION
                            "Reference encoding code-row capacity exhausted")
ROW :CYCLE (:CASE (:BOUNDARY :MARKSWEEP :SCALAR :GRANULARITY 16 :C 32 :H 67)
            :ROUND 0 :STATUS :COMPLETE :REASON :COMPLETE :PHASE :RELEASE :MOVED
            0 :DISCOVERED 2)
ROW :CYCLE (:CASE (:BOUNDARY :MARKSWEEP :SCALAR :GRANULARITY 16 :C 32 :H 67)
            :ROUND 1 :STATUS :COMPLETE :REASON :COMPLETE :PHASE :RELEASE :MOVED
            0 :DISCOVERED 2)
ROW :CYCLE (:CASE (:BOUNDARY :MARKSWEEP :SCALAR :GRANULARITY 16 :C 32 :H 67)
            :ROUND 2 :STATUS :COMPLETE :REASON :COMPLETE :PHASE :RELEASE :MOVED
            0 :DISCOVERED 2)
ROW :PASS ((:BOUNDARY :MARKSWEEP :SCALAR :GRANULARITY 16 :C 32 :H 67))
ROW :BEGIN ((:HISTORY :MARKSWEEP :SCALAR 16 536870913))
ROW :CYCLE (:CASE (:HISTORY :MARKSWEEP :SCALAR 16 536870913) :ROUND 0 :STATUS
            :COMPLETE :REASON :COMPLETE :PHASE :RELEASE :MOVED 0 :DISCOVERED 2)
ROW :CYCLE (:CASE (:HISTORY :MARKSWEEP :SCALAR 16 536870913) :ROUND 1 :STATUS
            :COMPLETE :REASON :COMPLETE :PHASE :RELEASE :MOVED 0 :DISCOVERED 2)
ROW :CYCLE (:CASE (:HISTORY :MARKSWEEP :SCALAR 16 536870913) :ROUND 2 :STATUS
            :COMPLETE :REASON :COMPLETE :PHASE :RELEASE :MOVED 0 :DISCOVERED 2)
ROW :PASS ((:HISTORY :MARKSWEEP :SCALAR 16 536870913))
ROW :BEGIN ((:HISTORY :MARKSWEEP :SCALAR 16 268435464))
ROW :CYCLE (:CASE (:HISTORY :MARKSWEEP :SCALAR 16 268435464) :ROUND 0 :STATUS
            :COMPLETE :REASON :COMPLETE :PHASE :RELEASE :MOVED 0 :DISCOVERED 2)
ROW :CYCLE (:CASE (:HISTORY :MARKSWEEP :SCALAR 16 268435464) :ROUND 1 :STATUS
            :COMPLETE :REASON :COMPLETE :PHASE :RELEASE :MOVED 0 :DISCOVERED 2)
ROW :CYCLE (:CASE (:HISTORY :MARKSWEEP :SCALAR 16 268435464) :ROUND 2 :STATUS
            :COMPLETE :REASON :COMPLETE :PHASE :RELEASE :MOVED 0 :DISCOVERED 2)
ROW :PASS ((:HISTORY :MARKSWEEP :SCALAR 16 268435464))
ROW :BEGIN ((:ALL-CELLS :MARKSWEEP :SCALAR 16))
ROW :ALL-DESCRIPTOR-CELLS (:CELLS 32 :PASSES 2 :GRANULARITIES (16))
ROW :PASS ((:ALL-CELLS :MARKSWEEP :SCALAR 16))
ROW :BEGIN ((:FUTURE-LARGE :MARKSWEEP :SCALAR 16))
ROW :ATOMIC-CODE-REJECTION (:CODE 536870913 :CONDITION
                            "Reference encoding code-row capacity exhausted")
ROW :PASS ((:FUTURE-LARGE :MARKSWEEP :SCALAR 16))
ROW :BEGIN ((:STAGED :MARKSWEEP :SCALAR 16))
ROW :CYCLE (:CASE (:STAGED :MARKSWEEP :SCALAR 16) :ROUND 0 :STATUS :COMPLETE
            :REASON :COMPLETE :PHASE :RELEASE :MOVED 0 :DISCOVERED 2)
ROW :CYCLE (:CASE (:STAGED :MARKSWEEP :SCALAR 16) :ROUND 1 :STATUS :COMPLETE
            :REASON :COMPLETE :PHASE :RELEASE :MOVED 0 :DISCOVERED 2)
ROW :CYCLE (:CASE (:STAGED :MARKSWEEP :SCALAR 16) :ROUND 2 :STATUS :COMPLETE
            :REASON :COMPLETE :PHASE :RELEASE :MOVED 0 :DISCOVERED 2)
ROW :PASS ((:STAGED :MARKSWEEP :SCALAR 16))
ROW :BEGIN ((:BOUNDARY :MARKSWEEP :SCALAR :GRANULARITY 8 :C 64 :H 0))
ROW :ATOMIC-CODE-REJECTION (:CODE 536870913 :CONDITION
                            "Reference encoding code-row capacity exhausted")
ROW :CYCLE (:CASE (:BOUNDARY :MARKSWEEP :SCALAR :GRANULARITY 8 :C 64 :H 0)
            :ROUND 0 :STATUS :COMPLETE :REASON :COMPLETE :PHASE :RELEASE :MOVED
            0 :DISCOVERED 2)
ROW :CYCLE (:CASE (:BOUNDARY :MARKSWEEP :SCALAR :GRANULARITY 8 :C 64 :H 0)
            :ROUND 1 :STATUS :COMPLETE :REASON :COMPLETE :PHASE :RELEASE :MOVED
            0 :DISCOVERED 2)
ROW :CYCLE (:CASE (:BOUNDARY :MARKSWEEP :SCALAR :GRANULARITY 8 :C 64 :H 0)
            :ROUND 2 :STATUS :COMPLETE :REASON :COMPLETE :PHASE :RELEASE :MOVED
            0 :DISCOVERED 2)
ROW :PASS ((:BOUNDARY :MARKSWEEP :SCALAR :GRANULARITY 8 :C 64 :H 0))
ROW :BEGIN ((:BOUNDARY :MARKSWEEP :SCALAR :GRANULARITY 8 :C 64 :H 1))
ROW :BUILDER-RELEASED (:ACQUIRED 9 :RELEASED 10)
ROW :PASS ((:BOUNDARY :MARKSWEEP :SCALAR :GRANULARITY 8 :C 64 :H 1))
ROW :BEGIN ((:BOUNDARY :MARKSWEEP :SCALAR :GRANULARITY 8 :C 64 :H 63))
ROW :BUILDER-RELEASED (:ACQUIRED 9 :RELEASED 10)
ROW :PASS ((:BOUNDARY :MARKSWEEP :SCALAR :GRANULARITY 8 :C 64 :H 63))
ROW :BEGIN ((:BOUNDARY :MARKSWEEP :SCALAR :GRANULARITY 8 :C 64 :H 64))
ROW :ATOMIC-CODE-REJECTION (:CODE 268435464 :CONDITION
                            "Reference encoding code-row capacity exhausted")
ROW :CYCLE (:CASE (:BOUNDARY :MARKSWEEP :SCALAR :GRANULARITY 8 :C 64 :H 64)
            :ROUND 0 :STATUS :COMPLETE :REASON :COMPLETE :PHASE :RELEASE :MOVED
            0 :DISCOVERED 2)
ROW :CYCLE (:CASE (:BOUNDARY :MARKSWEEP :SCALAR :GRANULARITY 8 :C 64 :H 64)
            :ROUND 1 :STATUS :COMPLETE :REASON :COMPLETE :PHASE :RELEASE :MOVED
            0 :DISCOVERED 2)
ROW :CYCLE (:CASE (:BOUNDARY :MARKSWEEP :SCALAR :GRANULARITY 8 :C 64 :H 64)
            :ROUND 2 :STATUS :COMPLETE :REASON :COMPLETE :PHASE :RELEASE :MOVED
            0 :DISCOVERED 2)
ROW :PASS ((:BOUNDARY :MARKSWEEP :SCALAR :GRANULARITY 8 :C 64 :H 64))
ROW :BEGIN ((:BOUNDARY :MARKSWEEP :SCALAR :GRANULARITY 8 :C 64 :H 127))
ROW :ATOMIC-CODE-REJECTION (:CODE 268435464 :CONDITION
                            "Reference encoding code-row capacity exhausted")
ROW :CYCLE (:CASE (:BOUNDARY :MARKSWEEP :SCALAR :GRANULARITY 8 :C 64 :H 127)
            :ROUND 0 :STATUS :COMPLETE :REASON :COMPLETE :PHASE :RELEASE :MOVED
            0 :DISCOVERED 2)
ROW :CYCLE (:CASE (:BOUNDARY :MARKSWEEP :SCALAR :GRANULARITY 8 :C 64 :H 127)
            :ROUND 1 :STATUS :COMPLETE :REASON :COMPLETE :PHASE :RELEASE :MOVED
            0 :DISCOVERED 2)
ROW :CYCLE (:CASE (:BOUNDARY :MARKSWEEP :SCALAR :GRANULARITY 8 :C 64 :H 127)
            :ROUND 2 :STATUS :COMPLETE :REASON :COMPLETE :PHASE :RELEASE :MOVED
            0 :DISCOVERED 2)
ROW :PASS ((:BOUNDARY :MARKSWEEP :SCALAR :GRANULARITY 8 :C 64 :H 127))
ROW :BEGIN ((:BOUNDARY :MARKSWEEP :SCALAR :GRANULARITY 8 :C 64 :H 128))
ROW :ATOMIC-CODE-REJECTION (:CODE 536870914 :CONDITION
                            "Reference encoding code-row capacity exhausted")
ROW :CYCLE (:CASE (:BOUNDARY :MARKSWEEP :SCALAR :GRANULARITY 8 :C 64 :H 128)
            :ROUND 0 :STATUS :COMPLETE :REASON :COMPLETE :PHASE :RELEASE :MOVED
            0 :DISCOVERED 2)
ROW :CYCLE (:CASE (:BOUNDARY :MARKSWEEP :SCALAR :GRANULARITY 8 :C 64 :H 128)
            :ROUND 1 :STATUS :COMPLETE :REASON :COMPLETE :PHASE :RELEASE :MOVED
            0 :DISCOVERED 2)
ROW :CYCLE (:CASE (:BOUNDARY :MARKSWEEP :SCALAR :GRANULARITY 8 :C 64 :H 128)
            :ROUND 2 :STATUS :COMPLETE :REASON :COMPLETE :PHASE :RELEASE :MOVED
            0 :DISCOVERED 2)
ROW :PASS ((:BOUNDARY :MARKSWEEP :SCALAR :GRANULARITY 8 :C 64 :H 128))
ROW :BEGIN ((:BOUNDARY :MARKSWEEP :SCALAR :GRANULARITY 8 :C 64 :H 131))
ROW :ATOMIC-CODE-REJECTION (:CODE 536870914 :CONDITION
                            "Reference encoding code-row capacity exhausted")
ROW :CYCLE (:CASE (:BOUNDARY :MARKSWEEP :SCALAR :GRANULARITY 8 :C 64 :H 131)
            :ROUND 0 :STATUS :COMPLETE :REASON :COMPLETE :PHASE :RELEASE :MOVED
            0 :DISCOVERED 2)
ROW :CYCLE (:CASE (:BOUNDARY :MARKSWEEP :SCALAR :GRANULARITY 8 :C 64 :H 131)
            :ROUND 1 :STATUS :COMPLETE :REASON :COMPLETE :PHASE :RELEASE :MOVED
            0 :DISCOVERED 2)
ROW :CYCLE (:CASE (:BOUNDARY :MARKSWEEP :SCALAR :GRANULARITY 8 :C 64 :H 131)
            :ROUND 2 :STATUS :COMPLETE :REASON :COMPLETE :PHASE :RELEASE :MOVED
            0 :DISCOVERED 2)
ROW :PASS ((:BOUNDARY :MARKSWEEP :SCALAR :GRANULARITY 8 :C 64 :H 131))
ROW :BEGIN ((:HISTORY :MARKSWEEP :SCALAR 8 536870913))
ROW :CYCLE (:CASE (:HISTORY :MARKSWEEP :SCALAR 8 536870913) :ROUND 0 :STATUS
            :COMPLETE :REASON :COMPLETE :PHASE :RELEASE :MOVED 0 :DISCOVERED 2)
ROW :CYCLE (:CASE (:HISTORY :MARKSWEEP :SCALAR 8 536870913) :ROUND 1 :STATUS
            :COMPLETE :REASON :COMPLETE :PHASE :RELEASE :MOVED 0 :DISCOVERED 2)
ROW :CYCLE (:CASE (:HISTORY :MARKSWEEP :SCALAR 8 536870913) :ROUND 2 :STATUS
            :COMPLETE :REASON :COMPLETE :PHASE :RELEASE :MOVED 0 :DISCOVERED 2)
ROW :PASS ((:HISTORY :MARKSWEEP :SCALAR 8 536870913))
ROW :BEGIN ((:HISTORY :MARKSWEEP :SCALAR 8 268435464))
ROW :CYCLE (:CASE (:HISTORY :MARKSWEEP :SCALAR 8 268435464) :ROUND 0 :STATUS
            :COMPLETE :REASON :COMPLETE :PHASE :RELEASE :MOVED 0 :DISCOVERED 2)
ROW :CYCLE (:CASE (:HISTORY :MARKSWEEP :SCALAR 8 268435464) :ROUND 1 :STATUS
            :COMPLETE :REASON :COMPLETE :PHASE :RELEASE :MOVED 0 :DISCOVERED 2)
ROW :CYCLE (:CASE (:HISTORY :MARKSWEEP :SCALAR 8 268435464) :ROUND 2 :STATUS
            :COMPLETE :REASON :COMPLETE :PHASE :RELEASE :MOVED 0 :DISCOVERED 2)
ROW :PASS ((:HISTORY :MARKSWEEP :SCALAR 8 268435464))
ROW :BEGIN ((:ALL-CELLS :MARKSWEEP :SCALAR 8))
ROW :ALL-DESCRIPTOR-CELLS (:CELLS 64 :PASSES 2 :GRANULARITIES (8))
ROW :PASS ((:ALL-CELLS :MARKSWEEP :SCALAR 8))
ROW :BEGIN ((:FUTURE-LARGE :MARKSWEEP :SCALAR 8))
ROW :ATOMIC-CODE-REJECTION (:CODE 536870913 :CONDITION
                            "Reference encoding code-row capacity exhausted")
ROW :PASS ((:FUTURE-LARGE :MARKSWEEP :SCALAR 8))
ROW :BEGIN ((:STAGED :MARKSWEEP :SCALAR 8))
ROW :CYCLE (:CASE (:STAGED :MARKSWEEP :SCALAR 8) :ROUND 0 :STATUS :COMPLETE
            :REASON :COMPLETE :PHASE :RELEASE :MOVED 0 :DISCOVERED 2)
ROW :CYCLE (:CASE (:STAGED :MARKSWEEP :SCALAR 8) :ROUND 1 :STATUS :COMPLETE
            :REASON :COMPLETE :PHASE :RELEASE :MOVED 0 :DISCOVERED 2)
ROW :CYCLE (:CASE (:STAGED :MARKSWEEP :SCALAR 8) :ROUND 2 :STATUS :COMPLETE
            :REASON :COMPLETE :PHASE :RELEASE :MOVED 0 :DISCOVERED 2)
ROW :PASS ((:STAGED :MARKSWEEP :SCALAR 8))
ROW :BEGIN ((:OBSERVER-CONTROL :MARKSWEEP :SCALAR))
ROW :BUILDER-RELEASED (:ACQUIRED 9 :RELEASED 10)
ROW :PASS ((:OBSERVER-CONTROL :MARKSWEEP :SCALAR))
ROW :BEGIN ((:MIXED-GRANULARITY-HISTORY :PACKED))
ROW :CYCLE (:CASE (:MIXED-GRANULARITY-HISTORY :PACKED) :ROUND 0 :STATUS
            :COMPLETE :REASON :COMPLETE :PHASE :RELEASE :MOVED 2 :DISCOVERED 2)
ROW :CYCLE (:CASE (:MIXED-GRANULARITY-HISTORY :PACKED) :ROUND 1 :STATUS
            :COMPLETE :REASON :COMPLETE :PHASE :RELEASE :MOVED 2 :DISCOVERED 2)
ROW :CYCLE (:CASE (:MIXED-GRANULARITY-HISTORY :PACKED) :ROUND 2 :STATUS
            :COMPLETE :REASON :COMPLETE :PHASE :RELEASE :MOVED 2 :DISCOVERED 2)
ROW :PASS ((:MIXED-GRANULARITY-HISTORY :PACKED))
ROW :BEGIN ((:MIXED-GRANULARITY-ALL-CELLS :PACKED))
ROW :ALL-DESCRIPTOR-CELLS (:CELLS 96 :PASSES 2 :GRANULARITIES (8 16))
ROW :PASS ((:MIXED-GRANULARITY-ALL-CELLS :PACKED))
ROW :BEGIN ((:MIXED-GRANULARITY-HISTORY :SCALAR))
ROW :CYCLE (:CASE (:MIXED-GRANULARITY-HISTORY :SCALAR) :ROUND 0 :STATUS
            :COMPLETE :REASON :COMPLETE :PHASE :RELEASE :MOVED 2 :DISCOVERED 2)
ROW :CYCLE (:CASE (:MIXED-GRANULARITY-HISTORY :SCALAR) :ROUND 1 :STATUS
            :COMPLETE :REASON :COMPLETE :PHASE :RELEASE :MOVED 2 :DISCOVERED 2)
ROW :CYCLE (:CASE (:MIXED-GRANULARITY-HISTORY :SCALAR) :ROUND 2 :STATUS
            :COMPLETE :REASON :COMPLETE :PHASE :RELEASE :MOVED 2 :DISCOVERED 2)
ROW :PASS ((:MIXED-GRANULARITY-HISTORY :SCALAR))
ROW :BEGIN ((:MIXED-GRANULARITY-ALL-CELLS :SCALAR))
ROW :ALL-DESCRIPTOR-CELLS (:CELLS 96 :PASSES 2 :GRANULARITIES (8 16))
ROW :PASS ((:MIXED-GRANULARITY-ALL-CELLS :SCALAR))
ROW :FINISHED (:PASSED 104 :FAILED 0 :PRESERVED-WORLDS 0)
ROW :BEGIN ((:DIRECTORY :SEMISPACE :PACKED))
ROW :ATOMIC-CODE-REJECTION (:CODE 268435487 :CONDITION
                            "Reference encoding code-row capacity exhausted")
ROW :CYCLE (:CASE (:DIRECTORY :SEMISPACE :PACKED) :ROUND 0 :STATUS :COMPLETE
            :REASON :COMPLETE :PHASE :RELEASE :MOVED 2 :DISCOVERED 2)
ROW :CYCLE (:CASE (:DIRECTORY :SEMISPACE :PACKED) :ROUND 1 :STATUS :COMPLETE
            :REASON :COMPLETE :PHASE :RELEASE :MOVED 2 :DISCOVERED 2)
ROW :CYCLE (:CASE (:DIRECTORY :SEMISPACE :PACKED) :ROUND 2 :STATUS :COMPLETE
            :REASON :COMPLETE :PHASE :RELEASE :MOVED 2 :DISCOVERED 2)
ROW :PASS ((:DIRECTORY :SEMISPACE :PACKED))
ROW :BEGIN ((:DIRECTORY :SEMISPACE :SCALAR))
ROW :ATOMIC-CODE-REJECTION (:CODE 268435487 :CONDITION
                            "Reference encoding code-row capacity exhausted")
ROW :CYCLE (:CASE (:DIRECTORY :SEMISPACE :SCALAR) :ROUND 0 :STATUS :COMPLETE
            :REASON :COMPLETE :PHASE :RELEASE :MOVED 2 :DISCOVERED 2)
ROW :CYCLE (:CASE (:DIRECTORY :SEMISPACE :SCALAR) :ROUND 1 :STATUS :COMPLETE
            :REASON :COMPLETE :PHASE :RELEASE :MOVED 2 :DISCOVERED 2)
ROW :CYCLE (:CASE (:DIRECTORY :SEMISPACE :SCALAR) :ROUND 2 :STATUS :COMPLETE
            :REASON :COMPLETE :PHASE :RELEASE :MOVED 2 :DISCOVERED 2)
ROW :PASS ((:DIRECTORY :SEMISPACE :SCALAR))
ROW :BEGIN ((:DIRECTORY :MARKSWEEP :PACKED))
ROW :ATOMIC-CODE-REJECTION (:CODE 268435487 :CONDITION
                            "Reference encoding code-row capacity exhausted")
ROW :CYCLE (:CASE (:DIRECTORY :MARKSWEEP :PACKED) :ROUND 0 :STATUS :COMPLETE
            :REASON :COMPLETE :PHASE :RELEASE :MOVED 0 :DISCOVERED 2)
ROW :CYCLE (:CASE (:DIRECTORY :MARKSWEEP :PACKED) :ROUND 1 :STATUS :COMPLETE
            :REASON :COMPLETE :PHASE :RELEASE :MOVED 0 :DISCOVERED 2)
ROW :CYCLE (:CASE (:DIRECTORY :MARKSWEEP :PACKED) :ROUND 2 :STATUS :COMPLETE
            :REASON :COMPLETE :PHASE :RELEASE :MOVED 0 :DISCOVERED 2)
ROW :PASS ((:DIRECTORY :MARKSWEEP :PACKED))
ROW :BEGIN ((:DIRECTORY :MARKSWEEP :SCALAR))
ROW :ATOMIC-CODE-REJECTION (:CODE 268435487 :CONDITION
                            "Reference encoding code-row capacity exhausted")
ROW :CYCLE (:CASE (:DIRECTORY :MARKSWEEP :SCALAR) :ROUND 0 :STATUS :COMPLETE
            :REASON :COMPLETE :PHASE :RELEASE :MOVED 0 :DISCOVERED 2)
ROW :CYCLE (:CASE (:DIRECTORY :MARKSWEEP :SCALAR) :ROUND 1 :STATUS :COMPLETE
            :REASON :COMPLETE :PHASE :RELEASE :MOVED 0 :DISCOVERED 2)
ROW :CYCLE (:CASE (:DIRECTORY :MARKSWEEP :SCALAR) :ROUND 2 :STATUS :COMPLETE
            :REASON :COMPLETE :PHASE :RELEASE :MOVED 0 :DISCOVERED 2)
ROW :PASS ((:DIRECTORY :MARKSWEEP :SCALAR))
ROW :DIRECTORY-FINISHED (:PASSED 4 :FAILED 0)
ROW :BEGIN ((:ENDPOINT-HOLES :SEMISPACE :PACKED 8))
ROW :EXACT-ROW-ACCOUNT (:REQUIRED 132 :H 128 :RESERVED 0)
ROW :ATOMIC-CODE-REJECTION (:CODE 268435456 :CONDITION
                            "Reference descriptor is outside the admitted domain")
ROW :ATOMIC-CODE-REJECTION (:CODE 536870912 :CONDITION
                            "Reference descriptor is outside the admitted domain")
ROW :ATOMIC-CODE-REJECTION (:CODE 805306368 :CONDITION
                            "Reference descriptor is outside the admitted domain")
ROW :ATOMIC-CODE-REJECTION (:CODE 1073741824 :CONDITION
                            "Malformed reference reconstruction descriptor")
ROW :ATOMIC-CODE-REJECTION (:CODE -1 :CONDITION
                            "Malformed reference reconstruction descriptor")
ROW :ATOMIC-CODE-REJECTION (:CODE :BAD :CONDITION
                            "Malformed reference reconstruction descriptor")
ROW :ATOMIC-CODE-REJECTION (:CODE 268435487 :CONDITION
                            "Reference descriptor is outside the admitted domain")
ROW :ATOMIC-CODE-REJECTION (:CODE 268435487 :CONDITION
                            "Reference descriptor is outside the admitted domain")
ROW :ATOMIC-CODE-REJECTION (:CODE 536870913 :CONDITION
                            "Reference encoding code-row capacity exhausted")
ROW :EXACT-ROW-ACCOUNT (:REQUIRED 132 :H 128 :RESERVED 128)
ROW :PASS ((:ENDPOINT-HOLES :SEMISPACE :PACKED 8))
ROW :BEGIN ((:ENDPOINT-HOLES :SEMISPACE :PACKED 16))
ROW :EXACT-ROW-ACCOUNT (:REQUIRED 68 :H 64 :RESERVED 0)
ROW :ATOMIC-CODE-REJECTION (:CODE 268435456 :CONDITION
                            "Reference descriptor is outside the admitted domain")
ROW :ATOMIC-CODE-REJECTION (:CODE 536870912 :CONDITION
                            "Reference descriptor is outside the admitted domain")
ROW :ATOMIC-CODE-REJECTION (:CODE 805306368 :CONDITION
                            "Reference descriptor is outside the admitted domain")
ROW :ATOMIC-CODE-REJECTION (:CODE 1073741824 :CONDITION
                            "Malformed reference reconstruction descriptor")
ROW :ATOMIC-CODE-REJECTION (:CODE -1 :CONDITION
                            "Malformed reference reconstruction descriptor")
ROW :ATOMIC-CODE-REJECTION (:CODE :BAD :CONDITION
                            "Malformed reference reconstruction descriptor")
ROW :ATOMIC-CODE-REJECTION (:CODE 268435487 :CONDITION
                            "Reference descriptor is outside the admitted domain")
ROW :ATOMIC-CODE-REJECTION (:CODE 268435487 :CONDITION
                            "Reference descriptor is outside the admitted domain")
ROW :ATOMIC-CODE-REJECTION (:CODE 536870913 :CONDITION
                            "Reference encoding code-row capacity exhausted")
ROW :EXACT-ROW-ACCOUNT (:REQUIRED 68 :H 64 :RESERVED 64)
ROW :PASS ((:ENDPOINT-HOLES :SEMISPACE :PACKED 16))
ROW :BEGIN ((:MAXIMUM-CANONICAL-FIELDS :SEMISPACE :PACKED))
ROW :EXACT-ROW-ACCOUNT (:REQUIRED 16 :H 12 :RESERVED 0)
ROW :ATOMIC-CODE-REJECTION (:CODE 805306369 :CONDITION
                            "Reference descriptor is outside the admitted domain")
ROW :ATOMIC-CODE-REJECTION (:CODE 1072693248 :CONDITION
                            "Reference descriptor is outside the admitted domain")
ROW :ATOMIC-CODE-REJECTION (:CODE 269484032 :CONDITION
                            "Reference descriptor is outside the admitted domain")
ROW :ATOMIC-CODE-REJECTION (:CODE 1073741824 :CONDITION
                            "Malformed reference reconstruction descriptor")
ROW :ATOMIC-CODE-REJECTION (:CODE 536870913 :CONDITION
                            "Reference encoding code-row capacity exhausted")
ROW :EXACT-ROW-ACCOUNT (:REQUIRED 16 :H 12 :RESERVED 12)
ROW :PASS ((:MAXIMUM-CANONICAL-FIELDS :SEMISPACE :PACKED))
ROW :BEGIN ((:ENDPOINT-HOLES :SEMISPACE :SCALAR 8))
ROW :EXACT-ROW-ACCOUNT (:REQUIRED 132 :H 128 :RESERVED 0)
ROW :ATOMIC-CODE-REJECTION (:CODE 268435456 :CONDITION
                            "Reference descriptor is outside the admitted domain")
ROW :ATOMIC-CODE-REJECTION (:CODE 536870912 :CONDITION
                            "Reference descriptor is outside the admitted domain")
ROW :ATOMIC-CODE-REJECTION (:CODE 805306368 :CONDITION
                            "Reference descriptor is outside the admitted domain")
ROW :ATOMIC-CODE-REJECTION (:CODE 1073741824 :CONDITION
                            "Malformed reference reconstruction descriptor")
ROW :ATOMIC-CODE-REJECTION (:CODE -1 :CONDITION
                            "Malformed reference reconstruction descriptor")
ROW :ATOMIC-CODE-REJECTION (:CODE :BAD :CONDITION
                            "Malformed reference reconstruction descriptor")
ROW :ATOMIC-CODE-REJECTION (:CODE 268435487 :CONDITION
                            "Reference descriptor is outside the admitted domain")
ROW :ATOMIC-CODE-REJECTION (:CODE 268435487 :CONDITION
                            "Reference descriptor is outside the admitted domain")
ROW :ATOMIC-CODE-REJECTION (:CODE 536870913 :CONDITION
                            "Reference encoding code-row capacity exhausted")
ROW :EXACT-ROW-ACCOUNT (:REQUIRED 132 :H 128 :RESERVED 128)
ROW :PASS ((:ENDPOINT-HOLES :SEMISPACE :SCALAR 8))
ROW :BEGIN ((:ENDPOINT-HOLES :SEMISPACE :SCALAR 16))
ROW :EXACT-ROW-ACCOUNT (:REQUIRED 68 :H 64 :RESERVED 0)
ROW :ATOMIC-CODE-REJECTION (:CODE 268435456 :CONDITION
                            "Reference descriptor is outside the admitted domain")
ROW :ATOMIC-CODE-REJECTION (:CODE 536870912 :CONDITION
                            "Reference descriptor is outside the admitted domain")
ROW :ATOMIC-CODE-REJECTION (:CODE 805306368 :CONDITION
                            "Reference descriptor is outside the admitted domain")
ROW :ATOMIC-CODE-REJECTION (:CODE 1073741824 :CONDITION
                            "Malformed reference reconstruction descriptor")
ROW :ATOMIC-CODE-REJECTION (:CODE -1 :CONDITION
                            "Malformed reference reconstruction descriptor")
ROW :ATOMIC-CODE-REJECTION (:CODE :BAD :CONDITION
                            "Malformed reference reconstruction descriptor")
ROW :ATOMIC-CODE-REJECTION (:CODE 268435487 :CONDITION
                            "Reference descriptor is outside the admitted domain")
ROW :ATOMIC-CODE-REJECTION (:CODE 268435487 :CONDITION
                            "Reference descriptor is outside the admitted domain")
ROW :ATOMIC-CODE-REJECTION (:CODE 536870913 :CONDITION
                            "Reference encoding code-row capacity exhausted")
ROW :EXACT-ROW-ACCOUNT (:REQUIRED 68 :H 64 :RESERVED 64)
ROW :PASS ((:ENDPOINT-HOLES :SEMISPACE :SCALAR 16))
ROW :BEGIN ((:MAXIMUM-CANONICAL-FIELDS :SEMISPACE :SCALAR))
ROW :EXACT-ROW-ACCOUNT (:REQUIRED 16 :H 12 :RESERVED 0)
ROW :ATOMIC-CODE-REJECTION (:CODE 805306369 :CONDITION
                            "Reference descriptor is outside the admitted domain")
ROW :ATOMIC-CODE-REJECTION (:CODE 1072693248 :CONDITION
                            "Reference descriptor is outside the admitted domain")
ROW :ATOMIC-CODE-REJECTION (:CODE 269484032 :CONDITION
                            "Reference descriptor is outside the admitted domain")
ROW :ATOMIC-CODE-REJECTION (:CODE 1073741824 :CONDITION
                            "Malformed reference reconstruction descriptor")
ROW :ATOMIC-CODE-REJECTION (:CODE 536870913 :CONDITION
                            "Reference encoding code-row capacity exhausted")
ROW :EXACT-ROW-ACCOUNT (:REQUIRED 16 :H 12 :RESERVED 12)
ROW :PASS ((:MAXIMUM-CANONICAL-FIELDS :SEMISPACE :SCALAR))
ROW :BEGIN ((:ENDPOINT-HOLES :MARKSWEEP :PACKED 8))
ROW :EXACT-ROW-ACCOUNT (:REQUIRED 68 :H 64 :RESERVED 0)
ROW :ATOMIC-CODE-REJECTION (:CODE 268435456 :CONDITION
                            "Reference descriptor is outside the admitted domain")
ROW :ATOMIC-CODE-REJECTION (:CODE 536870912 :CONDITION
                            "Reference descriptor is outside the admitted domain")
ROW :ATOMIC-CODE-REJECTION (:CODE 805306368 :CONDITION
                            "Reference descriptor is outside the admitted domain")
ROW :ATOMIC-CODE-REJECTION (:CODE 1073741824 :CONDITION
                            "Malformed reference reconstruction descriptor")
ROW :ATOMIC-CODE-REJECTION (:CODE -1 :CONDITION
                            "Malformed reference reconstruction descriptor")
ROW :ATOMIC-CODE-REJECTION (:CODE :BAD :CONDITION
                            "Malformed reference reconstruction descriptor")
ROW :ATOMIC-CODE-REJECTION (:CODE 268435487 :CONDITION
                            "Reference descriptor is outside the admitted domain")
ROW :ATOMIC-CODE-REJECTION (:CODE 536870913 :CONDITION
                            "Reference encoding code-row capacity exhausted")
ROW :EXACT-ROW-ACCOUNT (:REQUIRED 68 :H 64 :RESERVED 64)
ROW :PASS ((:ENDPOINT-HOLES :MARKSWEEP :PACKED 8))
ROW :BEGIN ((:ENDPOINT-HOLES :MARKSWEEP :PACKED 16))
ROW :EXACT-ROW-ACCOUNT (:REQUIRED 36 :H 32 :RESERVED 0)
ROW :ATOMIC-CODE-REJECTION (:CODE 268435456 :CONDITION
                            "Reference descriptor is outside the admitted domain")
ROW :ATOMIC-CODE-REJECTION (:CODE 536870912 :CONDITION
                            "Reference descriptor is outside the admitted domain")
ROW :ATOMIC-CODE-REJECTION (:CODE 805306368 :CONDITION
                            "Reference descriptor is outside the admitted domain")
ROW :ATOMIC-CODE-REJECTION (:CODE 1073741824 :CONDITION
                            "Malformed reference reconstruction descriptor")
ROW :ATOMIC-CODE-REJECTION (:CODE -1 :CONDITION
                            "Malformed reference reconstruction descriptor")
ROW :ATOMIC-CODE-REJECTION (:CODE :BAD :CONDITION
                            "Malformed reference reconstruction descriptor")
ROW :ATOMIC-CODE-REJECTION (:CODE 268435487 :CONDITION
                            "Reference descriptor is outside the admitted domain")
ROW :ATOMIC-CODE-REJECTION (:CODE 536870913 :CONDITION
                            "Reference encoding code-row capacity exhausted")
ROW :EXACT-ROW-ACCOUNT (:REQUIRED 36 :H 32 :RESERVED 32)
ROW :PASS ((:ENDPOINT-HOLES :MARKSWEEP :PACKED 16))
ROW :BEGIN ((:MAXIMUM-CANONICAL-FIELDS :MARKSWEEP :PACKED))
ROW :EXACT-ROW-ACCOUNT (:REQUIRED 10 :H 6 :RESERVED 0)
ROW :ATOMIC-CODE-REJECTION (:CODE 805306369 :CONDITION
                            "Reference descriptor is outside the admitted domain")
ROW :ATOMIC-CODE-REJECTION (:CODE 1072693248 :CONDITION
                            "Reference descriptor is outside the admitted domain")
ROW :ATOMIC-CODE-REJECTION (:CODE 269484032 :CONDITION
                            "Reference descriptor is outside the admitted domain")
ROW :ATOMIC-CODE-REJECTION (:CODE 1073741824 :CONDITION
                            "Malformed reference reconstruction descriptor")
ROW :ATOMIC-CODE-REJECTION (:CODE 536870913 :CONDITION
                            "Reference encoding code-row capacity exhausted")
ROW :EXACT-ROW-ACCOUNT (:REQUIRED 10 :H 6 :RESERVED 6)
ROW :PASS ((:MAXIMUM-CANONICAL-FIELDS :MARKSWEEP :PACKED))
ROW :BEGIN ((:ENDPOINT-HOLES :MARKSWEEP :SCALAR 8))
ROW :EXACT-ROW-ACCOUNT (:REQUIRED 68 :H 64 :RESERVED 0)
ROW :ATOMIC-CODE-REJECTION (:CODE 268435456 :CONDITION
                            "Reference descriptor is outside the admitted domain")
ROW :ATOMIC-CODE-REJECTION (:CODE 536870912 :CONDITION
                            "Reference descriptor is outside the admitted domain")
ROW :ATOMIC-CODE-REJECTION (:CODE 805306368 :CONDITION
                            "Reference descriptor is outside the admitted domain")
ROW :ATOMIC-CODE-REJECTION (:CODE 1073741824 :CONDITION
                            "Malformed reference reconstruction descriptor")
ROW :ATOMIC-CODE-REJECTION (:CODE -1 :CONDITION
                            "Malformed reference reconstruction descriptor")
ROW :ATOMIC-CODE-REJECTION (:CODE :BAD :CONDITION
                            "Malformed reference reconstruction descriptor")
ROW :ATOMIC-CODE-REJECTION (:CODE 268435487 :CONDITION
                            "Reference descriptor is outside the admitted domain")
ROW :ATOMIC-CODE-REJECTION (:CODE 536870913 :CONDITION
                            "Reference encoding code-row capacity exhausted")
ROW :EXACT-ROW-ACCOUNT (:REQUIRED 68 :H 64 :RESERVED 64)
ROW :PASS ((:ENDPOINT-HOLES :MARKSWEEP :SCALAR 8))
ROW :BEGIN ((:ENDPOINT-HOLES :MARKSWEEP :SCALAR 16))
ROW :EXACT-ROW-ACCOUNT (:REQUIRED 36 :H 32 :RESERVED 0)
ROW :ATOMIC-CODE-REJECTION (:CODE 268435456 :CONDITION
                            "Reference descriptor is outside the admitted domain")
ROW :ATOMIC-CODE-REJECTION (:CODE 536870912 :CONDITION
                            "Reference descriptor is outside the admitted domain")
ROW :ATOMIC-CODE-REJECTION (:CODE 805306368 :CONDITION
                            "Reference descriptor is outside the admitted domain")
ROW :ATOMIC-CODE-REJECTION (:CODE 1073741824 :CONDITION
                            "Malformed reference reconstruction descriptor")
ROW :ATOMIC-CODE-REJECTION (:CODE -1 :CONDITION
                            "Malformed reference reconstruction descriptor")
ROW :ATOMIC-CODE-REJECTION (:CODE :BAD :CONDITION
                            "Malformed reference reconstruction descriptor")
ROW :ATOMIC-CODE-REJECTION (:CODE 268435487 :CONDITION
                            "Reference descriptor is outside the admitted domain")
ROW :ATOMIC-CODE-REJECTION (:CODE 536870913 :CONDITION
                            "Reference encoding code-row capacity exhausted")
ROW :EXACT-ROW-ACCOUNT (:REQUIRED 36 :H 32 :RESERVED 32)
ROW :PASS ((:ENDPOINT-HOLES :MARKSWEEP :SCALAR 16))
ROW :BEGIN ((:MAXIMUM-CANONICAL-FIELDS :MARKSWEEP :SCALAR))
ROW :EXACT-ROW-ACCOUNT (:REQUIRED 10 :H 6 :RESERVED 0)
ROW :ATOMIC-CODE-REJECTION (:CODE 805306369 :CONDITION
                            "Reference descriptor is outside the admitted domain")
ROW :ATOMIC-CODE-REJECTION (:CODE 1072693248 :CONDITION
                            "Reference descriptor is outside the admitted domain")
ROW :ATOMIC-CODE-REJECTION (:CODE 269484032 :CONDITION
                            "Reference descriptor is outside the admitted domain")
ROW :ATOMIC-CODE-REJECTION (:CODE 1073741824 :CONDITION
                            "Malformed reference reconstruction descriptor")
ROW :ATOMIC-CODE-REJECTION (:CODE 536870913 :CONDITION
                            "Reference encoding code-row capacity exhausted")
ROW :EXACT-ROW-ACCOUNT (:REQUIRED 10 :H 6 :RESERVED 6)
ROW :PASS ((:MAXIMUM-CANONICAL-FIELDS :MARKSWEEP :SCALAR))
ROW :ADDITIONAL-FINISHED (:PASSED 12 :FAILED 0)
; compiling file "/home/iskam/src/vibe/Clamsara/test/quality/finalizers.lisp" (written 20 SEP 2026 05:58:44 PM):

; wrote /home/iskam/.cache/common-lisp/sbcl-2.6.8.3-db35d4561-linux-x64/home/iskam/src/vibe/Clamsara/test/quality/finalizers-tmpD68Q8WCA.fasl
; compilation finished in 0:00:00.023
FINALIZER-REGISTRATION-HISTORIES-PASS profiles=4
; compiling file "/home/iskam/src/vibe/Clamsara/test/quality/finalizer-drain.lisp" (written 20 SEP 2026 06:52:07 PM):

; wrote /home/iskam/.cache/common-lisp/sbcl-2.6.8.3-db35d4561-linux-x64/home/iskam/src/vibe/Clamsara/test/quality/finalizer-drain-tmp7MK9KM9C.fasl
; compilation finished in 0:00:00.025
; compiling file "/home/iskam/src/vibe/Clamsara/test/quality/finalizer-history.lisp" (written 20 SEP 2026 06:55:46 PM):

; wrote /home/iskam/.cache/common-lisp/sbcl-2.6.8.3-db35d4561-linux-x64/home/iskam/src/vibe/Clamsara/test/quality/finalizer-history-tmpJJ71X849.fasl
; compilation finished in 0:00:00.017
FINALIZER-DRAIN :NORMAL :SEMISPACE :PACKED PASS
FINALIZER-DRAIN :ERROR :SEMISPACE :PACKED PASS
FINALIZER-DRAIN :THROW :SEMISPACE :PACKED PASS
FINALIZER-DRAIN :RECURSIVE :SEMISPACE :PACKED PASS
FINALIZER-DRAIN :NESTED-PUBLICATION :SEMISPACE :PACKED PASS
FINALIZER-DRAIN :APPENDS :SEMISPACE :PACKED PASS
FINALIZER-DRAIN :RUNNING-ROOTS :SEMISPACE :PACKED PASS
FINALIZER-DRAIN :ACTIVE-CONTEXT :SEMISPACE :PACKED PASS
FINALIZER-DRAIN :THROW-KEEPS-REST :SEMISPACE :PACKED PASS
FINALIZER-DRAIN :RECURSIVE-THROW :SEMISPACE :PACKED PASS
FINALIZER-DRAIN :SINGLE-RECORD :SEMISPACE :PACKED PASS
FINALIZER-DRAIN (:COLLECTION-FAILURE :RETURN) :SEMISPACE :PACKED PASS
FINALIZER-DRAIN (:COLLECTION-FAILURE :THROW) :SEMISPACE :PACKED PASS
FINALIZER-DRAIN (:COLLECTION-FAILURE :ERROR) :SEMISPACE :PACKED PASS
FINALIZER-DRAIN :NORMAL :SEMISPACE :SCALAR PASS
FINALIZER-DRAIN :ERROR :SEMISPACE :SCALAR PASS
FINALIZER-DRAIN :THROW :SEMISPACE :SCALAR PASS
FINALIZER-DRAIN :RECURSIVE :SEMISPACE :SCALAR PASS
FINALIZER-DRAIN :NESTED-PUBLICATION :SEMISPACE :SCALAR PASS
FINALIZER-DRAIN :APPENDS :SEMISPACE :SCALAR PASS
FINALIZER-DRAIN :RUNNING-ROOTS :SEMISPACE :SCALAR PASS
FINALIZER-DRAIN :ACTIVE-CONTEXT :SEMISPACE :SCALAR PASS
FINALIZER-DRAIN :THROW-KEEPS-REST :SEMISPACE :SCALAR PASS
FINALIZER-DRAIN :RECURSIVE-THROW :SEMISPACE :SCALAR PASS
FINALIZER-DRAIN :SINGLE-RECORD :SEMISPACE :SCALAR PASS
FINALIZER-DRAIN (:COLLECTION-FAILURE :RETURN) :SEMISPACE :SCALAR PASS
FINALIZER-DRAIN (:COLLECTION-FAILURE :THROW) :SEMISPACE :SCALAR PASS
FINALIZER-DRAIN (:COLLECTION-FAILURE :ERROR) :SEMISPACE :SCALAR PASS
FINALIZER-DRAIN :NORMAL :MARKSWEEP :PACKED PASS
FINALIZER-DRAIN :ERROR :MARKSWEEP :PACKED PASS
FINALIZER-DRAIN :THROW :MARKSWEEP :PACKED PASS
FINALIZER-DRAIN :RECURSIVE :MARKSWEEP :PACKED PASS
FINALIZER-DRAIN :NESTED-PUBLICATION :MARKSWEEP :PACKED PASS
FINALIZER-DRAIN :APPENDS :MARKSWEEP :PACKED PASS
FINALIZER-DRAIN :RUNNING-ROOTS :MARKSWEEP :PACKED PASS
FINALIZER-DRAIN :ACTIVE-CONTEXT :MARKSWEEP :PACKED PASS
FINALIZER-DRAIN :THROW-KEEPS-REST :MARKSWEEP :PACKED PASS
FINALIZER-DRAIN :RECURSIVE-THROW :MARKSWEEP :PACKED PASS
FINALIZER-DRAIN :SINGLE-RECORD :MARKSWEEP :PACKED PASS
FINALIZER-DRAIN (:COLLECTION-FAILURE :RETURN) :MARKSWEEP :PACKED PASS
FINALIZER-DRAIN (:COLLECTION-FAILURE :THROW) :MARKSWEEP :PACKED PASS
FINALIZER-DRAIN (:COLLECTION-FAILURE :ERROR) :MARKSWEEP :PACKED PASS
FINALIZER-DRAIN :NORMAL :MARKSWEEP :SCALAR PASS
FINALIZER-DRAIN :ERROR :MARKSWEEP :SCALAR PASS
FINALIZER-DRAIN :THROW :MARKSWEEP :SCALAR PASS
FINALIZER-DRAIN :RECURSIVE :MARKSWEEP :SCALAR PASS
FINALIZER-DRAIN :NESTED-PUBLICATION :MARKSWEEP :SCALAR PASS
FINALIZER-DRAIN :APPENDS :MARKSWEEP :SCALAR PASS
FINALIZER-DRAIN :RUNNING-ROOTS :MARKSWEEP :SCALAR PASS
FINALIZER-DRAIN :ACTIVE-CONTEXT :MARKSWEEP :SCALAR PASS
FINALIZER-DRAIN :THROW-KEEPS-REST :MARKSWEEP :SCALAR PASS
FINALIZER-DRAIN :RECURSIVE-THROW :MARKSWEEP :SCALAR PASS
FINALIZER-DRAIN :SINGLE-RECORD :MARKSWEEP :SCALAR PASS
FINALIZER-DRAIN (:COLLECTION-FAILURE :RETURN) :MARKSWEEP :SCALAR PASS
FINALIZER-DRAIN (:COLLECTION-FAILURE :THROW) :MARKSWEEP :SCALAR PASS
FINALIZER-DRAIN (:COLLECTION-FAILURE :ERROR) :MARKSWEEP :SCALAR PASS
FINALIZER-DRAIN-HISTORIES-PASS cases=56
COMPOSED-WRAP-PASS :SEMISPACE :PACKED rounds=10 callbacks=50 failures=30
TWO-REGISTRY-ESCAPE-PASS :SEMISPACE :PACKED
RECURSIVE-FAILURE-PASS :SEMISPACE :PACKED escape=NIL actual=:COLLECTION-BUSY inner=:COLLECTION-BUSY
RECURSIVE-FAILURE-PASS :SEMISPACE :PACKED escape=T actual=:ESCAPED inner=NIL
COMPOSED-WRAP-PASS :SEMISPACE :SCALAR rounds=10 callbacks=50 failures=30
TWO-REGISTRY-ESCAPE-PASS :SEMISPACE :SCALAR
RECURSIVE-FAILURE-PASS :SEMISPACE :SCALAR escape=NIL actual=:COLLECTION-BUSY inner=:COLLECTION-BUSY
RECURSIVE-FAILURE-PASS :SEMISPACE :SCALAR escape=T actual=:ESCAPED inner=NIL
COMPOSED-WRAP-PASS :MARKSWEEP :PACKED rounds=10 callbacks=50 failures=30
TWO-REGISTRY-ESCAPE-PASS :MARKSWEEP :PACKED
RECURSIVE-FAILURE-PASS :MARKSWEEP :PACKED escape=NIL actual=1 inner=2
RECURSIVE-FAILURE-PASS :MARKSWEEP :PACKED escape=T actual=:ESCAPED inner=NIL
COMPOSED-WRAP-PASS :MARKSWEEP :SCALAR rounds=10 callbacks=50 failures=30
TWO-REGISTRY-ESCAPE-PASS :MARKSWEEP :SCALAR
RECURSIVE-FAILURE-PASS :MARKSWEEP :SCALAR escape=NIL actual=1 inner=2
RECURSIVE-FAILURE-PASS :MARKSWEEP :SCALAR escape=T actual=:ESCAPED inner=NIL
INDEPENDENT-QUEUE-PASS cases=16
; compiling file "/home/iskam/src/vibe/Clamsara/test/quality/model-resources.lisp" (written 21 SEP 2026 01:43:01 AM):

; wrote /home/iskam/.cache/common-lisp/sbcl-2.6.8.3-db35d4561-linux-x64/home/iskam/src/vibe/Clamsara/test/quality/model-resources-tmp1VUK6SR2.fasl
; compilation finished in 0:00:00.152
MODEL-RESOURCE-QUALITY-OK (:ELEMENT-COUNT 4096 :INDEXED-IDENTITY-MODE
                           :CAPTURED-CUSTOM :BINDING-IDENTITY-GENERATION-CALLS
                           4096 :RUNTIME-IDENTITY-GENERATION-CALLS 0
                           :INDEXED-IDENTITY-TABLE-BYTES 131328 :OBJECT-BYTES
                           32784 :SPACE-BASE 4096 :SPACE-EXTENT 66592
                           :PACKING-QUANTUM 16 :ARENA-ELEMENT-TYPE
                           (UNSIGNED-BYTE 8) :WORD-PLANE-ELEMENT-TYPE T
                           :MODEL-REPRESENTATION-CAPACITY 8324
                           :MODEL-DESCRIPTOR-CELLS 8324
                           :TOP-LEVEL-MODEL-PLANE-BYTES 666352
                           :BASE-REFERENCE-RECORD-BYTES 532736
                           :STAGING-BACKING-BYTES 65600
                           :PARTIAL-MODEL-SUBTOTAL-BYTES 1264688
                           :ACCOUNT-PHYSICAL-BYTES 402752
                           :ACCOUNT-AUXILIARY-BYTES 1733616
                           :EXPLICIT-REFERENCE-SCAN-CALLBACKS (4096 4096)
                           :EXPLICIT-NUMERIC-SCAN-CALLBACKS 0
                           :COLLECTOR-SCAN-CALLBACKS :NOT-MEASURED
                           :OBJECTS-DISCOVERED 2 :OBJECTS-MOVED 2 :BYTES-MOVED
                           65568)
; compiling file "/home/iskam/src/vibe/Clamsara/tools/debug.lisp" (written 20 SEP 2026 10:52:04 AM):

; wrote /home/iskam/.cache/common-lisp/sbcl-2.6.8.3-db35d4561-linux-x64/home/iskam/src/vibe/Clamsara/tools/debug-tmpR2FIHSUG.fasl
; compilation finished in 0:00:00.032
; compiling file "/home/iskam/src/vibe/Clamsara/tools/check-structure.lisp" (written 20 SEP 2026 02:51:43 PM):

; file: /home/iskam/src/vibe/Clamsara/tools/check-structure.lisp
; in: DEFUN %PACKAGE-DESIGNATOR
;     (TYPECASE CLAMSARA.STRUCTURE::VALUE
;       (PACKAGE CLAMSARA.STRUCTURE::VALUE)
;       (SYMBOL (SYMBOL-NAME CLAMSARA.STRUCTURE::VALUE))
;       (STRING CLAMSARA.STRUCTURE::VALUE)
;       (T CLAMSARA.STRUCTURE::VALUE))
; --> IF IF IF THE 
; ==>
;   CLAMSARA.STRUCTURE::VALUE
; 
; note: deleting unreachable code


; wrote /home/iskam/.cache/common-lisp/sbcl-2.6.8.3-db35d4561-linux-x64/home/iskam/src/vibe/Clamsara/tools/check-structure-tmp8PYELRKX.fasl
; compilation finished in 0:00:00.109
; compiling file "/home/iskam/src/vibe/Clamsara/test/quality/structure.lisp" (written 20 SEP 2026 01:23:24 PM):

; wrote /home/iskam/.cache/common-lisp/sbcl-2.6.8.3-db35d4561-linux-x64/home/iskam/src/vibe/Clamsara/test/quality/structure-tmpEHTOKYT0.fasl
; compilation finished in 0:00:00.012
; compiling file "/tmp/clamsara-structure-3998936675-239277929511035745/native-clean.lisp" (written 21 SEP 2026 04:44:35 AM):

; wrote /tmp/clamsara-structure-3998936675-239277929511035745/native-clean.fasl
; compilation finished in 0:00:00.004
Structure fixture tests passed (30 checks).
(:STATUS :OK :ROOT "/home/iskam/src/vibe/Clamsara/" :FILES
 ("/home/iskam/src/vibe/Clamsara/src/client/atomics.lisp"
  "/home/iskam/src/vibe/Clamsara/src/client/coordinator.lisp"
  "/home/iskam/src/vibe/Clamsara/src/client/diagnostics.lisp"
  "/home/iskam/src/vibe/Clamsara/src/client/finalizers.lisp"
  "/home/iskam/src/vibe/Clamsara/src/client/mapping.lisp"
  "/home/iskam/src/vibe/Clamsara/src/client/metadata.lisp"
  "/home/iskam/src/vibe/Clamsara/src/client/object-model.lisp"
  "/home/iskam/src/vibe/Clamsara/src/client/roots.lisp"
  "/home/iskam/src/vibe/Clamsara/src/construction/build.lisp"
  "/home/iskam/src/vibe/Clamsara/src/construction/graph.lisp"
  "/home/iskam/src/vibe/Clamsara/src/construction/layout.lisp"
  "/home/iskam/src/vibe/Clamsara/src/construction/protocol.lisp"
  "/home/iskam/src/vibe/Clamsara/src/construction/records.lisp"
  "/home/iskam/src/vibe/Clamsara/src/construction/validation.lisp"
  "/home/iskam/src/vibe/Clamsara/src/host/address-space.lisp"
  "/home/iskam/src/vibe/Clamsara/src/host/atomics.lisp"
  "/home/iskam/src/vibe/Clamsara/src/host/auxiliary.lisp"
  "/home/iskam/src/vibe/Clamsara/src/host/coordinator.lisp"
  "/home/iskam/src/vibe/Clamsara/src/host/object-model.lisp"
  "/home/iskam/src/vibe/Clamsara/src/host/resources.lisp"
  "/home/iskam/src/vibe/Clamsara/src/host/roots.lisp"
  "/home/iskam/src/vibe/Clamsara/src/metadata/metadata.lisp"
  "/home/iskam/src/vibe/Clamsara/src/package.lisp"
  "/home/iskam/src/vibe/Clamsara/src/runtime/allocation.lisp"
  "/home/iskam/src/vibe/Clamsara/src/runtime/barrier.lisp"
  "/home/iskam/src/vibe/Clamsara/src/runtime/cycle.lisp"
  "/home/iskam/src/vibe/Clamsara/src/runtime/finalizers.lisp"
  "/home/iskam/src/vibe/Clamsara/src/runtime/protocol.lisp"
  "/home/iskam/src/vibe/Clamsara/src/runtime/records.lisp"
  "/home/iskam/src/vibe/Clamsara/src/runtime/spaces.lisp"
  "/home/iskam/src/vibe/Clamsara/src/runtime/trace.lisp")
 :DEFINITION-COUNT 963 :NATIVE-READER T :NATIVE-INTROSPECTION T
 :NATIVE-COMPILATION-PREREQUISITE
 "Load :CLAMSARA through ASDF before INSPECT-LOADED." :ISSUES NIL)
; 
; compilation unit finished
;   printed 5 notes
; compiling file "/home/iskam/src/vibe/Clamsara/test/tools/debug.lisp" (written 20 SEP 2026 10:53:52 AM):

; wrote /home/iskam/.cache/common-lisp/sbcl-2.6.8.3-db35d4561-linux-x64/home/iskam/src/vibe/Clamsara/test/tools/debug-tmpDMIL0RVK.fasl
; compilation finished in 0:00:00.005
; compiling file "/tmp/clamsara-debug-G5769.lisp" (written 21 SEP 2026 04:44:35 AM):

; wrote /tmp/clamsara-debug-test.fasl
; compilation finished in 0:00:00.000
; compiling file "/tmp/clamsara-debug-G5772.lisp" (written 21 SEP 2026 04:44:35 AM):

; file: /tmp/clamsara-debug-G5772.lisp
; in: DEFUN BAD-IF
;     (IF T
;         1
;         2
;         3)
; 
; caught ERROR:
;   Error while parsing arguments to special operator IF:
;     too many elements in
;       (T 1 2 3)
;     to satisfy lambda list
;       (TEST THEN &OPTIONAL ELSE):
;     between 2 and 3 expected, but got 4


; wrote /tmp/clamsara-debug-test.fasl
; compilation finished in 0:00:00.001
DEBUG-TOOLS: 14 checks passed
; 
; compilation unit finished
;   caught 1 ERROR condition
WARNING: redefining INVISTRA:CONTROL-STRING in DEFGENERIC
WARNING: redefining INVISTRA::DIRECTIVE-CHARACTER in DEFGENERIC
; compiling file "/home/iskam/src/vibe/Clamsara/src/workload/protocol.lisp" (written 20 SEP 2026 11:22:13 AM):

; wrote /home/iskam/.cache/common-lisp/sbcl-2.6.8.3-db35d4561-linux-x64/home/iskam/src/vibe/Clamsara/src/workload/protocol-tmp8MR9IMIO.fasl
; compilation finished in 0:00:00.041
; compiling file "/home/iskam/src/vibe/Clamsara/src/workload/roots.lisp" (written 20 SEP 2026 02:11:38 PM):

; wrote /home/iskam/.cache/common-lisp/sbcl-2.6.8.3-db35d4561-linux-x64/home/iskam/src/vibe/Clamsara/src/workload/roots-tmpJQDKAVAY.fasl
; compilation finished in 0:00:00.047
; compiling file "/home/iskam/src/vibe/Clamsara/src/workload/source.lisp" (written 20 SEP 2026 11:28:54 AM):

; wrote /home/iskam/.cache/common-lisp/sbcl-2.6.8.3-db35d4561-linux-x64/home/iskam/src/vibe/Clamsara/src/workload/source-tmp3I8CEEQY.fasl
; compilation finished in 0:00:00.001
; compiling file "/home/iskam/src/vibe/Clamsara/src/workload/maclina.lisp" (written 20 SEP 2026 02:54:08 PM):

; wrote /home/iskam/.cache/common-lisp/sbcl-2.6.8.3-db35d4561-linux-x64/home/iskam/src/vibe/Clamsara/src/workload/maclina-tmpA3RHFLWZ.fasl
; compilation finished in 0:00:00.118
; compiling file "/home/iskam/src/vibe/Clamsara/src/workload/control.lisp" (written 20 SEP 2026 01:17:39 PM):

; wrote /home/iskam/.cache/common-lisp/sbcl-2.6.8.3-db35d4561-linux-x64/home/iskam/src/vibe/Clamsara/src/workload/control-tmpYZIB7VXO.fasl
; compilation finished in 0:00:00.022
; compiling file "/home/iskam/src/vibe/Clamsara/src/workload/numbers.lisp" (written 20 SEP 2026 03:17:19 PM):

; wrote /home/iskam/.cache/common-lisp/sbcl-2.6.8.3-db35d4561-linux-x64/home/iskam/src/vibe/Clamsara/src/workload/numbers-tmpR8PK79V8.fasl
; compilation finished in 0:00:00.019
; compiling file "/home/iskam/src/vibe/Clamsara/src/workload/setup.lisp" (written 20 SEP 2026 11:17:10 PM):

; file: /home/iskam/src/vibe/Clamsara/src/workload/setup.lisp
; in: DEFUN MAKE-WORKLOAD-RUNTIME
;     (ERROR 'CLAMSARA:WORKLOAD-CAPABILITY-ERROR :OPERATION
;            'CLAMSARA::MAKE-WORKLOAD-RUNTIME :REASON :UNSUPPORTED-HOST-LIMB-WIDTH)
; 
; note: deleting unreachable code


; wrote /home/iskam/.cache/common-lisp/sbcl-2.6.8.3-db35d4561-linux-x64/home/iskam/src/vibe/Clamsara/src/workload/setup-tmpN1ZVB1HZ.fasl
; compilation finished in 0:00:00.032
; compiling file "/home/iskam/src/vibe/Clamsara/src/workload/gabriel.lisp" (written 20 SEP 2026 10:29:28 AM):

; wrote /home/iskam/.cache/common-lisp/sbcl-2.6.8.3-db35d4561-linux-x64/home/iskam/src/vibe/Clamsara/src/workload/gabriel-tmpZGRRPISB.fasl
; compilation finished in 0:00:00.010
; compiling file "/home/iskam/src/vibe/Clamsara/src/workload/gcbench.lisp" (written 20 SEP 2026 10:29:28 AM):

; wrote /home/iskam/.cache/common-lisp/sbcl-2.6.8.3-db35d4561-linux-x64/home/iskam/src/vibe/Clamsara/src/workload/gcbench-tmpFNKDE5XP.fasl
; compilation finished in 0:00:00.007
; compiling file "/home/iskam/src/vibe/Clamsara/test/workload/adapter.lisp" (written 20 SEP 2026 12:37:08 PM):

; wrote /home/iskam/.cache/common-lisp/sbcl-2.6.8.3-db35d4561-linux-x64/home/iskam/src/vibe/Clamsara/test/workload/adapter-tmpRJTU435C.fasl
; compilation finished in 0:00:00.013
; compiling file "/home/iskam/src/vibe/Clamsara/test/workload/values.lisp" (written 20 SEP 2026 01:21:17 PM):

; wrote /home/iskam/.cache/common-lisp/sbcl-2.6.8.3-db35d4561-linux-x64/home/iskam/src/vibe/Clamsara/test/workload/values-tmpI9WG87JK.fasl
; compilation finished in 0:00:00.012
; compiling file "/home/iskam/src/vibe/Clamsara/test/workload/teardown.lisp" (written 20 SEP 2026 01:44:36 PM):

; wrote /home/iskam/.cache/common-lisp/sbcl-2.6.8.3-db35d4561-linux-x64/home/iskam/src/vibe/Clamsara/test/workload/teardown-tmpYDE6I9E6.fasl
; compilation finished in 0:00:00.010
; compiling file "/home/iskam/src/vibe/Clamsara/test/workload/code-roots.lisp" (written 20 SEP 2026 02:08:06 PM):

; wrote /home/iskam/.cache/common-lisp/sbcl-2.6.8.3-db35d4561-linux-x64/home/iskam/src/vibe/Clamsara/test/workload/code-roots-tmp319UV2V8.fasl
; compilation finished in 0:00:00.006
; compiling file "/home/iskam/src/vibe/Clamsara/test/workload/selectors.lisp" (written 20 SEP 2026 02:28:46 PM):

; wrote /home/iskam/.cache/common-lisp/sbcl-2.6.8.3-db35d4561-linux-x64/home/iskam/src/vibe/Clamsara/test/workload/selectors-tmpLYQINFYS.fasl
; compilation finished in 0:00:00.011
; compiling file "/home/iskam/src/vibe/Clamsara/test/workload/numbers.lisp" (written 20 SEP 2026 02:59:02 PM):

; wrote /home/iskam/.cache/common-lisp/sbcl-2.6.8.3-db35d4561-linux-x64/home/iskam/src/vibe/Clamsara/test/workload/numbers-tmpGA31XWNO.fasl
; compilation finished in 0:00:00.013
WORKLOAD-SMOKE payload=managed-cons-pair collection=:complete objects-moved=2
; elapsed 0.0000 seconds
; elapsed 0.0000 seconds
WARNING: Unknown operator POPULATE: treating as global function
WARNING: Unknown operator POPULATE: treating as global function
WARNING: Unknown operator MAKE-TREE: treating as global function
WARNING: Unknown operator MAKE-TREE: treating as global function
WORKLOAD-STRUCTURE-CYCLE nodes=31 moved=16
WORKLOAD-ADAPTER: 36 checks passed
WARNING: Unknown operator POPULATE: treating as global function
WARNING: Unknown operator POPULATE: treating as global function
WARNING: Unknown operator MAKE-TREE: treating as global function
WARNING: Unknown operator MAKE-TREE: treating as global function
VALUE-LIFETIME (:CASE :DISCARDED-RESULT :STATUS :COMPLETE :MOVED 1)
WARNING: Unknown operator POPULATE: treating as global function
WARNING: Unknown operator POPULATE: treating as global function
WARNING: Unknown operator MAKE-TREE: treating as global function
WARNING: Unknown operator MAKE-TREE: treating as global function
VALUE-LIFETIME (:CASE :MULTIPLE-VALUE-PROG1 :STATUS :COMPLETE :MOVED 2)
WARNING: Unknown operator POPULATE: treating as global function
WARNING: Unknown operator POPULATE: treating as global function
WARNING: Unknown operator MAKE-TREE: treating as global function
WARNING: Unknown operator MAKE-TREE: treating as global function
VALUE-LIFETIME (:CASE :UNWIND-PROTECT-VALUES :STATUS :COMPLETE :MOVED 2)
WARNING: Unknown operator POPULATE: treating as global function
WARNING: Unknown operator POPULATE: treating as global function
WARNING: Unknown operator MAKE-TREE: treating as global function
WARNING: Unknown operator MAKE-TREE: treating as global function
VALUE-LIFETIME (:CASE :THROW-VALUES :STATUS :COMPLETE :MOVED 2)
WARNING: Unknown operator POPULATE: treating as global function
WARNING: Unknown operator POPULATE: treating as global function
WARNING: Unknown operator MAKE-TREE: treating as global function
WARNING: Unknown operator MAKE-TREE: treating as global function
VALUE-LIFETIME (:CASE :RETURN-FROM-VALUES :STATUS :COMPLETE :MOVED 2)
WARNING: Unknown operator POPULATE: treating as global function
WARNING: Unknown operator POPULATE: treating as global function
WARNING: Unknown operator MAKE-TREE: treating as global function
WARNING: Unknown operator MAKE-TREE: treating as global function
VALUE-LIFETIME (:CASE :NESTED-PROTECTED-VALUES :STATUS :COMPLETE :MOVED 2)
WARNING: Unknown operator POPULATE: treating as global function
WARNING: Unknown operator POPULATE: treating as global function
WARNING: Unknown operator MAKE-TREE: treating as global function
WARNING: Unknown operator MAKE-TREE: treating as global function
VALUE-LIFETIME (:CASE :ERROR-FRAME-RECOVERY :STATUS :COMPLETE :MOVED 2)
WARNING: Unknown operator POPULATE: treating as global function
WARNING: Unknown operator POPULATE: treating as global function
WARNING: Unknown operator MAKE-TREE: treating as global function
WARNING: Unknown operator MAKE-TREE: treating as global function
VALUE-LIFETIME (:CASE :FRAME-CAPACITY-RECOVERY :STATUS :COMPLETE :MOVED 2)
WARNING: Unknown operator POPULATE: treating as global function
WARNING: Unknown operator POPULATE: treating as global function
WARNING: Unknown operator MAKE-TREE: treating as global function
WARNING: Unknown operator MAKE-TREE: treating as global function
VALUE-LIFETIME (:CASE :ACTIVE-CLOSURE-CELL :STATUS :COMPLETE :MOVED 1)
WORKLOAD-TEARDOWN CLAMSARA.WORKLOAD.TEARDOWN.TEST::TEST-DISCARDED-PAYLOAD :COMPLETE
WORKLOAD-TEARDOWN CLAMSARA.WORKLOAD.TEARDOWN.TEST::TEST-LIVE-RESULT :COMPLETE
WORKLOAD-TEARDOWN CLAMSARA.WORKLOAD.TEARDOWN.TEST::TEST-TEMPORARY-ROOT :COMPLETE
WORKLOAD-TEARDOWN CLAMSARA.WORKLOAD.TEARDOWN.TEST::TEST-GLOBAL-ROOT :COMPLETE
WORKLOAD-TEARDOWN CLAMSARA.WORKLOAD.TEARDOWN.TEST::TEST-ACTIVE-EXECUTION :COMPLETE
WORKLOAD-CODE-ROOTS :ACTIVE-LITERAL :COMPLETE
WORKLOAD-CODE-ROOTS :LITERAL :COMPLETE
WORKLOAD-CODE-ROOTS :CLOSURE :COMPLETE
WORKLOAD-CODE-ROOTS :MACRO :COMPLETE
WORKLOAD-SELECTORS: 95 checks passed
WORKLOAD-NUMBERS quotient/remainder moved=3 bytes=2544
WORKLOAD-NUMBERS: 62 checks passed
; 
; compilation unit finished
;   printed 1 note
; compiling file "/home/iskam/src/vibe/Clamsara/src/runtime/generational.lisp" (written 20 SEP 2026 04:57:35 PM):

; wrote /home/iskam/.cache/common-lisp/sbcl-2.6.8.3-db35d4561-linux-x64/home/iskam/src/vibe/Clamsara/src/runtime/generational-tmp5HT23M6C.fasl
; compilation finished in 0:00:00.064
; compiling file "/home/iskam/src/vibe/Clamsara/test/runtime/generational.lisp" (written 20 SEP 2026 11:17:10 PM):

; wrote /home/iskam/.cache/common-lisp/sbcl-2.6.8.3-db35d4561-linux-x64/home/iskam/src/vibe/Clamsara/test/runtime/generational-tmpA60KLDKY.fasl
; compilation finished in 0:00:00.017
V14-GENERATIONAL-LIFECYCLE-OK
; compiling file "/home/iskam/src/vibe/Clamsara/test/quality/generational.lisp" (written 20 SEP 2026 11:17:10 PM):

; wrote /home/iskam/.cache/common-lisp/sbcl-2.6.8.3-db35d4561-linux-x64/home/iskam/src/vibe/Clamsara/test/quality/generational-tmpD801X3GJ.fasl
; compilation finished in 0:00:00.055
; compiling file "/home/iskam/src/vibe/Clamsara/test/quality/generational-history.lisp" (written 20 SEP 2026 04:52:41 PM):

; wrote /home/iskam/.cache/common-lisp/sbcl-2.6.8.3-db35d4561-linux-x64/home/iskam/src/vibe/Clamsara/test/quality/generational-history-tmpGOW1GC70.fasl
; compilation finished in 0:00:00.010
; compiling file "/home/iskam/src/vibe/Clamsara/test/quality/reference-variants-generational.lisp" (written 20 SEP 2026 11:39:01 PM):

; wrote /home/iskam/.cache/common-lisp/sbcl-2.6.8.3-db35d4561-linux-x64/home/iskam/src/vibe/Clamsara/test/quality/reference-variants-generational-tmpPQ1X28TL.fasl
; compilation finished in 0:00:00.027
GENERATIONAL-CONDITIONAL :PACKED weak=16 ephemeron=32
GENERATIONAL-CONDITIONAL :SCALAR weak=16 ephemeron=32
QUALITY-GENERATIONAL-PASS
GEN-HISTORY-PASS starts=:PACKED seed=731 minors=54 majors=18
GEN-HISTORY-PASS starts=:PACKED seed=15799 minors=54 majors=18
GEN-HISTORY-PASS starts=:SCALAR seed=731 minors=54 majors=18
GEN-HISTORY-PASS starts=:SCALAR seed=15799 minors=54 majors=18
GENERATIONAL-HISTORIES-PASS cycles=288 minors=216 majors=72
ROW :BEGIN ((:GENERATION-PROMOTION :PACKED 536870913))
ROW :PROMOTION (:SCOPE :MINOR :STATUS :COMPLETE :REASON :COMPLETE :MOVED 2
                :DISCOVERED 2)
ROW :PROMOTION (:SCOPE :MINOR :STATUS :COMPLETE :REASON :COMPLETE :MOVED 0
                :DISCOVERED 0)
ROW :PROMOTION (:SCOPE :ALL :STATUS :COMPLETE :REASON :COMPLETE :MOVED 0
                :DISCOVERED 2)
ROW :PASS ((:GENERATION-PROMOTION :PACKED 536870913))
ROW :BEGIN ((:GENERATION-PROMOTION :PACKED 268435464))
ROW :PROMOTION (:SCOPE :MINOR :STATUS :COMPLETE :REASON :COMPLETE :MOVED 2
                :DISCOVERED 2)
ROW :PROMOTION (:SCOPE :MINOR :STATUS :COMPLETE :REASON :COMPLETE :MOVED 0
                :DISCOVERED 0)
ROW :PROMOTION (:SCOPE :ALL :STATUS :COMPLETE :REASON :COMPLETE :MOVED 0
                :DISCOVERED 2)
ROW :PASS ((:GENERATION-PROMOTION :PACKED 268435464))
ROW :BEGIN ((:GENERATION-PROMOTION :SCALAR 536870913))
ROW :PROMOTION (:SCOPE :MINOR :STATUS :COMPLETE :REASON :COMPLETE :MOVED 2
                :DISCOVERED 2)
ROW :PROMOTION (:SCOPE :MINOR :STATUS :COMPLETE :REASON :COMPLETE :MOVED 0
                :DISCOVERED 0)
ROW :PROMOTION (:SCOPE :ALL :STATUS :COMPLETE :REASON :COMPLETE :MOVED 0
                :DISCOVERED 2)
ROW :PASS ((:GENERATION-PROMOTION :SCALAR 536870913))
ROW :BEGIN ((:GENERATION-PROMOTION :SCALAR 268435464))
ROW :PROMOTION (:SCOPE :MINOR :STATUS :COMPLETE :REASON :COMPLETE :MOVED 2
                :DISCOVERED 2)
ROW :PROMOTION (:SCOPE :MINOR :STATUS :COMPLETE :REASON :COMPLETE :MOVED 0
                :DISCOVERED 0)
ROW :PROMOTION (:SCOPE :ALL :STATUS :COMPLETE :REASON :COMPLETE :MOVED 0
                :DISCOVERED 2)
ROW :PASS ((:GENERATION-PROMOTION :SCALAR 268435464))
ROW :GENERATIONAL-FINISHED (:PASSED 4 :FAILED 0)
GENERATIONAL-CHECKPOINT-COMPONENTS-PASS
INDEPENDENT-PASS (:RETRY :MATCH :RESERVE 0 :SINGLE-PATH)
INDEPENDENT-PASS (:RETRY :MATCH :RESERVE 1 :SINGLE-PATH)
INDEPENDENT-PASS (:RETRY :MATCH :RESERVE 2 :SINGLE-PATH)
INDEPENDENT-PASS (:RETRY :MATCH :ADMIT 0 :SINGLE-PATH)
INDEPENDENT-PASS (:RETRY :MATCH :ADMIT 1 :SINGLE-PATH)
INDEPENDENT-PASS (:RETRY :MATCH :ADMIT 2 :SINGLE-PATH)
INDEPENDENT-PASS (:RETRY :MATCH :TRANSFORM 0 :SINGLE-PATH)
INDEPENDENT-PASS (:RETRY :MATCH :TRANSFORM 1 :SINGLE-PATH)
INDEPENDENT-PASS (:RETRY :MATCH :TRANSFORM 2 :SINGLE-PATH)
INDEPENDENT-PASS (:RETRY :MISMATCH :RESERVE 0 :SINGLE-PATH)
INDEPENDENT-PASS (:RETRY :MISMATCH :RESERVE 1 :SINGLE-PATH)
INDEPENDENT-PASS (:RETRY :MISMATCH :RESERVE 2 :SINGLE-PATH)
INDEPENDENT-PASS (:RETRY :MISMATCH :ADMIT 0 :SINGLE-PATH)
INDEPENDENT-PASS (:RETRY :MISMATCH :ADMIT 1 :SINGLE-PATH)
INDEPENDENT-PASS (:RETRY :MISMATCH :ADMIT 2 :SINGLE-PATH)
INDEPENDENT-PASS (:RETRY :MISMATCH :TRANSFORM 0 :SINGLE-PATH)
INDEPENDENT-PASS (:RETRY :MISMATCH :TRANSFORM 1 :SINGLE-PATH)
INDEPENDENT-PASS (:RETRY :MISMATCH :TRANSFORM 2 :SINGLE-PATH)
INDEPENDENT-PASS (:RETRY :READ :RESERVE 0 :SINGLE-PATH)
INDEPENDENT-PASS (:RETRY :READ :RESERVE 1 :SINGLE-PATH)
INDEPENDENT-PASS (:RETRY :READ :RESERVE 2 :SINGLE-PATH)
INDEPENDENT-PASS (:RETRY :READ :ADMIT 0 :SINGLE-PATH)
INDEPENDENT-PASS (:RETRY :READ :ADMIT 1 :SINGLE-PATH)
INDEPENDENT-PASS (:RETRY :READ :ADMIT 2 :SINGLE-PATH)
INDEPENDENT-PASS (:RETRY :READ :TRANSFORM 0 :SINGLE-PATH)
INDEPENDENT-PASS (:RETRY :READ :TRANSFORM 1 :SINGLE-PATH)
INDEPENDENT-PASS (:RETRY :READ :TRANSFORM 2 :SINGLE-PATH)
INDEPENDENT-PASS (:RETRY :STORE :RESERVE 0 :SINGLE-PATH)
INDEPENDENT-PASS (:RETRY :STORE :RESERVE 1 :SINGLE-PATH)
INDEPENDENT-PASS (:RETRY :STORE :RESERVE 2 :SINGLE-PATH)
INDEPENDENT-PASS (:RETRY :STORE :ADMIT 0 :SINGLE-PATH)
INDEPENDENT-PASS (:RETRY :STORE :ADMIT 1 :SINGLE-PATH)
INDEPENDENT-PASS (:RETRY :STORE :ADMIT 2 :SINGLE-PATH)
INDEPENDENT-PASS (:RETRY :STORE :TRANSFORM 0 :SINGLE-PATH)
INDEPENDENT-PASS (:RETRY :STORE :TRANSFORM 1 :SINGLE-PATH)
INDEPENDENT-PASS (:RETRY :STORE :TRANSFORM 2 :SINGLE-PATH)
INDEPENDENT-PASS (:RETRY :ROOT-STORE :RESERVE 0 :SINGLE-PATH)
INDEPENDENT-PASS (:RETRY :ROOT-STORE :RESERVE 1 :SINGLE-PATH)
INDEPENDENT-PASS (:RETRY :ROOT-STORE :RESERVE 2 :SINGLE-PATH)
INDEPENDENT-PASS (:RETRY :ROOT-STORE :ADMIT 0 :SINGLE-PATH)
INDEPENDENT-PASS (:RETRY :ROOT-STORE :ADMIT 1 :SINGLE-PATH)
INDEPENDENT-PASS (:RETRY :ROOT-STORE :ADMIT 2 :SINGLE-PATH)
INDEPENDENT-PASS (:RETRY :ROOT-STORE :TRANSFORM 0 :SINGLE-PATH)
INDEPENDENT-PASS (:RETRY :ROOT-STORE :TRANSFORM 1 :SINGLE-PATH)
INDEPENDENT-PASS (:RETRY :ROOT-STORE :TRANSFORM 2 :SINGLE-PATH)
INDEPENDENT-PASS (:RETRY :MATCH :RESERVE 0 :UNION)
INDEPENDENT-PASS (:RETRY :MATCH :RESERVE 1 :UNION)
INDEPENDENT-PASS (:RETRY :MATCH :RESERVE 2 :UNION)
INDEPENDENT-PASS (:RETRY :MATCH :RESERVE 3 :UNION)
INDEPENDENT-PASS (:RETRY :MATCH :ADMIT 0 :UNION)
INDEPENDENT-PASS (:RETRY :MATCH :ADMIT 1 :UNION)
INDEPENDENT-PASS (:RETRY :MATCH :ADMIT 2 :UNION)
INDEPENDENT-PASS (:RETRY :MATCH :ADMIT 3 :UNION)
INDEPENDENT-PASS (:RETRY :MATCH :TRANSFORM 0 :UNION)
INDEPENDENT-PASS (:RETRY :MATCH :TRANSFORM 1 :UNION)
INDEPENDENT-PASS (:RETRY :MATCH :TRANSFORM 2 :UNION)
INDEPENDENT-PASS (:RETRY :MATCH :TRANSFORM 3 :UNION)
FATAL-OUTCOME :POST-PUBLICATION-FAILURE
CLOSURE allocation=:BLOCKED bind=:BLOCKED collect=:BLOCKED shutdown=:BLOCKED release-index=0->0
INDEPENDENT-PASS (:FATAL :MATCH :BEFORE :ERROR)
FATAL-OUTCOME :POST-PUBLICATION-FAILURE
CLOSURE allocation=:BLOCKED bind=:BLOCKED collect=:BLOCKED shutdown=:BLOCKED release-index=0->0
INDEPENDENT-PASS (:FATAL :MATCH :BEFORE :THROW)
FATAL-OUTCOME :POST-PUBLICATION-FAILURE
CLOSURE allocation=:BLOCKED bind=:BLOCKED collect=:BLOCKED shutdown=:BLOCKED release-index=0->0
INDEPENDENT-PASS (:FATAL :MATCH :AFTER :ERROR)
FATAL-OUTCOME :POST-PUBLICATION-FAILURE
CLOSURE allocation=:BLOCKED bind=:BLOCKED collect=:BLOCKED shutdown=:BLOCKED release-index=0->0
INDEPENDENT-PASS (:FATAL :MATCH :AFTER :THROW)
FATAL-OUTCOME :POST-PUBLICATION-FAILURE
CLOSURE allocation=:BLOCKED bind=:BLOCKED collect=:BLOCKED shutdown=:BLOCKED release-index=0->0
INDEPENDENT-PASS (:FATAL :MISMATCH :BEFORE :ERROR)
FATAL-OUTCOME :POST-PUBLICATION-FAILURE
CLOSURE allocation=:BLOCKED bind=:BLOCKED collect=:BLOCKED shutdown=:BLOCKED release-index=0->0
INDEPENDENT-PASS (:FATAL :MISMATCH :BEFORE :THROW)
FATAL-OUTCOME :POST-PUBLICATION-FAILURE
CLOSURE allocation=:BLOCKED bind=:BLOCKED collect=:BLOCKED shutdown=:BLOCKED release-index=0->0
INDEPENDENT-PASS (:FATAL :MISMATCH :AFTER :ERROR)
FATAL-OUTCOME :POST-PUBLICATION-FAILURE
CLOSURE allocation=:BLOCKED bind=:BLOCKED collect=:BLOCKED shutdown=:BLOCKED release-index=0->0
INDEPENDENT-PASS (:FATAL :MISMATCH :AFTER :THROW)
FATAL-OUTCOME :POST-PUBLICATION-FAILURE
CLOSURE allocation=:BLOCKED bind=:BLOCKED collect=:BLOCKED shutdown=:BLOCKED release-index=0->0
INDEPENDENT-PASS (:FATAL :READ :BEFORE :ERROR)
FATAL-OUTCOME :POST-PUBLICATION-FAILURE
CLOSURE allocation=:BLOCKED bind=:BLOCKED collect=:BLOCKED shutdown=:BLOCKED release-index=0->0
INDEPENDENT-PASS (:FATAL :READ :BEFORE :THROW)
FATAL-OUTCOME :POST-PUBLICATION-FAILURE
CLOSURE allocation=:BLOCKED bind=:BLOCKED collect=:BLOCKED shutdown=:BLOCKED release-index=0->0
INDEPENDENT-PASS (:FATAL :READ :AFTER :ERROR)
FATAL-OUTCOME :POST-PUBLICATION-FAILURE
CLOSURE allocation=:BLOCKED bind=:BLOCKED collect=:BLOCKED shutdown=:BLOCKED release-index=0->0
INDEPENDENT-PASS (:FATAL :READ :AFTER :THROW)
FATAL-OUTCOME :POST-PUBLICATION-FAILURE
CLOSURE allocation=:BLOCKED bind=:BLOCKED collect=:BLOCKED shutdown=:BLOCKED release-index=0->0
INDEPENDENT-PASS (:FATAL :STORE :BEFORE :ERROR)
FATAL-OUTCOME :POST-PUBLICATION-FAILURE
CLOSURE allocation=:BLOCKED bind=:BLOCKED collect=:BLOCKED shutdown=:BLOCKED release-index=0->0
INDEPENDENT-PASS (:FATAL :STORE :BEFORE :THROW)
FATAL-OUTCOME :POST-PUBLICATION-FAILURE
CLOSURE allocation=:BLOCKED bind=:BLOCKED collect=:BLOCKED shutdown=:BLOCKED release-index=0->0
INDEPENDENT-PASS (:FATAL :STORE :AFTER :ERROR)
FATAL-OUTCOME :POST-PUBLICATION-FAILURE
CLOSURE allocation=:BLOCKED bind=:BLOCKED collect=:BLOCKED shutdown=:BLOCKED release-index=0->0
INDEPENDENT-PASS (:FATAL :STORE :AFTER :THROW)
FATAL-OUTCOME :POST-PUBLICATION-FAILURE
CLOSURE allocation=:BLOCKED bind=:BLOCKED collect=:BLOCKED shutdown=:BLOCKED release-index=0->0
INDEPENDENT-PASS (:FATAL :ROOT-STORE :BEFORE :ERROR)
FATAL-OUTCOME :POST-PUBLICATION-FAILURE
CLOSURE allocation=:BLOCKED bind=:BLOCKED collect=:BLOCKED shutdown=:BLOCKED release-index=0->0
INDEPENDENT-PASS (:FATAL :ROOT-STORE :BEFORE :THROW)
FATAL-OUTCOME :POST-PUBLICATION-FAILURE
CLOSURE allocation=:BLOCKED bind=:BLOCKED collect=:BLOCKED shutdown=:BLOCKED release-index=0->0
INDEPENDENT-PASS (:FATAL :ROOT-STORE :AFTER :ERROR)
FATAL-OUTCOME :POST-PUBLICATION-FAILURE
CLOSURE allocation=:BLOCKED bind=:BLOCKED collect=:BLOCKED shutdown=:BLOCKED release-index=0->0
INDEPENDENT-PASS (:FATAL :ROOT-STORE :AFTER :THROW)
INDEPENDENT-PASS (:SAME-CONTEXT :RESERVE)
INDEPENDENT-PASS (:SAME-CONTEXT :ADMIT)
INDEPENDENT-PASS (:SAME-CONTEXT :TRANSFORM)
INDEPENDENT-PASS (:SECOND-CONTEXT-BUSY :ADMIT)
INDEPENDENT-PASS (:ACTIVE-CONTROL :UNBIND :RESERVE)
INDEPENDENT-PASS (:ACTIVE-CONTROL :COLLECT :RESERVE)
INDEPENDENT-PASS (:ACTIVE-CONTROL :UNBIND :ADMIT)
INDEPENDENT-PASS (:ACTIVE-CONTROL :COLLECT :ADMIT)
INDEPENDENT-PASS (:ACTIVE-CONTROL :UNBIND :TRANSFORM)
INDEPENDENT-PASS (:ACTIVE-CONTROL :COLLECT :TRANSFORM)
INDEPENDENT-PASS :MISMATCH-DISJOINT-TERMINAL-ONCE
INDEPENDENT-PASS :MATCH-DISJOINT-POSITIVE-CONTROL
INDEPENDENT-PASS :DISJOINT-READ-FIRST-POSITIVE-CONTROL
UNKNOWN-RESERVE-OUTCOME :FATAL-INVARIANT
CLOSURE allocation=:BLOCKED bind=:BLOCKED collect=:BLOCKED shutdown=:BLOCKED release-index=0->0
INDEPENDENT-PASS (:UNKNOWN-UNRETURNED-RESERVATION :ERROR)
UNKNOWN-RESERVE-OUTCOME :FATAL-INVARIANT
CLOSURE allocation=:BLOCKED bind=:BLOCKED collect=:BLOCKED shutdown=:BLOCKED release-index=0->0
INDEPENDENT-PASS (:UNKNOWN-UNRETURNED-RESERVATION :THROW)
FATAL-UNBIND-SHUTDOWN outcome=:POST-PUBLICATION-FAILURE unbind=:RETRY shutdown=:BLOCKED release-index=0->0
INDEPENDENT-PASS :FATAL-SHUTDOWN-AFTER-PUBLIC-UNBIND
DUAL-REJECTION-REASON :BARRIER-COMPOSITION-SIGNALED
INDEPENDENT-PASS :DUAL-PREPUBLICATION-REJECTION
INDEPENDENT-SUMMARY cases=94 failures=0 failed-worlds=0 expected-fatal-worlds=23
WARNING:
   redefining LOAD-REFERENCE :AROUND (#<STANDARD-CLASS CLAMSARA::HOST-BOUND-OBJECT-MODEL>
                                      #<SB-PCL:SYSTEM-CLASS COMMON-LISP:T>) in DEFMETHOD
WARNING:
   redefining STORE-REFERENCE-RAW :AROUND (#<STANDARD-CLASS CLAMSARA::HOST-BOUND-OBJECT-MODEL>
                                           #<SB-PCL:SYSTEM-CLASS COMMON-LISP:T>
                                           #<SB-PCL:SYSTEM-CLASS COMMON-LISP:T>) in DEFMETHOD
WARNING: redefining CLAMSARA.CAS-INDEPENDENT::MAKE-REVIEW-WORLD in DEFUN
CLOSURE allocation=:BLOCKED bind=:BLOCKED collect=:BLOCKED shutdown=:BLOCKED release-index=0->0
INDEPENDENT-PASS (:ILLEGAL-PHASE :RESERVE :INVALID)
CLOSURE allocation=:BLOCKED bind=:BLOCKED collect=:BLOCKED shutdown=:BLOCKED release-index=0->0
INDEPENDENT-PASS (:ILLEGAL-PHASE :RESERVE :ERROR)
CLOSURE allocation=:BLOCKED bind=:BLOCKED collect=:BLOCKED shutdown=:BLOCKED release-index=0->0
INDEPENDENT-PASS (:ILLEGAL-PHASE :RESERVE :THROW)
CLOSURE allocation=:BLOCKED bind=:BLOCKED collect=:BLOCKED shutdown=:BLOCKED release-index=0->0
INDEPENDENT-PASS (:ILLEGAL-PHASE :ADMIT :INVALID)
CLOSURE allocation=:BLOCKED bind=:BLOCKED collect=:BLOCKED shutdown=:BLOCKED release-index=0->0
INDEPENDENT-PASS (:ILLEGAL-PHASE :ADMIT :ERROR)
CLOSURE allocation=:BLOCKED bind=:BLOCKED collect=:BLOCKED shutdown=:BLOCKED release-index=0->0
INDEPENDENT-PASS (:ILLEGAL-PHASE :ADMIT :THROW)
CLOSURE allocation=:BLOCKED bind=:BLOCKED collect=:BLOCKED shutdown=:BLOCKED release-index=0->0
INDEPENDENT-PASS (:ILLEGAL-PHASE :TRANSFORM :INVALID)
CLOSURE allocation=:BLOCKED bind=:BLOCKED collect=:BLOCKED shutdown=:BLOCKED release-index=0->0
INDEPENDENT-PASS (:ILLEGAL-PHASE :TRANSFORM :ERROR)
CLOSURE allocation=:BLOCKED bind=:BLOCKED collect=:BLOCKED shutdown=:BLOCKED release-index=0->0
INDEPENDENT-PASS (:ILLEGAL-PHASE :TRANSFORM :THROW)
CLOSURE allocation=:BLOCKED bind=:BLOCKED collect=:BLOCKED shutdown=:BLOCKED release-index=0->0
INDEPENDENT-PASS (:CANCEL-FAULT :ERROR 2)
CLOSURE allocation=:BLOCKED bind=:BLOCKED collect=:BLOCKED shutdown=:BLOCKED release-index=0->0
INDEPENDENT-PASS (:CANCEL-FAULT :ERROR 1)
CLOSURE allocation=:BLOCKED bind=:BLOCKED collect=:BLOCKED shutdown=:BLOCKED release-index=0->0
INDEPENDENT-PASS (:CANCEL-FAULT :THROW 2)
CLOSURE allocation=:BLOCKED bind=:BLOCKED collect=:BLOCKED shutdown=:BLOCKED release-index=0->0
INDEPENDENT-PASS (:CANCEL-FAULT :THROW 1)
CLOSURE allocation=:BLOCKED bind=:BLOCKED collect=:BLOCKED shutdown=:BLOCKED release-index=0->0
INDEPENDENT-PASS (:CAUGHT-OTHER-CONTEXT-FATAL :RESERVE)
CLOSURE allocation=:BLOCKED bind=:BLOCKED collect=:BLOCKED shutdown=:BLOCKED release-index=0->0
INDEPENDENT-PASS (:CAUGHT-OTHER-CONTEXT-FATAL :ADMIT)
CLOSURE allocation=:BLOCKED bind=:BLOCKED collect=:BLOCKED shutdown=:BLOCKED release-index=0->0
INDEPENDENT-PASS (:CAUGHT-OTHER-CONTEXT-FATAL :TRANSFORM)
CLOSURE allocation=:BLOCKED bind=:BLOCKED collect=:BLOCKED shutdown=:BLOCKED release-index=0->0
INDEPENDENT-PASS (:CAUGHT-OTHER-CONTEXT-FATAL :BEFORE)
CLOSURE allocation=:BLOCKED bind=:BLOCKED collect=:BLOCKED shutdown=:BLOCKED release-index=0->0
INDEPENDENT-PASS (:CAUGHT-OTHER-CONTEXT-FATAL :AFTER)
CLOSURE allocation=:BLOCKED bind=:BLOCKED collect=:BLOCKED shutdown=:BLOCKED release-index=0->0
INDEPENDENT-PASS (:CAUGHT-OTHER-CONTEXT-FATAL :CANCEL)
CLOSURE allocation=:BLOCKED bind=:BLOCKED collect=:BLOCKED shutdown=:BLOCKED release-index=0->0
INDEPENDENT-PASS (:CAUGHT-OTHER-CONTEXT-FATAL :RAW-LOAD)
CLOSURE allocation=:BLOCKED bind=:BLOCKED collect=:BLOCKED shutdown=:BLOCKED release-index=0->0
INDEPENDENT-PASS (:CAUGHT-OTHER-CONTEXT-FATAL :COMPARISON)
CLOSURE allocation=:BLOCKED bind=:BLOCKED collect=:BLOCKED shutdown=:BLOCKED release-index=0->0
INDEPENDENT-PASS (:CAUGHT-OTHER-CONTEXT-FATAL :RAW-STORE)
INDEPENDENT-PASS (:ORDINARY-PIN :SEMISPACE :RESERVE :RAW)
INDEPENDENT-PASS (:ORDINARY-PIN :SEMISPACE :RESERVE :REFILL)
INDEPENDENT-PASS (:ORDINARY-PIN :SEMISPACE :ADMIT :RAW)
INDEPENDENT-PASS (:ORDINARY-PIN :SEMISPACE :ADMIT :REFILL)
INDEPENDENT-PASS (:ORDINARY-PIN :SEMISPACE :TRANSFORM :RAW)
INDEPENDENT-PASS (:ORDINARY-PIN :SEMISPACE :TRANSFORM :REFILL)
INDEPENDENT-PASS (:ORDINARY-PIN :SEMISPACE :BEFORE :RAW)
INDEPENDENT-PASS (:ORDINARY-PIN :SEMISPACE :BEFORE :REFILL)
INDEPENDENT-PASS (:ORDINARY-PIN :SEMISPACE :AFTER :RAW)
INDEPENDENT-PASS (:ORDINARY-PIN :SEMISPACE :AFTER :REFILL)
INDEPENDENT-PASS (:ORDINARY-PIN :MARKSWEEP :RESERVE :RAW)
INDEPENDENT-PASS (:ORDINARY-PIN :MARKSWEEP :RESERVE :REFILL)
INDEPENDENT-PASS (:ORDINARY-PIN :MARKSWEEP :ADMIT :RAW)
INDEPENDENT-PASS (:ORDINARY-PIN :MARKSWEEP :ADMIT :REFILL)
INDEPENDENT-PASS (:ORDINARY-PIN :MARKSWEEP :TRANSFORM :RAW)
INDEPENDENT-PASS (:ORDINARY-PIN :MARKSWEEP :TRANSFORM :REFILL)
INDEPENDENT-PASS (:ORDINARY-PIN :MARKSWEEP :BEFORE :RAW)
INDEPENDENT-PASS (:ORDINARY-PIN :MARKSWEEP :BEFORE :REFILL)
INDEPENDENT-PASS (:ORDINARY-PIN :MARKSWEEP :AFTER :RAW)
INDEPENDENT-PASS (:ORDINARY-PIN :MARKSWEEP :AFTER :REFILL)
INDEPENDENT-PASS (:ORDINARY-PIN :SEMISPACE :RESERVE :REGISTER)
INDEPENDENT-PASS (:ORDINARY-PIN :SEMISPACE :RESERVE :CANCEL-FINALIZER)
INDEPENDENT-PASS (:ORDINARY-PIN :SEMISPACE :RESERVE :DRAIN)
INDEPENDENT-PASS (:ORDINARY-PIN :SEMISPACE :ADMIT :REGISTER)
INDEPENDENT-PASS (:ORDINARY-PIN :SEMISPACE :ADMIT :CANCEL-FINALIZER)
INDEPENDENT-PASS (:ORDINARY-PIN :SEMISPACE :ADMIT :DRAIN)
INDEPENDENT-PASS (:ORDINARY-PIN :SEMISPACE :TRANSFORM :REGISTER)
INDEPENDENT-PASS (:ORDINARY-PIN :SEMISPACE :TRANSFORM :CANCEL-FINALIZER)
INDEPENDENT-PASS (:ORDINARY-PIN :SEMISPACE :TRANSFORM :DRAIN)
INDEPENDENT-PASS (:ORDINARY-PIN :SEMISPACE :BEFORE :REGISTER)
INDEPENDENT-PASS (:ORDINARY-PIN :SEMISPACE :BEFORE :CANCEL-FINALIZER)
INDEPENDENT-PASS (:ORDINARY-PIN :SEMISPACE :BEFORE :DRAIN)
INDEPENDENT-PASS (:ORDINARY-PIN :SEMISPACE :AFTER :REGISTER)
INDEPENDENT-PASS (:ORDINARY-PIN :SEMISPACE :AFTER :CANCEL-FINALIZER)
INDEPENDENT-PASS (:ORDINARY-PIN :SEMISPACE :AFTER :DRAIN)
INDEPENDENT-PASS (:NIL-OPAQUE-TOKEN :READ :MATCH)
INDEPENDENT-PASS (:NIL-OPAQUE-TOKEN :CAS :MISMATCH)
WORKSPACE N=3 plan-measured=272 barrier-measured=96 context-measured=160 tokens-vector-measured=48 owned-vector-measured=48 construction-auxiliary-account=332128
INDEPENDENT-PASS :FIXED-WORKSPACE-ACCOUNT
FATAL-SHUTDOWN-EXACT outcome=:REJECTED reason=:FATAL-INVARIANT unbind=:RETRY config=:PUBLISHED->:PUBLISHED construction=:PUBLISHED->:PUBLISHED release=0->0
INDEPENDENT-PASS :FATAL-SHUTDOWN-REJECT-NOT-RETAINED
INDEPENDENT-PASS :DUAL-EXACT-COMPLAINT
EXTRA-SUMMARY cases=62 failures=0 total-cases=156 total-failures=0 retained-fatal=46
CLAIM-PROOF-PASS :PUBLIC-CLAIMS-UNDERSIZED-REJECT
CLAIM-PROOF-PASS :EXACT-CAPACITY-MATCH-AND-REUSE
CLAIM-PROOF-PASS :EXACT-CAPACITY-MISMATCH-AND-REUSE
CLAIM-PROOF-PASS (:PUBLIC-CLAIM-RETRY :RESERVE 0)
CLAIM-PROOF-PASS (:PUBLIC-CLAIM-RETRY :RESERVE 1)
CLAIM-PROOF-PASS (:PUBLIC-CLAIM-RETRY :RESERVE 2)
CLAIM-PROOF-PASS (:PUBLIC-CLAIM-RETRY :RESERVE 3)
CLAIM-PROOF-PASS (:PUBLIC-CLAIM-RETRY :ADMIT 0)
CLAIM-PROOF-PASS (:PUBLIC-CLAIM-RETRY :ADMIT 1)
CLAIM-PROOF-PASS (:PUBLIC-CLAIM-RETRY :ADMIT 2)
CLAIM-PROOF-PASS (:PUBLIC-CLAIM-RETRY :ADMIT 3)
CLAIM-PROOF-PASS (:PUBLIC-CLAIM-RETRY :TRANSFORM 0)
CLAIM-PROOF-PASS (:PUBLIC-CLAIM-RETRY :TRANSFORM 1)
CLAIM-PROOF-PASS (:PUBLIC-CLAIM-RETRY :TRANSFORM 2)
CLAIM-PROOF-PASS (:PUBLIC-CLAIM-RETRY :TRANSFORM 3)
CLAIM-PROOF-PASS (:MANAGED-NONIDENTITY-TRANSFORM :MATCH-RAW-EXPECTED)
CLAIM-PROOF-PASS (:MANAGED-NONIDENTITY-TRANSFORM
                  :MISMATCH-EXPECTED-IS-READ-RESULT)
CLAIM-PROOF-PASS (:MANAGED-NONIDENTITY-TRANSFORM :READ)
CLAIM-PROOF-PASS (:MANAGED-NONIDENTITY-TRANSFORM :READ-TRANSFORM-RETRY)
CLAIM-PROOF-PASS (:MANAGED-NONIDENTITY-TRANSFORM :WRITE-TRANSFORM-RETRY)
CLAIM-TRANSFORM-SUMMARY cases=20 failures=0 retained-failed-worlds=0
INDEPENDENT-PASS (:RETRY :MATCH :RESERVE 0 :SINGLE-PATH)
INDEPENDENT-PASS (:RETRY :MATCH :RESERVE 1 :SINGLE-PATH)
INDEPENDENT-PASS (:RETRY :MATCH :RESERVE 2 :SINGLE-PATH)
INDEPENDENT-PASS (:RETRY :MATCH :ADMIT 0 :SINGLE-PATH)
INDEPENDENT-PASS (:RETRY :MATCH :ADMIT 1 :SINGLE-PATH)
INDEPENDENT-PASS (:RETRY :MATCH :ADMIT 2 :SINGLE-PATH)
INDEPENDENT-PASS (:RETRY :MATCH :TRANSFORM 0 :SINGLE-PATH)
INDEPENDENT-PASS (:RETRY :MATCH :TRANSFORM 1 :SINGLE-PATH)
INDEPENDENT-PASS (:RETRY :MATCH :TRANSFORM 2 :SINGLE-PATH)
INDEPENDENT-PASS (:RETRY :MISMATCH :RESERVE 0 :SINGLE-PATH)
INDEPENDENT-PASS (:RETRY :MISMATCH :RESERVE 1 :SINGLE-PATH)
INDEPENDENT-PASS (:RETRY :MISMATCH :RESERVE 2 :SINGLE-PATH)
INDEPENDENT-PASS (:RETRY :MISMATCH :ADMIT 0 :SINGLE-PATH)
INDEPENDENT-PASS (:RETRY :MISMATCH :ADMIT 1 :SINGLE-PATH)
INDEPENDENT-PASS (:RETRY :MISMATCH :ADMIT 2 :SINGLE-PATH)
INDEPENDENT-PASS (:RETRY :MISMATCH :TRANSFORM 0 :SINGLE-PATH)
INDEPENDENT-PASS (:RETRY :MISMATCH :TRANSFORM 1 :SINGLE-PATH)
INDEPENDENT-PASS (:RETRY :MISMATCH :TRANSFORM 2 :SINGLE-PATH)
INDEPENDENT-PASS (:RETRY :READ :RESERVE 0 :SINGLE-PATH)
INDEPENDENT-PASS (:RETRY :READ :RESERVE 1 :SINGLE-PATH)
INDEPENDENT-PASS (:RETRY :READ :RESERVE 2 :SINGLE-PATH)
INDEPENDENT-PASS (:RETRY :READ :ADMIT 0 :SINGLE-PATH)
INDEPENDENT-PASS (:RETRY :READ :ADMIT 1 :SINGLE-PATH)
INDEPENDENT-PASS (:RETRY :READ :ADMIT 2 :SINGLE-PATH)
INDEPENDENT-PASS (:RETRY :READ :TRANSFORM 0 :SINGLE-PATH)
INDEPENDENT-PASS (:RETRY :READ :TRANSFORM 1 :SINGLE-PATH)
INDEPENDENT-PASS (:RETRY :READ :TRANSFORM 2 :SINGLE-PATH)
INDEPENDENT-PASS (:RETRY :STORE :RESERVE 0 :SINGLE-PATH)
INDEPENDENT-PASS (:RETRY :STORE :RESERVE 1 :SINGLE-PATH)
INDEPENDENT-PASS (:RETRY :STORE :RESERVE 2 :SINGLE-PATH)
INDEPENDENT-PASS (:RETRY :STORE :ADMIT 0 :SINGLE-PATH)
INDEPENDENT-PASS (:RETRY :STORE :ADMIT 1 :SINGLE-PATH)
INDEPENDENT-PASS (:RETRY :STORE :ADMIT 2 :SINGLE-PATH)
INDEPENDENT-PASS (:RETRY :STORE :TRANSFORM 0 :SINGLE-PATH)
INDEPENDENT-PASS (:RETRY :STORE :TRANSFORM 1 :SINGLE-PATH)
INDEPENDENT-PASS (:RETRY :STORE :TRANSFORM 2 :SINGLE-PATH)
INDEPENDENT-PASS (:RETRY :ROOT-STORE :RESERVE 0 :SINGLE-PATH)
INDEPENDENT-PASS (:RETRY :ROOT-STORE :RESERVE 1 :SINGLE-PATH)
INDEPENDENT-PASS (:RETRY :ROOT-STORE :RESERVE 2 :SINGLE-PATH)
INDEPENDENT-PASS (:RETRY :ROOT-STORE :ADMIT 0 :SINGLE-PATH)
INDEPENDENT-PASS (:RETRY :ROOT-STORE :ADMIT 1 :SINGLE-PATH)
INDEPENDENT-PASS (:RETRY :ROOT-STORE :ADMIT 2 :SINGLE-PATH)
INDEPENDENT-PASS (:RETRY :ROOT-STORE :TRANSFORM 0 :SINGLE-PATH)
INDEPENDENT-PASS (:RETRY :ROOT-STORE :TRANSFORM 1 :SINGLE-PATH)
INDEPENDENT-PASS (:RETRY :ROOT-STORE :TRANSFORM 2 :SINGLE-PATH)
INDEPENDENT-PASS (:RETRY :MATCH :RESERVE 0 :UNION)
INDEPENDENT-PASS (:RETRY :MATCH :RESERVE 1 :UNION)
INDEPENDENT-PASS (:RETRY :MATCH :RESERVE 2 :UNION)
INDEPENDENT-PASS (:RETRY :MATCH :RESERVE 3 :UNION)
INDEPENDENT-PASS (:RETRY :MATCH :ADMIT 0 :UNION)
INDEPENDENT-PASS (:RETRY :MATCH :ADMIT 1 :UNION)
INDEPENDENT-PASS (:RETRY :MATCH :ADMIT 2 :UNION)
INDEPENDENT-PASS (:RETRY :MATCH :ADMIT 3 :UNION)
INDEPENDENT-PASS (:RETRY :MATCH :TRANSFORM 0 :UNION)
INDEPENDENT-PASS (:RETRY :MATCH :TRANSFORM 1 :UNION)
INDEPENDENT-PASS (:RETRY :MATCH :TRANSFORM 2 :UNION)
INDEPENDENT-PASS (:RETRY :MATCH :TRANSFORM 3 :UNION)
FATAL-OUTCOME :POST-PUBLICATION-FAILURE
CLOSURE allocation=:BLOCKED bind=:BLOCKED collect=:BLOCKED shutdown=:BLOCKED release-index=0->0
INDEPENDENT-PASS (:FATAL :MATCH :BEFORE :ERROR)
FATAL-OUTCOME :POST-PUBLICATION-FAILURE
CLOSURE allocation=:BLOCKED bind=:BLOCKED collect=:BLOCKED shutdown=:BLOCKED release-index=0->0
INDEPENDENT-PASS (:FATAL :MATCH :BEFORE :THROW)
FATAL-OUTCOME :POST-PUBLICATION-FAILURE
CLOSURE allocation=:BLOCKED bind=:BLOCKED collect=:BLOCKED shutdown=:BLOCKED release-index=0->0
INDEPENDENT-PASS (:FATAL :MATCH :AFTER :ERROR)
FATAL-OUTCOME :POST-PUBLICATION-FAILURE
CLOSURE allocation=:BLOCKED bind=:BLOCKED collect=:BLOCKED shutdown=:BLOCKED release-index=0->0
INDEPENDENT-PASS (:FATAL :MATCH :AFTER :THROW)
FATAL-OUTCOME :POST-PUBLICATION-FAILURE
CLOSURE allocation=:BLOCKED bind=:BLOCKED collect=:BLOCKED shutdown=:BLOCKED release-index=0->0
INDEPENDENT-PASS (:FATAL :MISMATCH :BEFORE :ERROR)
FATAL-OUTCOME :POST-PUBLICATION-FAILURE
CLOSURE allocation=:BLOCKED bind=:BLOCKED collect=:BLOCKED shutdown=:BLOCKED release-index=0->0
INDEPENDENT-PASS (:FATAL :MISMATCH :BEFORE :THROW)
FATAL-OUTCOME :POST-PUBLICATION-FAILURE
CLOSURE allocation=:BLOCKED bind=:BLOCKED collect=:BLOCKED shutdown=:BLOCKED release-index=0->0
INDEPENDENT-PASS (:FATAL :MISMATCH :AFTER :ERROR)
FATAL-OUTCOME :POST-PUBLICATION-FAILURE
CLOSURE allocation=:BLOCKED bind=:BLOCKED collect=:BLOCKED shutdown=:BLOCKED release-index=0->0
INDEPENDENT-PASS (:FATAL :MISMATCH :AFTER :THROW)
FATAL-OUTCOME :POST-PUBLICATION-FAILURE
CLOSURE allocation=:BLOCKED bind=:BLOCKED collect=:BLOCKED shutdown=:BLOCKED release-index=0->0
INDEPENDENT-PASS (:FATAL :READ :BEFORE :ERROR)
FATAL-OUTCOME :POST-PUBLICATION-FAILURE
CLOSURE allocation=:BLOCKED bind=:BLOCKED collect=:BLOCKED shutdown=:BLOCKED release-index=0->0
INDEPENDENT-PASS (:FATAL :READ :BEFORE :THROW)
FATAL-OUTCOME :POST-PUBLICATION-FAILURE
CLOSURE allocation=:BLOCKED bind=:BLOCKED collect=:BLOCKED shutdown=:BLOCKED release-index=0->0
INDEPENDENT-PASS (:FATAL :READ :AFTER :ERROR)
FATAL-OUTCOME :POST-PUBLICATION-FAILURE
CLOSURE allocation=:BLOCKED bind=:BLOCKED collect=:BLOCKED shutdown=:BLOCKED release-index=0->0
INDEPENDENT-PASS (:FATAL :READ :AFTER :THROW)
FATAL-OUTCOME :POST-PUBLICATION-FAILURE
CLOSURE allocation=:BLOCKED bind=:BLOCKED collect=:BLOCKED shutdown=:BLOCKED release-index=0->0
INDEPENDENT-PASS (:FATAL :STORE :BEFORE :ERROR)
FATAL-OUTCOME :POST-PUBLICATION-FAILURE
CLOSURE allocation=:BLOCKED bind=:BLOCKED collect=:BLOCKED shutdown=:BLOCKED release-index=0->0
INDEPENDENT-PASS (:FATAL :STORE :BEFORE :THROW)
FATAL-OUTCOME :POST-PUBLICATION-FAILURE
CLOSURE allocation=:BLOCKED bind=:BLOCKED collect=:BLOCKED shutdown=:BLOCKED release-index=0->0
INDEPENDENT-PASS (:FATAL :STORE :AFTER :ERROR)
FATAL-OUTCOME :POST-PUBLICATION-FAILURE
CLOSURE allocation=:BLOCKED bind=:BLOCKED collect=:BLOCKED shutdown=:BLOCKED release-index=0->0
INDEPENDENT-PASS (:FATAL :STORE :AFTER :THROW)
FATAL-OUTCOME :POST-PUBLICATION-FAILURE
CLOSURE allocation=:BLOCKED bind=:BLOCKED collect=:BLOCKED shutdown=:BLOCKED release-index=0->0
INDEPENDENT-PASS (:FATAL :ROOT-STORE :BEFORE :ERROR)
FATAL-OUTCOME :POST-PUBLICATION-FAILURE
CLOSURE allocation=:BLOCKED bind=:BLOCKED collect=:BLOCKED shutdown=:BLOCKED release-index=0->0
INDEPENDENT-PASS (:FATAL :ROOT-STORE :BEFORE :THROW)
FATAL-OUTCOME :POST-PUBLICATION-FAILURE
CLOSURE allocation=:BLOCKED bind=:BLOCKED collect=:BLOCKED shutdown=:BLOCKED release-index=0->0
INDEPENDENT-PASS (:FATAL :ROOT-STORE :AFTER :ERROR)
FATAL-OUTCOME :POST-PUBLICATION-FAILURE
CLOSURE allocation=:BLOCKED bind=:BLOCKED collect=:BLOCKED shutdown=:BLOCKED release-index=0->0
INDEPENDENT-PASS (:FATAL :ROOT-STORE :AFTER :THROW)
INDEPENDENT-PASS (:SAME-CONTEXT :RESERVE)
INDEPENDENT-PASS (:SAME-CONTEXT :ADMIT)
INDEPENDENT-PASS (:SAME-CONTEXT :TRANSFORM)
INDEPENDENT-PASS (:SECOND-CONTEXT-BUSY :ADMIT)
INDEPENDENT-PASS (:ACTIVE-CONTROL :UNBIND :RESERVE)
INDEPENDENT-PASS (:ACTIVE-CONTROL :COLLECT :RESERVE)
INDEPENDENT-PASS (:ACTIVE-CONTROL :UNBIND :ADMIT)
INDEPENDENT-PASS (:ACTIVE-CONTROL :COLLECT :ADMIT)
INDEPENDENT-PASS (:ACTIVE-CONTROL :UNBIND :TRANSFORM)
INDEPENDENT-PASS (:ACTIVE-CONTROL :COLLECT :TRANSFORM)
INDEPENDENT-PASS :MISMATCH-DISJOINT-TERMINAL-ONCE
INDEPENDENT-PASS :MATCH-DISJOINT-POSITIVE-CONTROL
INDEPENDENT-PASS :DISJOINT-READ-FIRST-POSITIVE-CONTROL
UNKNOWN-RESERVE-OUTCOME :FATAL-INVARIANT
CLOSURE allocation=:BLOCKED bind=:BLOCKED collect=:BLOCKED shutdown=:BLOCKED release-index=0->0
INDEPENDENT-PASS (:UNKNOWN-UNRETURNED-RESERVATION :ERROR)
UNKNOWN-RESERVE-OUTCOME :FATAL-INVARIANT
CLOSURE allocation=:BLOCKED bind=:BLOCKED collect=:BLOCKED shutdown=:BLOCKED release-index=0->0
INDEPENDENT-PASS (:UNKNOWN-UNRETURNED-RESERVATION :THROW)
FATAL-UNBIND-SHUTDOWN outcome=:POST-PUBLICATION-FAILURE unbind=:RETRY shutdown=:BLOCKED release-index=0->0
INDEPENDENT-PASS :FATAL-SHUTDOWN-AFTER-PUBLIC-UNBIND
DUAL-REJECTION-REASON :BARRIER-COMPOSITION-SIGNALED
INDEPENDENT-PASS :DUAL-PREPUBLICATION-REJECTION
BARRIER-HISTORY-SUMMARY cases=94 failures=0 failed-worlds=0 expected-fatal-worlds=23 retained-total=69
CLOSURE allocation=:BLOCKED bind=:BLOCKED collect=:BLOCKED shutdown=:BLOCKED release-index=0->0
INDEPENDENT-PASS (:ILLEGAL-PHASE :RESERVE :INVALID)
CLOSURE allocation=:BLOCKED bind=:BLOCKED collect=:BLOCKED shutdown=:BLOCKED release-index=0->0
INDEPENDENT-PASS (:ILLEGAL-PHASE :RESERVE :ERROR)
CLOSURE allocation=:BLOCKED bind=:BLOCKED collect=:BLOCKED shutdown=:BLOCKED release-index=0->0
INDEPENDENT-PASS (:ILLEGAL-PHASE :RESERVE :THROW)
CLOSURE allocation=:BLOCKED bind=:BLOCKED collect=:BLOCKED shutdown=:BLOCKED release-index=0->0
INDEPENDENT-PASS (:ILLEGAL-PHASE :ADMIT :INVALID)
CLOSURE allocation=:BLOCKED bind=:BLOCKED collect=:BLOCKED shutdown=:BLOCKED release-index=0->0
INDEPENDENT-PASS (:ILLEGAL-PHASE :ADMIT :ERROR)
CLOSURE allocation=:BLOCKED bind=:BLOCKED collect=:BLOCKED shutdown=:BLOCKED release-index=0->0
INDEPENDENT-PASS (:ILLEGAL-PHASE :ADMIT :THROW)
CLOSURE allocation=:BLOCKED bind=:BLOCKED collect=:BLOCKED shutdown=:BLOCKED release-index=0->0
INDEPENDENT-PASS (:ILLEGAL-PHASE :TRANSFORM :INVALID)
CLOSURE allocation=:BLOCKED bind=:BLOCKED collect=:BLOCKED shutdown=:BLOCKED release-index=0->0
INDEPENDENT-PASS (:ILLEGAL-PHASE :TRANSFORM :ERROR)
CLOSURE allocation=:BLOCKED bind=:BLOCKED collect=:BLOCKED shutdown=:BLOCKED release-index=0->0
INDEPENDENT-PASS (:ILLEGAL-PHASE :TRANSFORM :THROW)
CLOSURE allocation=:BLOCKED bind=:BLOCKED collect=:BLOCKED shutdown=:BLOCKED release-index=0->0
INDEPENDENT-PASS (:CANCEL-FAULT :ERROR 2)
CLOSURE allocation=:BLOCKED bind=:BLOCKED collect=:BLOCKED shutdown=:BLOCKED release-index=0->0
INDEPENDENT-PASS (:CANCEL-FAULT :ERROR 1)
CLOSURE allocation=:BLOCKED bind=:BLOCKED collect=:BLOCKED shutdown=:BLOCKED release-index=0->0
INDEPENDENT-PASS (:CANCEL-FAULT :THROW 2)
CLOSURE allocation=:BLOCKED bind=:BLOCKED collect=:BLOCKED shutdown=:BLOCKED release-index=0->0
INDEPENDENT-PASS (:CANCEL-FAULT :THROW 1)
CLOSURE allocation=:BLOCKED bind=:BLOCKED collect=:BLOCKED shutdown=:BLOCKED release-index=0->0
INDEPENDENT-PASS (:CAUGHT-OTHER-CONTEXT-FATAL :RESERVE)
CLOSURE allocation=:BLOCKED bind=:BLOCKED collect=:BLOCKED shutdown=:BLOCKED release-index=0->0
INDEPENDENT-PASS (:CAUGHT-OTHER-CONTEXT-FATAL :ADMIT)
CLOSURE allocation=:BLOCKED bind=:BLOCKED collect=:BLOCKED shutdown=:BLOCKED release-index=0->0
INDEPENDENT-PASS (:CAUGHT-OTHER-CONTEXT-FATAL :TRANSFORM)
CLOSURE allocation=:BLOCKED bind=:BLOCKED collect=:BLOCKED shutdown=:BLOCKED release-index=0->0
INDEPENDENT-PASS (:CAUGHT-OTHER-CONTEXT-FATAL :BEFORE)
CLOSURE allocation=:BLOCKED bind=:BLOCKED collect=:BLOCKED shutdown=:BLOCKED release-index=0->0
INDEPENDENT-PASS (:CAUGHT-OTHER-CONTEXT-FATAL :AFTER)
CLOSURE allocation=:BLOCKED bind=:BLOCKED collect=:BLOCKED shutdown=:BLOCKED release-index=0->0
INDEPENDENT-PASS (:CAUGHT-OTHER-CONTEXT-FATAL :CANCEL)
CLOSURE allocation=:BLOCKED bind=:BLOCKED collect=:BLOCKED shutdown=:BLOCKED release-index=0->0
INDEPENDENT-PASS (:CAUGHT-OTHER-CONTEXT-FATAL :RAW-LOAD)
CLOSURE allocation=:BLOCKED bind=:BLOCKED collect=:BLOCKED shutdown=:BLOCKED release-index=0->0
INDEPENDENT-PASS (:CAUGHT-OTHER-CONTEXT-FATAL :COMPARISON)
CLOSURE allocation=:BLOCKED bind=:BLOCKED collect=:BLOCKED shutdown=:BLOCKED release-index=0->0
INDEPENDENT-PASS (:CAUGHT-OTHER-CONTEXT-FATAL :RAW-STORE)
INDEPENDENT-PASS (:ORDINARY-PIN :SEMISPACE :RESERVE :RAW)
INDEPENDENT-PASS (:ORDINARY-PIN :SEMISPACE :RESERVE :REFILL)
INDEPENDENT-PASS (:ORDINARY-PIN :SEMISPACE :ADMIT :RAW)
INDEPENDENT-PASS (:ORDINARY-PIN :SEMISPACE :ADMIT :REFILL)
INDEPENDENT-PASS (:ORDINARY-PIN :SEMISPACE :TRANSFORM :RAW)
INDEPENDENT-PASS (:ORDINARY-PIN :SEMISPACE :TRANSFORM :REFILL)
INDEPENDENT-PASS (:ORDINARY-PIN :SEMISPACE :BEFORE :RAW)
INDEPENDENT-PASS (:ORDINARY-PIN :SEMISPACE :BEFORE :REFILL)
INDEPENDENT-PASS (:ORDINARY-PIN :SEMISPACE :AFTER :RAW)
INDEPENDENT-PASS (:ORDINARY-PIN :SEMISPACE :AFTER :REFILL)
INDEPENDENT-PASS (:ORDINARY-PIN :MARKSWEEP :RESERVE :RAW)
INDEPENDENT-PASS (:ORDINARY-PIN :MARKSWEEP :RESERVE :REFILL)
INDEPENDENT-PASS (:ORDINARY-PIN :MARKSWEEP :ADMIT :RAW)
INDEPENDENT-PASS (:ORDINARY-PIN :MARKSWEEP :ADMIT :REFILL)
INDEPENDENT-PASS (:ORDINARY-PIN :MARKSWEEP :TRANSFORM :RAW)
INDEPENDENT-PASS (:ORDINARY-PIN :MARKSWEEP :TRANSFORM :REFILL)
INDEPENDENT-PASS (:ORDINARY-PIN :MARKSWEEP :BEFORE :RAW)
INDEPENDENT-PASS (:ORDINARY-PIN :MARKSWEEP :BEFORE :REFILL)
INDEPENDENT-PASS (:ORDINARY-PIN :MARKSWEEP :AFTER :RAW)
INDEPENDENT-PASS (:ORDINARY-PIN :MARKSWEEP :AFTER :REFILL)
INDEPENDENT-PASS (:ORDINARY-PIN :SEMISPACE :RESERVE :REGISTER)
INDEPENDENT-PASS (:ORDINARY-PIN :SEMISPACE :RESERVE :CANCEL-FINALIZER)
INDEPENDENT-PASS (:ORDINARY-PIN :SEMISPACE :RESERVE :DRAIN)
INDEPENDENT-PASS (:ORDINARY-PIN :SEMISPACE :ADMIT :REGISTER)
INDEPENDENT-PASS (:ORDINARY-PIN :SEMISPACE :ADMIT :CANCEL-FINALIZER)
INDEPENDENT-PASS (:ORDINARY-PIN :SEMISPACE :ADMIT :DRAIN)
INDEPENDENT-PASS (:ORDINARY-PIN :SEMISPACE :TRANSFORM :REGISTER)
INDEPENDENT-PASS (:ORDINARY-PIN :SEMISPACE :TRANSFORM :CANCEL-FINALIZER)
INDEPENDENT-PASS (:ORDINARY-PIN :SEMISPACE :TRANSFORM :DRAIN)
INDEPENDENT-PASS (:ORDINARY-PIN :SEMISPACE :BEFORE :REGISTER)
INDEPENDENT-PASS (:ORDINARY-PIN :SEMISPACE :BEFORE :CANCEL-FINALIZER)
INDEPENDENT-PASS (:ORDINARY-PIN :SEMISPACE :BEFORE :DRAIN)
INDEPENDENT-PASS (:ORDINARY-PIN :SEMISPACE :AFTER :REGISTER)
INDEPENDENT-PASS (:ORDINARY-PIN :SEMISPACE :AFTER :CANCEL-FINALIZER)
INDEPENDENT-PASS (:ORDINARY-PIN :SEMISPACE :AFTER :DRAIN)
INDEPENDENT-PASS (:NIL-OPAQUE-TOKEN :READ :MATCH)
INDEPENDENT-PASS (:NIL-OPAQUE-TOKEN :CAS :MISMATCH)
WORKSPACE N=3 plan-measured=272 barrier-measured=96 context-measured=160 tokens-vector-measured=48 owned-vector-measured=48 construction-auxiliary-account=332128
INDEPENDENT-PASS :FIXED-WORKSPACE-ACCOUNT
FATAL-SHUTDOWN-EXACT outcome=:REJECTED reason=:FATAL-INVARIANT unbind=:RETRY config=:PUBLISHED->:PUBLISHED construction=:PUBLISHED->:PUBLISHED release=0->0
INDEPENDENT-PASS :FATAL-SHUTDOWN-REJECT-NOT-RETAINED
INDEPENDENT-PASS :DUAL-EXACT-COMPLAINT
BARRIER-EDGE-SUMMARY cases=62 failures=0 failed-worlds=0 expected-fatal-worlds=23 retained-total=92
CAS-PASS :GLOBAL-BEFORE-ORDER
CAS-PASS :REVERSE-WRITE-ONLY-CANCELLATION
MISMATCH-FAULT (:RETURNED :POST-PUBLICATION-FAILURE)
CAS-PASS :MISMATCH-BEFORE-ERROR-STICKY
MATCHED-NLX (:RETURNED :POST-PUBLICATION-FAILURE)
CAS-PASS :MATCHED-BEFORE-THROW-STICKY
CAS-PASS :SAME-CONTEXT-ADMIT-REENTRY
UNBIND-ENTRY (:RETURNED
              (#S(CLAMSARA::HOST-REFERENCE
                  :MODEL #<CLAMSARA::HOST-BOUND-OBJECT-MODEL {121AB86F23}>
                  :DESCRIPTOR 2
                  :ADDRESS 4128
                  :KIND :BASE
                  :TAG 0
                  :DISPLACEMENT 0)
               :COMPLETE))
CAS-PASS :ACTIVE-CONTEXT-UNBIND
POST-FAULT-ALLOCATION (:SIGNALED CLAMSARA::RUNTIME-REJECTION)
CAS-PASS :POST-FAULT-ALLOCATION-CLOSED
CAS-PASS :ADMITTED-EQL-READ-DISPATCH
BARRIER-BOUNDARY-SUMMARY cases=8 failures=0 failed-worlds=0 expected-fatal-worlds=3 retained-total=6
CLAIM-PROOF-PASS :PUBLIC-CLAIMS-UNDERSIZED-REJECT
CLAIM-PROOF-PASS :EXACT-CAPACITY-MATCH-AND-REUSE
CLAIM-PROOF-PASS :EXACT-CAPACITY-MISMATCH-AND-REUSE
CLAIM-PROOF-PASS (:PUBLIC-CLAIM-RETRY :RESERVE 0)
CLAIM-PROOF-PASS (:PUBLIC-CLAIM-RETRY :RESERVE 1)
CLAIM-PROOF-PASS (:PUBLIC-CLAIM-RETRY :RESERVE 2)
CLAIM-PROOF-PASS (:PUBLIC-CLAIM-RETRY :RESERVE 3)
CLAIM-PROOF-PASS (:PUBLIC-CLAIM-RETRY :ADMIT 0)
CLAIM-PROOF-PASS (:PUBLIC-CLAIM-RETRY :ADMIT 1)
CLAIM-PROOF-PASS (:PUBLIC-CLAIM-RETRY :ADMIT 2)
CLAIM-PROOF-PASS (:PUBLIC-CLAIM-RETRY :ADMIT 3)
CLAIM-PROOF-PASS (:PUBLIC-CLAIM-RETRY :TRANSFORM 0)
CLAIM-PROOF-PASS (:PUBLIC-CLAIM-RETRY :TRANSFORM 1)
CLAIM-PROOF-PASS (:PUBLIC-CLAIM-RETRY :TRANSFORM 2)
CLAIM-PROOF-PASS (:PUBLIC-CLAIM-RETRY :TRANSFORM 3)
CLAIM-PROOF-PASS (:MANAGED-NONIDENTITY-TRANSFORM :MATCH-RAW-EXPECTED)
CLAIM-PROOF-PASS (:MANAGED-NONIDENTITY-TRANSFORM
                  :MISMATCH-EXPECTED-IS-READ-RESULT)
CLAIM-PROOF-PASS (:MANAGED-NONIDENTITY-TRANSFORM :READ)
CLAIM-PROOF-PASS (:MANAGED-NONIDENTITY-TRANSFORM :READ-TRANSFORM-RETRY)
CLAIM-PROOF-PASS (:MANAGED-NONIDENTITY-TRANSFORM :WRITE-TRANSFORM-RETRY)
BARRIER-CLAIM-SUMMARY cases=20 failures=0 failed-worlds=0 retained-total=0
CAS-INTEGRATED-184-REPEAT-INDEPENDENT-176-PASS
