SOURCE /tmp/clamsara-variant-row-review-bnum_11t/
ROW :BEGIN ((:BOUNDARY :SEMISPACE :PACKED :GRANULARITY 16 :C 64 :H 0))
ROW :ATOMIC-CODE-REJECTION (:CODE 536870913 :CONDITION
                            "Reference encoding code-row capacity exhausted")
ROW :CYCLE (:CASE (:BOUNDARY :SEMISPACE :PACKED :GRANULARITY 16 :C 64 :H 0)
            :ROUND 0 :STATUS :COMPLETE :REASON :COMPLETE :PHASE :RELEASE :MOVED
            2 :DISCOVERED 2)
ROW :CYCLE (:CASE (:BOUNDARY :SEMISPACE :PACKED :GRANULARITY 16 :C 64 :H 0)
            :ROUND 1 :STATUS :COMPLETE :REASON :COMPLETE :PHASE :RELEASE :MOVED
            2 :DISCOVERED 2)
ROW :CYCLE (:CASE (:BOUNDARY :SEMISPACE :PACKED :GRANULARITY 16 :C 64 :H 0)
            :ROUND 2 :STATUS :COMPLETE :REASON :COMPLETE :PHASE :RELEASE :MOVED
            2 :DISCOVERED 2)
ROW :PASS ((:BOUNDARY :SEMISPACE :PACKED :GRANULARITY 16 :C 64 :H 0))
ROW :BEGIN ((:BOUNDARY :SEMISPACE :PACKED :GRANULARITY 16 :C 64 :H 1))
ROW :BUILDER-RELEASED (:ACQUIRED 11 :RELEASED 12)
ROW :PASS ((:BOUNDARY :SEMISPACE :PACKED :GRANULARITY 16 :C 64 :H 1))
ROW :BEGIN ((:BOUNDARY :SEMISPACE :PACKED :GRANULARITY 16 :C 64 :H 63))
ROW :BUILDER-RELEASED (:ACQUIRED 11 :RELEASED 12)
ROW :PASS ((:BOUNDARY :SEMISPACE :PACKED :GRANULARITY 16 :C 64 :H 63))
ROW :BEGIN ((:BOUNDARY :SEMISPACE :PACKED :GRANULARITY 16 :C 64 :H 64))
ROW :ATOMIC-CODE-REJECTION (:CODE 268435464 :CONDITION
                            "Reference encoding code-row capacity exhausted")
ROW :CYCLE (:CASE (:BOUNDARY :SEMISPACE :PACKED :GRANULARITY 16 :C 64 :H 64)
            :ROUND 0 :STATUS :COMPLETE :REASON :COMPLETE :PHASE :RELEASE :MOVED
            2 :DISCOVERED 2)
ROW :CYCLE (:CASE (:BOUNDARY :SEMISPACE :PACKED :GRANULARITY 16 :C 64 :H 64)
            :ROUND 1 :STATUS :COMPLETE :REASON :COMPLETE :PHASE :RELEASE :MOVED
            2 :DISCOVERED 2)
ROW :CYCLE (:CASE (:BOUNDARY :SEMISPACE :PACKED :GRANULARITY 16 :C 64 :H 64)
            :ROUND 2 :STATUS :COMPLETE :REASON :COMPLETE :PHASE :RELEASE :MOVED
            2 :DISCOVERED 2)
ROW :PASS ((:BOUNDARY :SEMISPACE :PACKED :GRANULARITY 16 :C 64 :H 64))
ROW :BEGIN ((:BOUNDARY :SEMISPACE :PACKED :GRANULARITY 16 :C 64 :H 127))
ROW :ATOMIC-CODE-REJECTION (:CODE 268435464 :CONDITION
                            "Reference encoding code-row capacity exhausted")
ROW :CYCLE (:CASE (:BOUNDARY :SEMISPACE :PACKED :GRANULARITY 16 :C 64 :H 127)
            :ROUND 0 :STATUS :COMPLETE :REASON :COMPLETE :PHASE :RELEASE :MOVED
            2 :DISCOVERED 2)
ROW :CYCLE (:CASE (:BOUNDARY :SEMISPACE :PACKED :GRANULARITY 16 :C 64 :H 127)
            :ROUND 1 :STATUS :COMPLETE :REASON :COMPLETE :PHASE :RELEASE :MOVED
            2 :DISCOVERED 2)
ROW :CYCLE (:CASE (:BOUNDARY :SEMISPACE :PACKED :GRANULARITY 16 :C 64 :H 127)
            :ROUND 2 :STATUS :COMPLETE :REASON :COMPLETE :PHASE :RELEASE :MOVED
            2 :DISCOVERED 2)
ROW :PASS ((:BOUNDARY :SEMISPACE :PACKED :GRANULARITY 16 :C 64 :H 127))
ROW :BEGIN ((:BOUNDARY :SEMISPACE :PACKED :GRANULARITY 16 :C 64 :H 128))
ROW :ATOMIC-CODE-REJECTION (:CODE 536870914 :CONDITION
                            "Reference encoding code-row capacity exhausted")
ROW :CYCLE (:CASE (:BOUNDARY :SEMISPACE :PACKED :GRANULARITY 16 :C 64 :H 128)
            :ROUND 0 :STATUS :COMPLETE :REASON :COMPLETE :PHASE :RELEASE :MOVED
            2 :DISCOVERED 2)
ROW :CYCLE (:CASE (:BOUNDARY :SEMISPACE :PACKED :GRANULARITY 16 :C 64 :H 128)
            :ROUND 1 :STATUS :COMPLETE :REASON :COMPLETE :PHASE :RELEASE :MOVED
            2 :DISCOVERED 2)
ROW :CYCLE (:CASE (:BOUNDARY :SEMISPACE :PACKED :GRANULARITY 16 :C 64 :H 128)
            :ROUND 2 :STATUS :COMPLETE :REASON :COMPLETE :PHASE :RELEASE :MOVED
            2 :DISCOVERED 2)
ROW :PASS ((:BOUNDARY :SEMISPACE :PACKED :GRANULARITY 16 :C 64 :H 128))
ROW :BEGIN ((:BOUNDARY :SEMISPACE :PACKED :GRANULARITY 16 :C 64 :H 131))
ROW :ATOMIC-CODE-REJECTION (:CODE 536870914 :CONDITION
                            "Reference encoding code-row capacity exhausted")
ROW :CYCLE (:CASE (:BOUNDARY :SEMISPACE :PACKED :GRANULARITY 16 :C 64 :H 131)
            :ROUND 0 :STATUS :COMPLETE :REASON :COMPLETE :PHASE :RELEASE :MOVED
            2 :DISCOVERED 2)
ROW :CYCLE (:CASE (:BOUNDARY :SEMISPACE :PACKED :GRANULARITY 16 :C 64 :H 131)
            :ROUND 1 :STATUS :COMPLETE :REASON :COMPLETE :PHASE :RELEASE :MOVED
            2 :DISCOVERED 2)
ROW :CYCLE (:CASE (:BOUNDARY :SEMISPACE :PACKED :GRANULARITY 16 :C 64 :H 131)
            :ROUND 2 :STATUS :COMPLETE :REASON :COMPLETE :PHASE :RELEASE :MOVED
            2 :DISCOVERED 2)
ROW :PASS ((:BOUNDARY :SEMISPACE :PACKED :GRANULARITY 16 :C 64 :H 131))
ROW :BEGIN ((:HISTORY :SEMISPACE :PACKED 16 536870913))
ROW :CYCLE (:CASE (:HISTORY :SEMISPACE :PACKED 16 536870913) :ROUND 0 :STATUS
            :COMPLETE :REASON :COMPLETE :PHASE :RELEASE :MOVED 2 :DISCOVERED 2)
ROW :CYCLE (:CASE (:HISTORY :SEMISPACE :PACKED 16 536870913) :ROUND 1 :STATUS
            :COMPLETE :REASON :COMPLETE :PHASE :RELEASE :MOVED 2 :DISCOVERED 2)
ROW :CYCLE (:CASE (:HISTORY :SEMISPACE :PACKED 16 536870913) :ROUND 2 :STATUS
            :COMPLETE :REASON :COMPLETE :PHASE :RELEASE :MOVED 2 :DISCOVERED 2)
ROW :PASS ((:HISTORY :SEMISPACE :PACKED 16 536870913))
ROW :BEGIN ((:HISTORY :SEMISPACE :PACKED 16 268435464))
ROW :CYCLE (:CASE (:HISTORY :SEMISPACE :PACKED 16 268435464) :ROUND 0 :STATUS
            :COMPLETE :REASON :COMPLETE :PHASE :RELEASE :MOVED 2 :DISCOVERED 2)
ROW :CYCLE (:CASE (:HISTORY :SEMISPACE :PACKED 16 268435464) :ROUND 1 :STATUS
            :COMPLETE :REASON :COMPLETE :PHASE :RELEASE :MOVED 2 :DISCOVERED 2)
ROW :CYCLE (:CASE (:HISTORY :SEMISPACE :PACKED 16 268435464) :ROUND 2 :STATUS
            :COMPLETE :REASON :COMPLETE :PHASE :RELEASE :MOVED 2 :DISCOVERED 2)
ROW :PASS ((:HISTORY :SEMISPACE :PACKED 16 268435464))
ROW :BEGIN ((:ALL-CELLS :SEMISPACE :PACKED 16))
ROW :ALL-DESCRIPTOR-CELLS (:CELLS 64 :PASSES 2 :GRANULARITIES (16 16))
ROW :PASS ((:ALL-CELLS :SEMISPACE :PACKED 16))
ROW :BEGIN ((:FUTURE-LARGE :SEMISPACE :PACKED 16))
ROW :ATOMIC-CODE-REJECTION (:CODE 536870913 :CONDITION
                            "Reference encoding code-row capacity exhausted")
ROW :PASS ((:FUTURE-LARGE :SEMISPACE :PACKED 16))
ROW :BEGIN ((:STAGED :SEMISPACE :PACKED 16))
ROW :CYCLE (:CASE (:STAGED :SEMISPACE :PACKED 16) :ROUND 0 :STATUS :COMPLETE
            :REASON :COMPLETE :PHASE :RELEASE :MOVED 2 :DISCOVERED 2)
ROW :CYCLE (:CASE (:STAGED :SEMISPACE :PACKED 16) :ROUND 1 :STATUS :COMPLETE
            :REASON :COMPLETE :PHASE :RELEASE :MOVED 2 :DISCOVERED 2)
ROW :CYCLE (:CASE (:STAGED :SEMISPACE :PACKED 16) :ROUND 2 :STATUS :COMPLETE
            :REASON :COMPLETE :PHASE :RELEASE :MOVED 2 :DISCOVERED 2)
ROW :PASS ((:STAGED :SEMISPACE :PACKED 16))
ROW :BEGIN ((:BOUNDARY :SEMISPACE :PACKED :GRANULARITY 8 :C 128 :H 0))
ROW :ATOMIC-CODE-REJECTION (:CODE 536870913 :CONDITION
                            "Reference encoding code-row capacity exhausted")
ROW :CYCLE (:CASE (:BOUNDARY :SEMISPACE :PACKED :GRANULARITY 8 :C 128 :H 0)
            :ROUND 0 :STATUS :COMPLETE :REASON :COMPLETE :PHASE :RELEASE :MOVED
            2 :DISCOVERED 2)
ROW :CYCLE (:CASE (:BOUNDARY :SEMISPACE :PACKED :GRANULARITY 8 :C 128 :H 0)
            :ROUND 1 :STATUS :COMPLETE :REASON :COMPLETE :PHASE :RELEASE :MOVED
            2 :DISCOVERED 2)
ROW :CYCLE (:CASE (:BOUNDARY :SEMISPACE :PACKED :GRANULARITY 8 :C 128 :H 0)
            :ROUND 2 :STATUS :COMPLETE :REASON :COMPLETE :PHASE :RELEASE :MOVED
            2 :DISCOVERED 2)
ROW :PASS ((:BOUNDARY :SEMISPACE :PACKED :GRANULARITY 8 :C 128 :H 0))
ROW :BEGIN ((:BOUNDARY :SEMISPACE :PACKED :GRANULARITY 8 :C 128 :H 1))
ROW :BUILDER-RELEASED (:ACQUIRED 11 :RELEASED 12)
ROW :PASS ((:BOUNDARY :SEMISPACE :PACKED :GRANULARITY 8 :C 128 :H 1))
ROW :BEGIN ((:BOUNDARY :SEMISPACE :PACKED :GRANULARITY 8 :C 128 :H 127))
ROW :BUILDER-RELEASED (:ACQUIRED 11 :RELEASED 12)
ROW :PASS ((:BOUNDARY :SEMISPACE :PACKED :GRANULARITY 8 :C 128 :H 127))
ROW :BEGIN ((:BOUNDARY :SEMISPACE :PACKED :GRANULARITY 8 :C 128 :H 128))
ROW :ATOMIC-CODE-REJECTION (:CODE 268435464 :CONDITION
                            "Reference encoding code-row capacity exhausted")
ROW :CYCLE (:CASE (:BOUNDARY :SEMISPACE :PACKED :GRANULARITY 8 :C 128 :H 128)
            :ROUND 0 :STATUS :COMPLETE :REASON :COMPLETE :PHASE :RELEASE :MOVED
            2 :DISCOVERED 2)
ROW :CYCLE (:CASE (:BOUNDARY :SEMISPACE :PACKED :GRANULARITY 8 :C 128 :H 128)
            :ROUND 1 :STATUS :COMPLETE :REASON :COMPLETE :PHASE :RELEASE :MOVED
            2 :DISCOVERED 2)
ROW :CYCLE (:CASE (:BOUNDARY :SEMISPACE :PACKED :GRANULARITY 8 :C 128 :H 128)
            :ROUND 2 :STATUS :COMPLETE :REASON :COMPLETE :PHASE :RELEASE :MOVED
            2 :DISCOVERED 2)
ROW :PASS ((:BOUNDARY :SEMISPACE :PACKED :GRANULARITY 8 :C 128 :H 128))
ROW :BEGIN ((:BOUNDARY :SEMISPACE :PACKED :GRANULARITY 8 :C 128 :H 255))
ROW :ATOMIC-CODE-REJECTION (:CODE 268435464 :CONDITION
                            "Reference encoding code-row capacity exhausted")
ROW :CYCLE (:CASE (:BOUNDARY :SEMISPACE :PACKED :GRANULARITY 8 :C 128 :H 255)
            :ROUND 0 :STATUS :COMPLETE :REASON :COMPLETE :PHASE :RELEASE :MOVED
            2 :DISCOVERED 2)
ROW :CYCLE (:CASE (:BOUNDARY :SEMISPACE :PACKED :GRANULARITY 8 :C 128 :H 255)
            :ROUND 1 :STATUS :COMPLETE :REASON :COMPLETE :PHASE :RELEASE :MOVED
            2 :DISCOVERED 2)
ROW :CYCLE (:CASE (:BOUNDARY :SEMISPACE :PACKED :GRANULARITY 8 :C 128 :H 255)
            :ROUND 2 :STATUS :COMPLETE :REASON :COMPLETE :PHASE :RELEASE :MOVED
            2 :DISCOVERED 2)
ROW :PASS ((:BOUNDARY :SEMISPACE :PACKED :GRANULARITY 8 :C 128 :H 255))
ROW :BEGIN ((:BOUNDARY :SEMISPACE :PACKED :GRANULARITY 8 :C 128 :H 256))
ROW :ATOMIC-CODE-REJECTION (:CODE 536870914 :CONDITION
                            "Reference encoding code-row capacity exhausted")
ROW :CYCLE (:CASE (:BOUNDARY :SEMISPACE :PACKED :GRANULARITY 8 :C 128 :H 256)
            :ROUND 0 :STATUS :COMPLETE :REASON :COMPLETE :PHASE :RELEASE :MOVED
            2 :DISCOVERED 2)
ROW :CYCLE (:CASE (:BOUNDARY :SEMISPACE :PACKED :GRANULARITY 8 :C 128 :H 256)
            :ROUND 1 :STATUS :COMPLETE :REASON :COMPLETE :PHASE :RELEASE :MOVED
            2 :DISCOVERED 2)
ROW :CYCLE (:CASE (:BOUNDARY :SEMISPACE :PACKED :GRANULARITY 8 :C 128 :H 256)
            :ROUND 2 :STATUS :COMPLETE :REASON :COMPLETE :PHASE :RELEASE :MOVED
            2 :DISCOVERED 2)
ROW :PASS ((:BOUNDARY :SEMISPACE :PACKED :GRANULARITY 8 :C 128 :H 256))
ROW :BEGIN ((:BOUNDARY :SEMISPACE :PACKED :GRANULARITY 8 :C 128 :H 259))
ROW :ATOMIC-CODE-REJECTION (:CODE 536870914 :CONDITION
                            "Reference encoding code-row capacity exhausted")
ROW :CYCLE (:CASE (:BOUNDARY :SEMISPACE :PACKED :GRANULARITY 8 :C 128 :H 259)
            :ROUND 0 :STATUS :COMPLETE :REASON :COMPLETE :PHASE :RELEASE :MOVED
            2 :DISCOVERED 2)
ROW :CYCLE (:CASE (:BOUNDARY :SEMISPACE :PACKED :GRANULARITY 8 :C 128 :H 259)
            :ROUND 1 :STATUS :COMPLETE :REASON :COMPLETE :PHASE :RELEASE :MOVED
            2 :DISCOVERED 2)
ROW :CYCLE (:CASE (:BOUNDARY :SEMISPACE :PACKED :GRANULARITY 8 :C 128 :H 259)
            :ROUND 2 :STATUS :COMPLETE :REASON :COMPLETE :PHASE :RELEASE :MOVED
            2 :DISCOVERED 2)
ROW :PASS ((:BOUNDARY :SEMISPACE :PACKED :GRANULARITY 8 :C 128 :H 259))
ROW :BEGIN ((:HISTORY :SEMISPACE :PACKED 8 536870913))
ROW :CYCLE (:CASE (:HISTORY :SEMISPACE :PACKED 8 536870913) :ROUND 0 :STATUS
            :COMPLETE :REASON :COMPLETE :PHASE :RELEASE :MOVED 2 :DISCOVERED 2)
ROW :CYCLE (:CASE (:HISTORY :SEMISPACE :PACKED 8 536870913) :ROUND 1 :STATUS
            :COMPLETE :REASON :COMPLETE :PHASE :RELEASE :MOVED 2 :DISCOVERED 2)
ROW :CYCLE (:CASE (:HISTORY :SEMISPACE :PACKED 8 536870913) :ROUND 2 :STATUS
            :COMPLETE :REASON :COMPLETE :PHASE :RELEASE :MOVED 2 :DISCOVERED 2)
ROW :PASS ((:HISTORY :SEMISPACE :PACKED 8 536870913))
ROW :BEGIN ((:HISTORY :SEMISPACE :PACKED 8 268435464))
ROW :CYCLE (:CASE (:HISTORY :SEMISPACE :PACKED 8 268435464) :ROUND 0 :STATUS
            :COMPLETE :REASON :COMPLETE :PHASE :RELEASE :MOVED 2 :DISCOVERED 2)
ROW :CYCLE (:CASE (:HISTORY :SEMISPACE :PACKED 8 268435464) :ROUND 1 :STATUS
            :COMPLETE :REASON :COMPLETE :PHASE :RELEASE :MOVED 2 :DISCOVERED 2)
ROW :CYCLE (:CASE (:HISTORY :SEMISPACE :PACKED 8 268435464) :ROUND 2 :STATUS
            :COMPLETE :REASON :COMPLETE :PHASE :RELEASE :MOVED 2 :DISCOVERED 2)
ROW :PASS ((:HISTORY :SEMISPACE :PACKED 8 268435464))
ROW :BEGIN ((:ALL-CELLS :SEMISPACE :PACKED 8))
ROW :ALL-DESCRIPTOR-CELLS (:CELLS 128 :PASSES 2 :GRANULARITIES (8 8))
ROW :PASS ((:ALL-CELLS :SEMISPACE :PACKED 8))
ROW :BEGIN ((:FUTURE-LARGE :SEMISPACE :PACKED 8))
ROW :ATOMIC-CODE-REJECTION (:CODE 536870913 :CONDITION
                            "Reference encoding code-row capacity exhausted")
ROW :PASS ((:FUTURE-LARGE :SEMISPACE :PACKED 8))
ROW :BEGIN ((:STAGED :SEMISPACE :PACKED 8))
ROW :CYCLE (:CASE (:STAGED :SEMISPACE :PACKED 8) :ROUND 0 :STATUS :COMPLETE
            :REASON :COMPLETE :PHASE :RELEASE :MOVED 2 :DISCOVERED 2)
ROW :CYCLE (:CASE (:STAGED :SEMISPACE :PACKED 8) :ROUND 1 :STATUS :COMPLETE
            :REASON :COMPLETE :PHASE :RELEASE :MOVED 2 :DISCOVERED 2)
ROW :CYCLE (:CASE (:STAGED :SEMISPACE :PACKED 8) :ROUND 2 :STATUS :COMPLETE
            :REASON :COMPLETE :PHASE :RELEASE :MOVED 2 :DISCOVERED 2)
ROW :PASS ((:STAGED :SEMISPACE :PACKED 8))
ROW :BEGIN ((:OBSERVER-CONTROL :SEMISPACE :PACKED))
ROW :BUILDER-RELEASED (:ACQUIRED 11 :RELEASED 12)
ROW :PASS ((:OBSERVER-CONTROL :SEMISPACE :PACKED))
ROW :BEGIN ((:BOUNDARY :SEMISPACE :SCALAR :GRANULARITY 16 :C 64 :H 0))
ROW :ATOMIC-CODE-REJECTION (:CODE 536870913 :CONDITION
                            "Reference encoding code-row capacity exhausted")
ROW :CYCLE (:CASE (:BOUNDARY :SEMISPACE :SCALAR :GRANULARITY 16 :C 64 :H 0)
            :ROUND 0 :STATUS :COMPLETE :REASON :COMPLETE :PHASE :RELEASE :MOVED
            2 :DISCOVERED 2)
ROW :CYCLE (:CASE (:BOUNDARY :SEMISPACE :SCALAR :GRANULARITY 16 :C 64 :H 0)
            :ROUND 1 :STATUS :COMPLETE :REASON :COMPLETE :PHASE :RELEASE :MOVED
            2 :DISCOVERED 2)
ROW :CYCLE (:CASE (:BOUNDARY :SEMISPACE :SCALAR :GRANULARITY 16 :C 64 :H 0)
            :ROUND 2 :STATUS :COMPLETE :REASON :COMPLETE :PHASE :RELEASE :MOVED
            2 :DISCOVERED 2)
ROW :PASS ((:BOUNDARY :SEMISPACE :SCALAR :GRANULARITY 16 :C 64 :H 0))
ROW :BEGIN ((:BOUNDARY :SEMISPACE :SCALAR :GRANULARITY 16 :C 64 :H 1))
ROW :BUILDER-RELEASED (:ACQUIRED 11 :RELEASED 12)
ROW :PASS ((:BOUNDARY :SEMISPACE :SCALAR :GRANULARITY 16 :C 64 :H 1))
ROW :BEGIN ((:BOUNDARY :SEMISPACE :SCALAR :GRANULARITY 16 :C 64 :H 63))
ROW :BUILDER-RELEASED (:ACQUIRED 11 :RELEASED 12)
ROW :PASS ((:BOUNDARY :SEMISPACE :SCALAR :GRANULARITY 16 :C 64 :H 63))
ROW :BEGIN ((:BOUNDARY :SEMISPACE :SCALAR :GRANULARITY 16 :C 64 :H 64))
ROW :ATOMIC-CODE-REJECTION (:CODE 268435464 :CONDITION
                            "Reference encoding code-row capacity exhausted")
ROW :CYCLE (:CASE (:BOUNDARY :SEMISPACE :SCALAR :GRANULARITY 16 :C 64 :H 64)
            :ROUND 0 :STATUS :COMPLETE :REASON :COMPLETE :PHASE :RELEASE :MOVED
            2 :DISCOVERED 2)
ROW :CYCLE (:CASE (:BOUNDARY :SEMISPACE :SCALAR :GRANULARITY 16 :C 64 :H 64)
            :ROUND 1 :STATUS :COMPLETE :REASON :COMPLETE :PHASE :RELEASE :MOVED
            2 :DISCOVERED 2)
ROW :CYCLE (:CASE (:BOUNDARY :SEMISPACE :SCALAR :GRANULARITY 16 :C 64 :H 64)
            :ROUND 2 :STATUS :COMPLETE :REASON :COMPLETE :PHASE :RELEASE :MOVED
            2 :DISCOVERED 2)
ROW :PASS ((:BOUNDARY :SEMISPACE :SCALAR :GRANULARITY 16 :C 64 :H 64))
ROW :BEGIN ((:BOUNDARY :SEMISPACE :SCALAR :GRANULARITY 16 :C 64 :H 127))
ROW :ATOMIC-CODE-REJECTION (:CODE 268435464 :CONDITION
                            "Reference encoding code-row capacity exhausted")
ROW :CYCLE (:CASE (:BOUNDARY :SEMISPACE :SCALAR :GRANULARITY 16 :C 64 :H 127)
            :ROUND 0 :STATUS :COMPLETE :REASON :COMPLETE :PHASE :RELEASE :MOVED
            2 :DISCOVERED 2)
ROW :CYCLE (:CASE (:BOUNDARY :SEMISPACE :SCALAR :GRANULARITY 16 :C 64 :H 127)
            :ROUND 1 :STATUS :COMPLETE :REASON :COMPLETE :PHASE :RELEASE :MOVED
            2 :DISCOVERED 2)
ROW :CYCLE (:CASE (:BOUNDARY :SEMISPACE :SCALAR :GRANULARITY 16 :C 64 :H 127)
            :ROUND 2 :STATUS :COMPLETE :REASON :COMPLETE :PHASE :RELEASE :MOVED
            2 :DISCOVERED 2)
ROW :PASS ((:BOUNDARY :SEMISPACE :SCALAR :GRANULARITY 16 :C 64 :H 127))
ROW :BEGIN ((:BOUNDARY :SEMISPACE :SCALAR :GRANULARITY 16 :C 64 :H 128))
ROW :ATOMIC-CODE-REJECTION (:CODE 536870914 :CONDITION
                            "Reference encoding code-row capacity exhausted")
ROW :CYCLE (:CASE (:BOUNDARY :SEMISPACE :SCALAR :GRANULARITY 16 :C 64 :H 128)
            :ROUND 0 :STATUS :COMPLETE :REASON :COMPLETE :PHASE :RELEASE :MOVED
            2 :DISCOVERED 2)
ROW :CYCLE (:CASE (:BOUNDARY :SEMISPACE :SCALAR :GRANULARITY 16 :C 64 :H 128)
            :ROUND 1 :STATUS :COMPLETE :REASON :COMPLETE :PHASE :RELEASE :MOVED
            2 :DISCOVERED 2)
ROW :CYCLE (:CASE (:BOUNDARY :SEMISPACE :SCALAR :GRANULARITY 16 :C 64 :H 128)
            :ROUND 2 :STATUS :COMPLETE :REASON :COMPLETE :PHASE :RELEASE :MOVED
            2 :DISCOVERED 2)
ROW :PASS ((:BOUNDARY :SEMISPACE :SCALAR :GRANULARITY 16 :C 64 :H 128))
ROW :BEGIN ((:BOUNDARY :SEMISPACE :SCALAR :GRANULARITY 16 :C 64 :H 131))
ROW :ATOMIC-CODE-REJECTION (:CODE 536870914 :CONDITION
                            "Reference encoding code-row capacity exhausted")
ROW :CYCLE (:CASE (:BOUNDARY :SEMISPACE :SCALAR :GRANULARITY 16 :C 64 :H 131)
            :ROUND 0 :STATUS :COMPLETE :REASON :COMPLETE :PHASE :RELEASE :MOVED
            2 :DISCOVERED 2)
ROW :CYCLE (:CASE (:BOUNDARY :SEMISPACE :SCALAR :GRANULARITY 16 :C 64 :H 131)
            :ROUND 1 :STATUS :COMPLETE :REASON :COMPLETE :PHASE :RELEASE :MOVED
            2 :DISCOVERED 2)
ROW :CYCLE (:CASE (:BOUNDARY :SEMISPACE :SCALAR :GRANULARITY 16 :C 64 :H 131)
            :ROUND 2 :STATUS :COMPLETE :REASON :COMPLETE :PHASE :RELEASE :MOVED
            2 :DISCOVERED 2)
ROW :PASS ((:BOUNDARY :SEMISPACE :SCALAR :GRANULARITY 16 :C 64 :H 131))
ROW :BEGIN ((:HISTORY :SEMISPACE :SCALAR 16 536870913))
ROW :CYCLE (:CASE (:HISTORY :SEMISPACE :SCALAR 16 536870913) :ROUND 0 :STATUS
            :COMPLETE :REASON :COMPLETE :PHASE :RELEASE :MOVED 2 :DISCOVERED 2)
ROW :CYCLE (:CASE (:HISTORY :SEMISPACE :SCALAR 16 536870913) :ROUND 1 :STATUS
            :COMPLETE :REASON :COMPLETE :PHASE :RELEASE :MOVED 2 :DISCOVERED 2)
ROW :CYCLE (:CASE (:HISTORY :SEMISPACE :SCALAR 16 536870913) :ROUND 2 :STATUS
            :COMPLETE :REASON :COMPLETE :PHASE :RELEASE :MOVED 2 :DISCOVERED 2)
ROW :PASS ((:HISTORY :SEMISPACE :SCALAR 16 536870913))
ROW :BEGIN ((:HISTORY :SEMISPACE :SCALAR 16 268435464))
ROW :CYCLE (:CASE (:HISTORY :SEMISPACE :SCALAR 16 268435464) :ROUND 0 :STATUS
            :COMPLETE :REASON :COMPLETE :PHASE :RELEASE :MOVED 2 :DISCOVERED 2)
ROW :CYCLE (:CASE (:HISTORY :SEMISPACE :SCALAR 16 268435464) :ROUND 1 :STATUS
            :COMPLETE :REASON :COMPLETE :PHASE :RELEASE :MOVED 2 :DISCOVERED 2)
ROW :CYCLE (:CASE (:HISTORY :SEMISPACE :SCALAR 16 268435464) :ROUND 2 :STATUS
            :COMPLETE :REASON :COMPLETE :PHASE :RELEASE :MOVED 2 :DISCOVERED 2)
ROW :PASS ((:HISTORY :SEMISPACE :SCALAR 16 268435464))
ROW :BEGIN ((:ALL-CELLS :SEMISPACE :SCALAR 16))
ROW :ALL-DESCRIPTOR-CELLS (:CELLS 64 :PASSES 2 :GRANULARITIES (16 16))
ROW :PASS ((:ALL-CELLS :SEMISPACE :SCALAR 16))
ROW :BEGIN ((:FUTURE-LARGE :SEMISPACE :SCALAR 16))
ROW :ATOMIC-CODE-REJECTION (:CODE 536870913 :CONDITION
                            "Reference encoding code-row capacity exhausted")
ROW :PASS ((:FUTURE-LARGE :SEMISPACE :SCALAR 16))
ROW :BEGIN ((:STAGED :SEMISPACE :SCALAR 16))
ROW :CYCLE (:CASE (:STAGED :SEMISPACE :SCALAR 16) :ROUND 0 :STATUS :COMPLETE
            :REASON :COMPLETE :PHASE :RELEASE :MOVED 2 :DISCOVERED 2)
ROW :CYCLE (:CASE (:STAGED :SEMISPACE :SCALAR 16) :ROUND 1 :STATUS :COMPLETE
            :REASON :COMPLETE :PHASE :RELEASE :MOVED 2 :DISCOVERED 2)
ROW :CYCLE (:CASE (:STAGED :SEMISPACE :SCALAR 16) :ROUND 2 :STATUS :COMPLETE
            :REASON :COMPLETE :PHASE :RELEASE :MOVED 2 :DISCOVERED 2)
ROW :PASS ((:STAGED :SEMISPACE :SCALAR 16))
ROW :BEGIN ((:BOUNDARY :SEMISPACE :SCALAR :GRANULARITY 8 :C 128 :H 0))
ROW :ATOMIC-CODE-REJECTION (:CODE 536870913 :CONDITION
                            "Reference encoding code-row capacity exhausted")
ROW :CYCLE (:CASE (:BOUNDARY :SEMISPACE :SCALAR :GRANULARITY 8 :C 128 :H 0)
            :ROUND 0 :STATUS :COMPLETE :REASON :COMPLETE :PHASE :RELEASE :MOVED
            2 :DISCOVERED 2)
ROW :CYCLE (:CASE (:BOUNDARY :SEMISPACE :SCALAR :GRANULARITY 8 :C 128 :H 0)
            :ROUND 1 :STATUS :COMPLETE :REASON :COMPLETE :PHASE :RELEASE :MOVED
            2 :DISCOVERED 2)
ROW :CYCLE (:CASE (:BOUNDARY :SEMISPACE :SCALAR :GRANULARITY 8 :C 128 :H 0)
            :ROUND 2 :STATUS :COMPLETE :REASON :COMPLETE :PHASE :RELEASE :MOVED
            2 :DISCOVERED 2)
ROW :PASS ((:BOUNDARY :SEMISPACE :SCALAR :GRANULARITY 8 :C 128 :H 0))
ROW :BEGIN ((:BOUNDARY :SEMISPACE :SCALAR :GRANULARITY 8 :C 128 :H 1))
ROW :BUILDER-RELEASED (:ACQUIRED 11 :RELEASED 12)
ROW :PASS ((:BOUNDARY :SEMISPACE :SCALAR :GRANULARITY 8 :C 128 :H 1))
ROW :BEGIN ((:BOUNDARY :SEMISPACE :SCALAR :GRANULARITY 8 :C 128 :H 127))
ROW :BUILDER-RELEASED (:ACQUIRED 11 :RELEASED 12)
ROW :PASS ((:BOUNDARY :SEMISPACE :SCALAR :GRANULARITY 8 :C 128 :H 127))
ROW :BEGIN ((:BOUNDARY :SEMISPACE :SCALAR :GRANULARITY 8 :C 128 :H 128))
ROW :ATOMIC-CODE-REJECTION (:CODE 268435464 :CONDITION
                            "Reference encoding code-row capacity exhausted")
ROW :CYCLE (:CASE (:BOUNDARY :SEMISPACE :SCALAR :GRANULARITY 8 :C 128 :H 128)
            :ROUND 0 :STATUS :COMPLETE :REASON :COMPLETE :PHASE :RELEASE :MOVED
            2 :DISCOVERED 2)
ROW :CYCLE (:CASE (:BOUNDARY :SEMISPACE :SCALAR :GRANULARITY 8 :C 128 :H 128)
            :ROUND 1 :STATUS :COMPLETE :REASON :COMPLETE :PHASE :RELEASE :MOVED
            2 :DISCOVERED 2)
ROW :CYCLE (:CASE (:BOUNDARY :SEMISPACE :SCALAR :GRANULARITY 8 :C 128 :H 128)
            :ROUND 2 :STATUS :COMPLETE :REASON :COMPLETE :PHASE :RELEASE :MOVED
            2 :DISCOVERED 2)
ROW :PASS ((:BOUNDARY :SEMISPACE :SCALAR :GRANULARITY 8 :C 128 :H 128))
ROW :BEGIN ((:BOUNDARY :SEMISPACE :SCALAR :GRANULARITY 8 :C 128 :H 255))
ROW :ATOMIC-CODE-REJECTION (:CODE 268435464 :CONDITION
                            "Reference encoding code-row capacity exhausted")
ROW :CYCLE (:CASE (:BOUNDARY :SEMISPACE :SCALAR :GRANULARITY 8 :C 128 :H 255)
            :ROUND 0 :STATUS :COMPLETE :REASON :COMPLETE :PHASE :RELEASE :MOVED
            2 :DISCOVERED 2)
ROW :CYCLE (:CASE (:BOUNDARY :SEMISPACE :SCALAR :GRANULARITY 8 :C 128 :H 255)
            :ROUND 1 :STATUS :COMPLETE :REASON :COMPLETE :PHASE :RELEASE :MOVED
            2 :DISCOVERED 2)
ROW :CYCLE (:CASE (:BOUNDARY :SEMISPACE :SCALAR :GRANULARITY 8 :C 128 :H 255)
            :ROUND 2 :STATUS :COMPLETE :REASON :COMPLETE :PHASE :RELEASE :MOVED
            2 :DISCOVERED 2)
ROW :PASS ((:BOUNDARY :SEMISPACE :SCALAR :GRANULARITY 8 :C 128 :H 255))
ROW :BEGIN ((:BOUNDARY :SEMISPACE :SCALAR :GRANULARITY 8 :C 128 :H 256))
ROW :ATOMIC-CODE-REJECTION (:CODE 536870914 :CONDITION
                            "Reference encoding code-row capacity exhausted")
ROW :CYCLE (:CASE (:BOUNDARY :SEMISPACE :SCALAR :GRANULARITY 8 :C 128 :H 256)
            :ROUND 0 :STATUS :COMPLETE :REASON :COMPLETE :PHASE :RELEASE :MOVED
            2 :DISCOVERED 2)
ROW :CYCLE (:CASE (:BOUNDARY :SEMISPACE :SCALAR :GRANULARITY 8 :C 128 :H 256)
            :ROUND 1 :STATUS :COMPLETE :REASON :COMPLETE :PHASE :RELEASE :MOVED
            2 :DISCOVERED 2)
ROW :CYCLE (:CASE (:BOUNDARY :SEMISPACE :SCALAR :GRANULARITY 8 :C 128 :H 256)
            :ROUND 2 :STATUS :COMPLETE :REASON :COMPLETE :PHASE :RELEASE :MOVED
            2 :DISCOVERED 2)
ROW :PASS ((:BOUNDARY :SEMISPACE :SCALAR :GRANULARITY 8 :C 128 :H 256))
ROW :BEGIN ((:BOUNDARY :SEMISPACE :SCALAR :GRANULARITY 8 :C 128 :H 259))
ROW :ATOMIC-CODE-REJECTION (:CODE 536870914 :CONDITION
                            "Reference encoding code-row capacity exhausted")
ROW :CYCLE (:CASE (:BOUNDARY :SEMISPACE :SCALAR :GRANULARITY 8 :C 128 :H 259)
            :ROUND 0 :STATUS :COMPLETE :REASON :COMPLETE :PHASE :RELEASE :MOVED
            2 :DISCOVERED 2)
ROW :CYCLE (:CASE (:BOUNDARY :SEMISPACE :SCALAR :GRANULARITY 8 :C 128 :H 259)
            :ROUND 1 :STATUS :COMPLETE :REASON :COMPLETE :PHASE :RELEASE :MOVED
            2 :DISCOVERED 2)
ROW :CYCLE (:CASE (:BOUNDARY :SEMISPACE :SCALAR :GRANULARITY 8 :C 128 :H 259)
            :ROUND 2 :STATUS :COMPLETE :REASON :COMPLETE :PHASE :RELEASE :MOVED
            2 :DISCOVERED 2)
ROW :PASS ((:BOUNDARY :SEMISPACE :SCALAR :GRANULARITY 8 :C 128 :H 259))
ROW :BEGIN ((:HISTORY :SEMISPACE :SCALAR 8 536870913))
ROW :CYCLE (:CASE (:HISTORY :SEMISPACE :SCALAR 8 536870913) :ROUND 0 :STATUS
            :COMPLETE :REASON :COMPLETE :PHASE :RELEASE :MOVED 2 :DISCOVERED 2)
ROW :CYCLE (:CASE (:HISTORY :SEMISPACE :SCALAR 8 536870913) :ROUND 1 :STATUS
            :COMPLETE :REASON :COMPLETE :PHASE :RELEASE :MOVED 2 :DISCOVERED 2)
ROW :CYCLE (:CASE (:HISTORY :SEMISPACE :SCALAR 8 536870913) :ROUND 2 :STATUS
            :COMPLETE :REASON :COMPLETE :PHASE :RELEASE :MOVED 2 :DISCOVERED 2)
ROW :PASS ((:HISTORY :SEMISPACE :SCALAR 8 536870913))
ROW :BEGIN ((:HISTORY :SEMISPACE :SCALAR 8 268435464))
ROW :CYCLE (:CASE (:HISTORY :SEMISPACE :SCALAR 8 268435464) :ROUND 0 :STATUS
            :COMPLETE :REASON :COMPLETE :PHASE :RELEASE :MOVED 2 :DISCOVERED 2)
ROW :CYCLE (:CASE (:HISTORY :SEMISPACE :SCALAR 8 268435464) :ROUND 1 :STATUS
            :COMPLETE :REASON :COMPLETE :PHASE :RELEASE :MOVED 2 :DISCOVERED 2)
ROW :CYCLE (:CASE (:HISTORY :SEMISPACE :SCALAR 8 268435464) :ROUND 2 :STATUS
            :COMPLETE :REASON :COMPLETE :PHASE :RELEASE :MOVED 2 :DISCOVERED 2)
ROW :PASS ((:HISTORY :SEMISPACE :SCALAR 8 268435464))
ROW :BEGIN ((:ALL-CELLS :SEMISPACE :SCALAR 8))
ROW :ALL-DESCRIPTOR-CELLS (:CELLS 128 :PASSES 2 :GRANULARITIES (8 8))
ROW :PASS ((:ALL-CELLS :SEMISPACE :SCALAR 8))
ROW :BEGIN ((:FUTURE-LARGE :SEMISPACE :SCALAR 8))
ROW :ATOMIC-CODE-REJECTION (:CODE 536870913 :CONDITION
                            "Reference encoding code-row capacity exhausted")
ROW :PASS ((:FUTURE-LARGE :SEMISPACE :SCALAR 8))
ROW :BEGIN ((:STAGED :SEMISPACE :SCALAR 8))
ROW :CYCLE (:CASE (:STAGED :SEMISPACE :SCALAR 8) :ROUND 0 :STATUS :COMPLETE
            :REASON :COMPLETE :PHASE :RELEASE :MOVED 2 :DISCOVERED 2)
ROW :CYCLE (:CASE (:STAGED :SEMISPACE :SCALAR 8) :ROUND 1 :STATUS :COMPLETE
            :REASON :COMPLETE :PHASE :RELEASE :MOVED 2 :DISCOVERED 2)
ROW :CYCLE (:CASE (:STAGED :SEMISPACE :SCALAR 8) :ROUND 2 :STATUS :COMPLETE
            :REASON :COMPLETE :PHASE :RELEASE :MOVED 2 :DISCOVERED 2)
ROW :PASS ((:STAGED :SEMISPACE :SCALAR 8))
ROW :BEGIN ((:OBSERVER-CONTROL :SEMISPACE :SCALAR))
ROW :BUILDER-RELEASED (:ACQUIRED 11 :RELEASED 12)
ROW :PASS ((:OBSERVER-CONTROL :SEMISPACE :SCALAR))
ROW :BEGIN ((:BOUNDARY :MARKSWEEP :PACKED :GRANULARITY 16 :C 32 :H 0))
ROW :ATOMIC-CODE-REJECTION (:CODE 536870913 :CONDITION
                            "Reference encoding code-row capacity exhausted")
ROW :CYCLE (:CASE (:BOUNDARY :MARKSWEEP :PACKED :GRANULARITY 16 :C 32 :H 0)
            :ROUND 0 :STATUS :COMPLETE :REASON :COMPLETE :PHASE :RELEASE :MOVED
            0 :DISCOVERED 2)
ROW :CYCLE (:CASE (:BOUNDARY :MARKSWEEP :PACKED :GRANULARITY 16 :C 32 :H 0)
            :ROUND 1 :STATUS :COMPLETE :REASON :COMPLETE :PHASE :RELEASE :MOVED
            0 :DISCOVERED 2)
ROW :CYCLE (:CASE (:BOUNDARY :MARKSWEEP :PACKED :GRANULARITY 16 :C 32 :H 0)
            :ROUND 2 :STATUS :COMPLETE :REASON :COMPLETE :PHASE :RELEASE :MOVED
            0 :DISCOVERED 2)
ROW :PASS ((:BOUNDARY :MARKSWEEP :PACKED :GRANULARITY 16 :C 32 :H 0))
ROW :BEGIN ((:BOUNDARY :MARKSWEEP :PACKED :GRANULARITY 16 :C 32 :H 1))
ROW :BUILDER-RELEASED (:ACQUIRED 9 :RELEASED 10)
ROW :PASS ((:BOUNDARY :MARKSWEEP :PACKED :GRANULARITY 16 :C 32 :H 1))
ROW :BEGIN ((:BOUNDARY :MARKSWEEP :PACKED :GRANULARITY 16 :C 32 :H 31))
ROW :BUILDER-RELEASED (:ACQUIRED 9 :RELEASED 10)
ROW :PASS ((:BOUNDARY :MARKSWEEP :PACKED :GRANULARITY 16 :C 32 :H 31))
ROW :BEGIN ((:BOUNDARY :MARKSWEEP :PACKED :GRANULARITY 16 :C 32 :H 32))
ROW :ATOMIC-CODE-REJECTION (:CODE 268435464 :CONDITION
                            "Reference encoding code-row capacity exhausted")
ROW :CYCLE (:CASE (:BOUNDARY :MARKSWEEP :PACKED :GRANULARITY 16 :C 32 :H 32)
            :ROUND 0 :STATUS :COMPLETE :REASON :COMPLETE :PHASE :RELEASE :MOVED
            0 :DISCOVERED 2)
ROW :CYCLE (:CASE (:BOUNDARY :MARKSWEEP :PACKED :GRANULARITY 16 :C 32 :H 32)
            :ROUND 1 :STATUS :COMPLETE :REASON :COMPLETE :PHASE :RELEASE :MOVED
            0 :DISCOVERED 2)
ROW :CYCLE (:CASE (:BOUNDARY :MARKSWEEP :PACKED :GRANULARITY 16 :C 32 :H 32)
            :ROUND 2 :STATUS :COMPLETE :REASON :COMPLETE :PHASE :RELEASE :MOVED
            0 :DISCOVERED 2)
ROW :PASS ((:BOUNDARY :MARKSWEEP :PACKED :GRANULARITY 16 :C 32 :H 32))
ROW :BEGIN ((:BOUNDARY :MARKSWEEP :PACKED :GRANULARITY 16 :C 32 :H 63))
ROW :ATOMIC-CODE-REJECTION (:CODE 268435464 :CONDITION
                            "Reference encoding code-row capacity exhausted")
ROW :CYCLE (:CASE (:BOUNDARY :MARKSWEEP :PACKED :GRANULARITY 16 :C 32 :H 63)
            :ROUND 0 :STATUS :COMPLETE :REASON :COMPLETE :PHASE :RELEASE :MOVED
            0 :DISCOVERED 2)
ROW :CYCLE (:CASE (:BOUNDARY :MARKSWEEP :PACKED :GRANULARITY 16 :C 32 :H 63)
            :ROUND 1 :STATUS :COMPLETE :REASON :COMPLETE :PHASE :RELEASE :MOVED
            0 :DISCOVERED 2)
ROW :CYCLE (:CASE (:BOUNDARY :MARKSWEEP :PACKED :GRANULARITY 16 :C 32 :H 63)
            :ROUND 2 :STATUS :COMPLETE :REASON :COMPLETE :PHASE :RELEASE :MOVED
            0 :DISCOVERED 2)
ROW :PASS ((:BOUNDARY :MARKSWEEP :PACKED :GRANULARITY 16 :C 32 :H 63))
ROW :BEGIN ((:BOUNDARY :MARKSWEEP :PACKED :GRANULARITY 16 :C 32 :H 64))
ROW :ATOMIC-CODE-REJECTION (:CODE 536870914 :CONDITION
                            "Reference encoding code-row capacity exhausted")
ROW :CYCLE (:CASE (:BOUNDARY :MARKSWEEP :PACKED :GRANULARITY 16 :C 32 :H 64)
            :ROUND 0 :STATUS :COMPLETE :REASON :COMPLETE :PHASE :RELEASE :MOVED
            0 :DISCOVERED 2)
ROW :CYCLE (:CASE (:BOUNDARY :MARKSWEEP :PACKED :GRANULARITY 16 :C 32 :H 64)
            :ROUND 1 :STATUS :COMPLETE :REASON :COMPLETE :PHASE :RELEASE :MOVED
            0 :DISCOVERED 2)
ROW :CYCLE (:CASE (:BOUNDARY :MARKSWEEP :PACKED :GRANULARITY 16 :C 32 :H 64)
            :ROUND 2 :STATUS :COMPLETE :REASON :COMPLETE :PHASE :RELEASE :MOVED
            0 :DISCOVERED 2)
ROW :PASS ((:BOUNDARY :MARKSWEEP :PACKED :GRANULARITY 16 :C 32 :H 64))
ROW :BEGIN ((:BOUNDARY :MARKSWEEP :PACKED :GRANULARITY 16 :C 32 :H 67))
ROW :ATOMIC-CODE-REJECTION (:CODE 536870914 :CONDITION
                            "Reference encoding code-row capacity exhausted")
ROW :CYCLE (:CASE (:BOUNDARY :MARKSWEEP :PACKED :GRANULARITY 16 :C 32 :H 67)
            :ROUND 0 :STATUS :COMPLETE :REASON :COMPLETE :PHASE :RELEASE :MOVED
            0 :DISCOVERED 2)
ROW :CYCLE (:CASE (:BOUNDARY :MARKSWEEP :PACKED :GRANULARITY 16 :C 32 :H 67)
            :ROUND 1 :STATUS :COMPLETE :REASON :COMPLETE :PHASE :RELEASE :MOVED
            0 :DISCOVERED 2)
ROW :CYCLE (:CASE (:BOUNDARY :MARKSWEEP :PACKED :GRANULARITY 16 :C 32 :H 67)
            :ROUND 2 :STATUS :COMPLETE :REASON :COMPLETE :PHASE :RELEASE :MOVED
            0 :DISCOVERED 2)
ROW :PASS ((:BOUNDARY :MARKSWEEP :PACKED :GRANULARITY 16 :C 32 :H 67))
ROW :BEGIN ((:HISTORY :MARKSWEEP :PACKED 16 536870913))
ROW :CYCLE (:CASE (:HISTORY :MARKSWEEP :PACKED 16 536870913) :ROUND 0 :STATUS
            :COMPLETE :REASON :COMPLETE :PHASE :RELEASE :MOVED 0 :DISCOVERED 2)
ROW :CYCLE (:CASE (:HISTORY :MARKSWEEP :PACKED 16 536870913) :ROUND 1 :STATUS
            :COMPLETE :REASON :COMPLETE :PHASE :RELEASE :MOVED 0 :DISCOVERED 2)
ROW :CYCLE (:CASE (:HISTORY :MARKSWEEP :PACKED 16 536870913) :ROUND 2 :STATUS
            :COMPLETE :REASON :COMPLETE :PHASE :RELEASE :MOVED 0 :DISCOVERED 2)
ROW :PASS ((:HISTORY :MARKSWEEP :PACKED 16 536870913))
ROW :BEGIN ((:HISTORY :MARKSWEEP :PACKED 16 268435464))
ROW :CYCLE (:CASE (:HISTORY :MARKSWEEP :PACKED 16 268435464) :ROUND 0 :STATUS
            :COMPLETE :REASON :COMPLETE :PHASE :RELEASE :MOVED 0 :DISCOVERED 2)
ROW :CYCLE (:CASE (:HISTORY :MARKSWEEP :PACKED 16 268435464) :ROUND 1 :STATUS
            :COMPLETE :REASON :COMPLETE :PHASE :RELEASE :MOVED 0 :DISCOVERED 2)
ROW :CYCLE (:CASE (:HISTORY :MARKSWEEP :PACKED 16 268435464) :ROUND 2 :STATUS
            :COMPLETE :REASON :COMPLETE :PHASE :RELEASE :MOVED 0 :DISCOVERED 2)
ROW :PASS ((:HISTORY :MARKSWEEP :PACKED 16 268435464))
ROW :BEGIN ((:ALL-CELLS :MARKSWEEP :PACKED 16))
ROW :ALL-DESCRIPTOR-CELLS (:CELLS 32 :PASSES 2 :GRANULARITIES (16))
ROW :PASS ((:ALL-CELLS :MARKSWEEP :PACKED 16))
ROW :BEGIN ((:FUTURE-LARGE :MARKSWEEP :PACKED 16))
ROW :ATOMIC-CODE-REJECTION (:CODE 536870913 :CONDITION
                            "Reference encoding code-row capacity exhausted")
ROW :PASS ((:FUTURE-LARGE :MARKSWEEP :PACKED 16))
ROW :BEGIN ((:STAGED :MARKSWEEP :PACKED 16))
ROW :CYCLE (:CASE (:STAGED :MARKSWEEP :PACKED 16) :ROUND 0 :STATUS :COMPLETE
            :REASON :COMPLETE :PHASE :RELEASE :MOVED 0 :DISCOVERED 2)
ROW :CYCLE (:CASE (:STAGED :MARKSWEEP :PACKED 16) :ROUND 1 :STATUS :COMPLETE
            :REASON :COMPLETE :PHASE :RELEASE :MOVED 0 :DISCOVERED 2)
ROW :CYCLE (:CASE (:STAGED :MARKSWEEP :PACKED 16) :ROUND 2 :STATUS :COMPLETE
            :REASON :COMPLETE :PHASE :RELEASE :MOVED 0 :DISCOVERED 2)
ROW :PASS ((:STAGED :MARKSWEEP :PACKED 16))
ROW :BEGIN ((:BOUNDARY :MARKSWEEP :PACKED :GRANULARITY 8 :C 64 :H 0))
ROW :ATOMIC-CODE-REJECTION (:CODE 536870913 :CONDITION
                            "Reference encoding code-row capacity exhausted")
ROW :CYCLE (:CASE (:BOUNDARY :MARKSWEEP :PACKED :GRANULARITY 8 :C 64 :H 0)
            :ROUND 0 :STATUS :COMPLETE :REASON :COMPLETE :PHASE :RELEASE :MOVED
            0 :DISCOVERED 2)
ROW :CYCLE (:CASE (:BOUNDARY :MARKSWEEP :PACKED :GRANULARITY 8 :C 64 :H 0)
            :ROUND 1 :STATUS :COMPLETE :REASON :COMPLETE :PHASE :RELEASE :MOVED
            0 :DISCOVERED 2)
ROW :CYCLE (:CASE (:BOUNDARY :MARKSWEEP :PACKED :GRANULARITY 8 :C 64 :H 0)
            :ROUND 2 :STATUS :COMPLETE :REASON :COMPLETE :PHASE :RELEASE :MOVED
            0 :DISCOVERED 2)
ROW :PASS ((:BOUNDARY :MARKSWEEP :PACKED :GRANULARITY 8 :C 64 :H 0))
ROW :BEGIN ((:BOUNDARY :MARKSWEEP :PACKED :GRANULARITY 8 :C 64 :H 1))
ROW :BUILDER-RELEASED (:ACQUIRED 9 :RELEASED 10)
ROW :PASS ((:BOUNDARY :MARKSWEEP :PACKED :GRANULARITY 8 :C 64 :H 1))
ROW :BEGIN ((:BOUNDARY :MARKSWEEP :PACKED :GRANULARITY 8 :C 64 :H 63))
ROW :BUILDER-RELEASED (:ACQUIRED 9 :RELEASED 10)
ROW :PASS ((:BOUNDARY :MARKSWEEP :PACKED :GRANULARITY 8 :C 64 :H 63))
ROW :BEGIN ((:BOUNDARY :MARKSWEEP :PACKED :GRANULARITY 8 :C 64 :H 64))
ROW :ATOMIC-CODE-REJECTION (:CODE 268435464 :CONDITION
                            "Reference encoding code-row capacity exhausted")
ROW :CYCLE (:CASE (:BOUNDARY :MARKSWEEP :PACKED :GRANULARITY 8 :C 64 :H 64)
            :ROUND 0 :STATUS :COMPLETE :REASON :COMPLETE :PHASE :RELEASE :MOVED
            0 :DISCOVERED 2)
ROW :CYCLE (:CASE (:BOUNDARY :MARKSWEEP :PACKED :GRANULARITY 8 :C 64 :H 64)
            :ROUND 1 :STATUS :COMPLETE :REASON :COMPLETE :PHASE :RELEASE :MOVED
            0 :DISCOVERED 2)
ROW :CYCLE (:CASE (:BOUNDARY :MARKSWEEP :PACKED :GRANULARITY 8 :C 64 :H 64)
            :ROUND 2 :STATUS :COMPLETE :REASON :COMPLETE :PHASE :RELEASE :MOVED
            0 :DISCOVERED 2)
ROW :PASS ((:BOUNDARY :MARKSWEEP :PACKED :GRANULARITY 8 :C 64 :H 64))
ROW :BEGIN ((:BOUNDARY :MARKSWEEP :PACKED :GRANULARITY 8 :C 64 :H 127))
ROW :ATOMIC-CODE-REJECTION (:CODE 268435464 :CONDITION
                            "Reference encoding code-row capacity exhausted")
ROW :CYCLE (:CASE (:BOUNDARY :MARKSWEEP :PACKED :GRANULARITY 8 :C 64 :H 127)
            :ROUND 0 :STATUS :COMPLETE :REASON :COMPLETE :PHASE :RELEASE :MOVED
            0 :DISCOVERED 2)
ROW :CYCLE (:CASE (:BOUNDARY :MARKSWEEP :PACKED :GRANULARITY 8 :C 64 :H 127)
            :ROUND 1 :STATUS :COMPLETE :REASON :COMPLETE :PHASE :RELEASE :MOVED
            0 :DISCOVERED 2)
ROW :CYCLE (:CASE (:BOUNDARY :MARKSWEEP :PACKED :GRANULARITY 8 :C 64 :H 127)
            :ROUND 2 :STATUS :COMPLETE :REASON :COMPLETE :PHASE :RELEASE :MOVED
            0 :DISCOVERED 2)
ROW :PASS ((:BOUNDARY :MARKSWEEP :PACKED :GRANULARITY 8 :C 64 :H 127))
ROW :BEGIN ((:BOUNDARY :MARKSWEEP :PACKED :GRANULARITY 8 :C 64 :H 128))
ROW :ATOMIC-CODE-REJECTION (:CODE 536870914 :CONDITION
                            "Reference encoding code-row capacity exhausted")
ROW :CYCLE (:CASE (:BOUNDARY :MARKSWEEP :PACKED :GRANULARITY 8 :C 64 :H 128)
            :ROUND 0 :STATUS :COMPLETE :REASON :COMPLETE :PHASE :RELEASE :MOVED
            0 :DISCOVERED 2)
ROW :CYCLE (:CASE (:BOUNDARY :MARKSWEEP :PACKED :GRANULARITY 8 :C 64 :H 128)
            :ROUND 1 :STATUS :COMPLETE :REASON :COMPLETE :PHASE :RELEASE :MOVED
            0 :DISCOVERED 2)
ROW :CYCLE (:CASE (:BOUNDARY :MARKSWEEP :PACKED :GRANULARITY 8 :C 64 :H 128)
            :ROUND 2 :STATUS :COMPLETE :REASON :COMPLETE :PHASE :RELEASE :MOVED
            0 :DISCOVERED 2)
ROW :PASS ((:BOUNDARY :MARKSWEEP :PACKED :GRANULARITY 8 :C 64 :H 128))
ROW :BEGIN ((:BOUNDARY :MARKSWEEP :PACKED :GRANULARITY 8 :C 64 :H 131))
ROW :ATOMIC-CODE-REJECTION (:CODE 536870914 :CONDITION
                            "Reference encoding code-row capacity exhausted")
ROW :CYCLE (:CASE (:BOUNDARY :MARKSWEEP :PACKED :GRANULARITY 8 :C 64 :H 131)
            :ROUND 0 :STATUS :COMPLETE :REASON :COMPLETE :PHASE :RELEASE :MOVED
            0 :DISCOVERED 2)
ROW :CYCLE (:CASE (:BOUNDARY :MARKSWEEP :PACKED :GRANULARITY 8 :C 64 :H 131)
            :ROUND 1 :STATUS :COMPLETE :REASON :COMPLETE :PHASE :RELEASE :MOVED
            0 :DISCOVERED 2)
ROW :CYCLE (:CASE (:BOUNDARY :MARKSWEEP :PACKED :GRANULARITY 8 :C 64 :H 131)
            :ROUND 2 :STATUS :COMPLETE :REASON :COMPLETE :PHASE :RELEASE :MOVED
            0 :DISCOVERED 2)
ROW :PASS ((:BOUNDARY :MARKSWEEP :PACKED :GRANULARITY 8 :C 64 :H 131))
ROW :BEGIN ((:HISTORY :MARKSWEEP :PACKED 8 536870913))
ROW :CYCLE (:CASE (:HISTORY :MARKSWEEP :PACKED 8 536870913) :ROUND 0 :STATUS
            :COMPLETE :REASON :COMPLETE :PHASE :RELEASE :MOVED 0 :DISCOVERED 2)
ROW :CYCLE (:CASE (:HISTORY :MARKSWEEP :PACKED 8 536870913) :ROUND 1 :STATUS
            :COMPLETE :REASON :COMPLETE :PHASE :RELEASE :MOVED 0 :DISCOVERED 2)
ROW :CYCLE (:CASE (:HISTORY :MARKSWEEP :PACKED 8 536870913) :ROUND 2 :STATUS
            :COMPLETE :REASON :COMPLETE :PHASE :RELEASE :MOVED 0 :DISCOVERED 2)
ROW :PASS ((:HISTORY :MARKSWEEP :PACKED 8 536870913))
ROW :BEGIN ((:HISTORY :MARKSWEEP :PACKED 8 268435464))
ROW :CYCLE (:CASE (:HISTORY :MARKSWEEP :PACKED 8 268435464) :ROUND 0 :STATUS
            :COMPLETE :REASON :COMPLETE :PHASE :RELEASE :MOVED 0 :DISCOVERED 2)
ROW :CYCLE (:CASE (:HISTORY :MARKSWEEP :PACKED 8 268435464) :ROUND 1 :STATUS
            :COMPLETE :REASON :COMPLETE :PHASE :RELEASE :MOVED 0 :DISCOVERED 2)
ROW :CYCLE (:CASE (:HISTORY :MARKSWEEP :PACKED 8 268435464) :ROUND 2 :STATUS
            :COMPLETE :REASON :COMPLETE :PHASE :RELEASE :MOVED 0 :DISCOVERED 2)
ROW :PASS ((:HISTORY :MARKSWEEP :PACKED 8 268435464))
ROW :BEGIN ((:ALL-CELLS :MARKSWEEP :PACKED 8))
ROW :ALL-DESCRIPTOR-CELLS (:CELLS 64 :PASSES 2 :GRANULARITIES (8))
ROW :PASS ((:ALL-CELLS :MARKSWEEP :PACKED 8))
ROW :BEGIN ((:FUTURE-LARGE :MARKSWEEP :PACKED 8))
ROW :ATOMIC-CODE-REJECTION (:CODE 536870913 :CONDITION
                            "Reference encoding code-row capacity exhausted")
ROW :PASS ((:FUTURE-LARGE :MARKSWEEP :PACKED 8))
ROW :BEGIN ((:STAGED :MARKSWEEP :PACKED 8))
ROW :CYCLE (:CASE (:STAGED :MARKSWEEP :PACKED 8) :ROUND 0 :STATUS :COMPLETE
            :REASON :COMPLETE :PHASE :RELEASE :MOVED 0 :DISCOVERED 2)
ROW :CYCLE (:CASE (:STAGED :MARKSWEEP :PACKED 8) :ROUND 1 :STATUS :COMPLETE
            :REASON :COMPLETE :PHASE :RELEASE :MOVED 0 :DISCOVERED 2)
ROW :CYCLE (:CASE (:STAGED :MARKSWEEP :PACKED 8) :ROUND 2 :STATUS :COMPLETE
            :REASON :COMPLETE :PHASE :RELEASE :MOVED 0 :DISCOVERED 2)
ROW :PASS ((:STAGED :MARKSWEEP :PACKED 8))
ROW :BEGIN ((:OBSERVER-CONTROL :MARKSWEEP :PACKED))
ROW :BUILDER-RELEASED (:ACQUIRED 9 :RELEASED 10)
ROW :PASS ((:OBSERVER-CONTROL :MARKSWEEP :PACKED))
ROW :BEGIN ((:BOUNDARY :MARKSWEEP :SCALAR :GRANULARITY 16 :C 32 :H 0))
ROW :ATOMIC-CODE-REJECTION (:CODE 536870913 :CONDITION
                            "Reference encoding code-row capacity exhausted")
ROW :CYCLE (:CASE (:BOUNDARY :MARKSWEEP :SCALAR :GRANULARITY 16 :C 32 :H 0)
            :ROUND 0 :STATUS :COMPLETE :REASON :COMPLETE :PHASE :RELEASE :MOVED
            0 :DISCOVERED 2)
ROW :CYCLE (:CASE (:BOUNDARY :MARKSWEEP :SCALAR :GRANULARITY 16 :C 32 :H 0)
            :ROUND 1 :STATUS :COMPLETE :REASON :COMPLETE :PHASE :RELEASE :MOVED
            0 :DISCOVERED 2)
ROW :CYCLE (:CASE (:BOUNDARY :MARKSWEEP :SCALAR :GRANULARITY 16 :C 32 :H 0)
            :ROUND 2 :STATUS :COMPLETE :REASON :COMPLETE :PHASE :RELEASE :MOVED
            0 :DISCOVERED 2)
ROW :PASS ((:BOUNDARY :MARKSWEEP :SCALAR :GRANULARITY 16 :C 32 :H 0))
ROW :BEGIN ((:BOUNDARY :MARKSWEEP :SCALAR :GRANULARITY 16 :C 32 :H 1))
ROW :BUILDER-RELEASED (:ACQUIRED 9 :RELEASED 10)
ROW :PASS ((:BOUNDARY :MARKSWEEP :SCALAR :GRANULARITY 16 :C 32 :H 1))
ROW :BEGIN ((:BOUNDARY :MARKSWEEP :SCALAR :GRANULARITY 16 :C 32 :H 31))
ROW :BUILDER-RELEASED (:ACQUIRED 9 :RELEASED 10)
ROW :PASS ((:BOUNDARY :MARKSWEEP :SCALAR :GRANULARITY 16 :C 32 :H 31))
ROW :BEGIN ((:BOUNDARY :MARKSWEEP :SCALAR :GRANULARITY 16 :C 32 :H 32))
ROW :ATOMIC-CODE-REJECTION (:CODE 268435464 :CONDITION
                            "Reference encoding code-row capacity exhausted")
ROW :CYCLE (:CASE (:BOUNDARY :MARKSWEEP :SCALAR :GRANULARITY 16 :C 32 :H 32)
            :ROUND 0 :STATUS :COMPLETE :REASON :COMPLETE :PHASE :RELEASE :MOVED
            0 :DISCOVERED 2)
ROW :CYCLE (:CASE (:BOUNDARY :MARKSWEEP :SCALAR :GRANULARITY 16 :C 32 :H 32)
            :ROUND 1 :STATUS :COMPLETE :REASON :COMPLETE :PHASE :RELEASE :MOVED
            0 :DISCOVERED 2)
ROW :CYCLE (:CASE (:BOUNDARY :MARKSWEEP :SCALAR :GRANULARITY 16 :C 32 :H 32)
            :ROUND 2 :STATUS :COMPLETE :REASON :COMPLETE :PHASE :RELEASE :MOVED
            0 :DISCOVERED 2)
ROW :PASS ((:BOUNDARY :MARKSWEEP :SCALAR :GRANULARITY 16 :C 32 :H 32))
ROW :BEGIN ((:BOUNDARY :MARKSWEEP :SCALAR :GRANULARITY 16 :C 32 :H 63))
ROW :ATOMIC-CODE-REJECTION (:CODE 268435464 :CONDITION
                            "Reference encoding code-row capacity exhausted")
ROW :CYCLE (:CASE (:BOUNDARY :MARKSWEEP :SCALAR :GRANULARITY 16 :C 32 :H 63)
            :ROUND 0 :STATUS :COMPLETE :REASON :COMPLETE :PHASE :RELEASE :MOVED
            0 :DISCOVERED 2)
ROW :CYCLE (:CASE (:BOUNDARY :MARKSWEEP :SCALAR :GRANULARITY 16 :C 32 :H 63)
            :ROUND 1 :STATUS :COMPLETE :REASON :COMPLETE :PHASE :RELEASE :MOVED
            0 :DISCOVERED 2)
ROW :CYCLE (:CASE (:BOUNDARY :MARKSWEEP :SCALAR :GRANULARITY 16 :C 32 :H 63)
            :ROUND 2 :STATUS :COMPLETE :REASON :COMPLETE :PHASE :RELEASE :MOVED
            0 :DISCOVERED 2)
ROW :PASS ((:BOUNDARY :MARKSWEEP :SCALAR :GRANULARITY 16 :C 32 :H 63))
ROW :BEGIN ((:BOUNDARY :MARKSWEEP :SCALAR :GRANULARITY 16 :C 32 :H 64))
ROW :ATOMIC-CODE-REJECTION (:CODE 536870914 :CONDITION
                            "Reference encoding code-row capacity exhausted")
ROW :CYCLE (:CASE (:BOUNDARY :MARKSWEEP :SCALAR :GRANULARITY 16 :C 32 :H 64)
            :ROUND 0 :STATUS :COMPLETE :REASON :COMPLETE :PHASE :RELEASE :MOVED
            0 :DISCOVERED 2)
ROW :CYCLE (:CASE (:BOUNDARY :MARKSWEEP :SCALAR :GRANULARITY 16 :C 32 :H 64)
            :ROUND 1 :STATUS :COMPLETE :REASON :COMPLETE :PHASE :RELEASE :MOVED
            0 :DISCOVERED 2)
ROW :CYCLE (:CASE (:BOUNDARY :MARKSWEEP :SCALAR :GRANULARITY 16 :C 32 :H 64)
            :ROUND 2 :STATUS :COMPLETE :REASON :COMPLETE :PHASE :RELEASE :MOVED
            0 :DISCOVERED 2)
ROW :PASS ((:BOUNDARY :MARKSWEEP :SCALAR :GRANULARITY 16 :C 32 :H 64))
ROW :BEGIN ((:BOUNDARY :MARKSWEEP :SCALAR :GRANULARITY 16 :C 32 :H 67))
ROW :ATOMIC-CODE-REJECTION (:CODE 536870914 :CONDITION
                            "Reference encoding code-row capacity exhausted")
ROW :CYCLE (:CASE (:BOUNDARY :MARKSWEEP :SCALAR :GRANULARITY 16 :C 32 :H 67)
            :ROUND 0 :STATUS :COMPLETE :REASON :COMPLETE :PHASE :RELEASE :MOVED
            0 :DISCOVERED 2)
ROW :CYCLE (:CASE (:BOUNDARY :MARKSWEEP :SCALAR :GRANULARITY 16 :C 32 :H 67)
            :ROUND 1 :STATUS :COMPLETE :REASON :COMPLETE :PHASE :RELEASE :MOVED
            0 :DISCOVERED 2)
ROW :CYCLE (:CASE (:BOUNDARY :MARKSWEEP :SCALAR :GRANULARITY 16 :C 32 :H 67)
            :ROUND 2 :STATUS :COMPLETE :REASON :COMPLETE :PHASE :RELEASE :MOVED
            0 :DISCOVERED 2)
ROW :PASS ((:BOUNDARY :MARKSWEEP :SCALAR :GRANULARITY 16 :C 32 :H 67))
ROW :BEGIN ((:HISTORY :MARKSWEEP :SCALAR 16 536870913))
ROW :CYCLE (:CASE (:HISTORY :MARKSWEEP :SCALAR 16 536870913) :ROUND 0 :STATUS
            :COMPLETE :REASON :COMPLETE :PHASE :RELEASE :MOVED 0 :DISCOVERED 2)
ROW :CYCLE (:CASE (:HISTORY :MARKSWEEP :SCALAR 16 536870913) :ROUND 1 :STATUS
            :COMPLETE :REASON :COMPLETE :PHASE :RELEASE :MOVED 0 :DISCOVERED 2)
ROW :CYCLE (:CASE (:HISTORY :MARKSWEEP :SCALAR 16 536870913) :ROUND 2 :STATUS
            :COMPLETE :REASON :COMPLETE :PHASE :RELEASE :MOVED 0 :DISCOVERED 2)
ROW :PASS ((:HISTORY :MARKSWEEP :SCALAR 16 536870913))
ROW :BEGIN ((:HISTORY :MARKSWEEP :SCALAR 16 268435464))
ROW :CYCLE (:CASE (:HISTORY :MARKSWEEP :SCALAR 16 268435464) :ROUND 0 :STATUS
            :COMPLETE :REASON :COMPLETE :PHASE :RELEASE :MOVED 0 :DISCOVERED 2)
ROW :CYCLE (:CASE (:HISTORY :MARKSWEEP :SCALAR 16 268435464) :ROUND 1 :STATUS
            :COMPLETE :REASON :COMPLETE :PHASE :RELEASE :MOVED 0 :DISCOVERED 2)
ROW :CYCLE (:CASE (:HISTORY :MARKSWEEP :SCALAR 16 268435464) :ROUND 2 :STATUS
            :COMPLETE :REASON :COMPLETE :PHASE :RELEASE :MOVED 0 :DISCOVERED 2)
ROW :PASS ((:HISTORY :MARKSWEEP :SCALAR 16 268435464))
ROW :BEGIN ((:ALL-CELLS :MARKSWEEP :SCALAR 16))
ROW :ALL-DESCRIPTOR-CELLS (:CELLS 32 :PASSES 2 :GRANULARITIES (16))
ROW :PASS ((:ALL-CELLS :MARKSWEEP :SCALAR 16))
ROW :BEGIN ((:FUTURE-LARGE :MARKSWEEP :SCALAR 16))
ROW :ATOMIC-CODE-REJECTION (:CODE 536870913 :CONDITION
                            "Reference encoding code-row capacity exhausted")
ROW :PASS ((:FUTURE-LARGE :MARKSWEEP :SCALAR 16))
ROW :BEGIN ((:STAGED :MARKSWEEP :SCALAR 16))
ROW :CYCLE (:CASE (:STAGED :MARKSWEEP :SCALAR 16) :ROUND 0 :STATUS :COMPLETE
            :REASON :COMPLETE :PHASE :RELEASE :MOVED 0 :DISCOVERED 2)
ROW :CYCLE (:CASE (:STAGED :MARKSWEEP :SCALAR 16) :ROUND 1 :STATUS :COMPLETE
            :REASON :COMPLETE :PHASE :RELEASE :MOVED 0 :DISCOVERED 2)
ROW :CYCLE (:CASE (:STAGED :MARKSWEEP :SCALAR 16) :ROUND 2 :STATUS :COMPLETE
            :REASON :COMPLETE :PHASE :RELEASE :MOVED 0 :DISCOVERED 2)
ROW :PASS ((:STAGED :MARKSWEEP :SCALAR 16))
ROW :BEGIN ((:BOUNDARY :MARKSWEEP :SCALAR :GRANULARITY 8 :C 64 :H 0))
ROW :ATOMIC-CODE-REJECTION (:CODE 536870913 :CONDITION
                            "Reference encoding code-row capacity exhausted")
ROW :CYCLE (:CASE (:BOUNDARY :MARKSWEEP :SCALAR :GRANULARITY 8 :C 64 :H 0)
            :ROUND 0 :STATUS :COMPLETE :REASON :COMPLETE :PHASE :RELEASE :MOVED
            0 :DISCOVERED 2)
ROW :CYCLE (:CASE (:BOUNDARY :MARKSWEEP :SCALAR :GRANULARITY 8 :C 64 :H 0)
            :ROUND 1 :STATUS :COMPLETE :REASON :COMPLETE :PHASE :RELEASE :MOVED
            0 :DISCOVERED 2)
ROW :CYCLE (:CASE (:BOUNDARY :MARKSWEEP :SCALAR :GRANULARITY 8 :C 64 :H 0)
            :ROUND 2 :STATUS :COMPLETE :REASON :COMPLETE :PHASE :RELEASE :MOVED
            0 :DISCOVERED 2)
ROW :PASS ((:BOUNDARY :MARKSWEEP :SCALAR :GRANULARITY 8 :C 64 :H 0))
ROW :BEGIN ((:BOUNDARY :MARKSWEEP :SCALAR :GRANULARITY 8 :C 64 :H 1))
ROW :BUILDER-RELEASED (:ACQUIRED 9 :RELEASED 10)
ROW :PASS ((:BOUNDARY :MARKSWEEP :SCALAR :GRANULARITY 8 :C 64 :H 1))
ROW :BEGIN ((:BOUNDARY :MARKSWEEP :SCALAR :GRANULARITY 8 :C 64 :H 63))
ROW :BUILDER-RELEASED (:ACQUIRED 9 :RELEASED 10)
ROW :PASS ((:BOUNDARY :MARKSWEEP :SCALAR :GRANULARITY 8 :C 64 :H 63))
ROW :BEGIN ((:BOUNDARY :MARKSWEEP :SCALAR :GRANULARITY 8 :C 64 :H 64))
ROW :ATOMIC-CODE-REJECTION (:CODE 268435464 :CONDITION
                            "Reference encoding code-row capacity exhausted")
ROW :CYCLE (:CASE (:BOUNDARY :MARKSWEEP :SCALAR :GRANULARITY 8 :C 64 :H 64)
            :ROUND 0 :STATUS :COMPLETE :REASON :COMPLETE :PHASE :RELEASE :MOVED
            0 :DISCOVERED 2)
ROW :CYCLE (:CASE (:BOUNDARY :MARKSWEEP :SCALAR :GRANULARITY 8 :C 64 :H 64)
            :ROUND 1 :STATUS :COMPLETE :REASON :COMPLETE :PHASE :RELEASE :MOVED
            0 :DISCOVERED 2)
ROW :CYCLE (:CASE (:BOUNDARY :MARKSWEEP :SCALAR :GRANULARITY 8 :C 64 :H 64)
            :ROUND 2 :STATUS :COMPLETE :REASON :COMPLETE :PHASE :RELEASE :MOVED
            0 :DISCOVERED 2)
ROW :PASS ((:BOUNDARY :MARKSWEEP :SCALAR :GRANULARITY 8 :C 64 :H 64))
ROW :BEGIN ((:BOUNDARY :MARKSWEEP :SCALAR :GRANULARITY 8 :C 64 :H 127))
ROW :ATOMIC-CODE-REJECTION (:CODE 268435464 :CONDITION
                            "Reference encoding code-row capacity exhausted")
ROW :CYCLE (:CASE (:BOUNDARY :MARKSWEEP :SCALAR :GRANULARITY 8 :C 64 :H 127)
            :ROUND 0 :STATUS :COMPLETE :REASON :COMPLETE :PHASE :RELEASE :MOVED
            0 :DISCOVERED 2)
ROW :CYCLE (:CASE (:BOUNDARY :MARKSWEEP :SCALAR :GRANULARITY 8 :C 64 :H 127)
            :ROUND 1 :STATUS :COMPLETE :REASON :COMPLETE :PHASE :RELEASE :MOVED
            0 :DISCOVERED 2)
ROW :CYCLE (:CASE (:BOUNDARY :MARKSWEEP :SCALAR :GRANULARITY 8 :C 64 :H 127)
            :ROUND 2 :STATUS :COMPLETE :REASON :COMPLETE :PHASE :RELEASE :MOVED
            0 :DISCOVERED 2)
ROW :PASS ((:BOUNDARY :MARKSWEEP :SCALAR :GRANULARITY 8 :C 64 :H 127))
ROW :BEGIN ((:BOUNDARY :MARKSWEEP :SCALAR :GRANULARITY 8 :C 64 :H 128))
ROW :ATOMIC-CODE-REJECTION (:CODE 536870914 :CONDITION
                            "Reference encoding code-row capacity exhausted")
ROW :CYCLE (:CASE (:BOUNDARY :MARKSWEEP :SCALAR :GRANULARITY 8 :C 64 :H 128)
            :ROUND 0 :STATUS :COMPLETE :REASON :COMPLETE :PHASE :RELEASE :MOVED
            0 :DISCOVERED 2)
ROW :CYCLE (:CASE (:BOUNDARY :MARKSWEEP :SCALAR :GRANULARITY 8 :C 64 :H 128)
            :ROUND 1 :STATUS :COMPLETE :REASON :COMPLETE :PHASE :RELEASE :MOVED
            0 :DISCOVERED 2)
ROW :CYCLE (:CASE (:BOUNDARY :MARKSWEEP :SCALAR :GRANULARITY 8 :C 64 :H 128)
            :ROUND 2 :STATUS :COMPLETE :REASON :COMPLETE :PHASE :RELEASE :MOVED
            0 :DISCOVERED 2)
ROW :PASS ((:BOUNDARY :MARKSWEEP :SCALAR :GRANULARITY 8 :C 64 :H 128))
ROW :BEGIN ((:BOUNDARY :MARKSWEEP :SCALAR :GRANULARITY 8 :C 64 :H 131))
ROW :ATOMIC-CODE-REJECTION (:CODE 536870914 :CONDITION
                            "Reference encoding code-row capacity exhausted")
ROW :CYCLE (:CASE (:BOUNDARY :MARKSWEEP :SCALAR :GRANULARITY 8 :C 64 :H 131)
            :ROUND 0 :STATUS :COMPLETE :REASON :COMPLETE :PHASE :RELEASE :MOVED
            0 :DISCOVERED 2)
ROW :CYCLE (:CASE (:BOUNDARY :MARKSWEEP :SCALAR :GRANULARITY 8 :C 64 :H 131)
            :ROUND 1 :STATUS :COMPLETE :REASON :COMPLETE :PHASE :RELEASE :MOVED
            0 :DISCOVERED 2)
ROW :CYCLE (:CASE (:BOUNDARY :MARKSWEEP :SCALAR :GRANULARITY 8 :C 64 :H 131)
            :ROUND 2 :STATUS :COMPLETE :REASON :COMPLETE :PHASE :RELEASE :MOVED
            0 :DISCOVERED 2)
ROW :PASS ((:BOUNDARY :MARKSWEEP :SCALAR :GRANULARITY 8 :C 64 :H 131))
ROW :BEGIN ((:HISTORY :MARKSWEEP :SCALAR 8 536870913))
ROW :CYCLE (:CASE (:HISTORY :MARKSWEEP :SCALAR 8 536870913) :ROUND 0 :STATUS
            :COMPLETE :REASON :COMPLETE :PHASE :RELEASE :MOVED 0 :DISCOVERED 2)
ROW :CYCLE (:CASE (:HISTORY :MARKSWEEP :SCALAR 8 536870913) :ROUND 1 :STATUS
            :COMPLETE :REASON :COMPLETE :PHASE :RELEASE :MOVED 0 :DISCOVERED 2)
ROW :CYCLE (:CASE (:HISTORY :MARKSWEEP :SCALAR 8 536870913) :ROUND 2 :STATUS
            :COMPLETE :REASON :COMPLETE :PHASE :RELEASE :MOVED 0 :DISCOVERED 2)
ROW :PASS ((:HISTORY :MARKSWEEP :SCALAR 8 536870913))
ROW :BEGIN ((:HISTORY :MARKSWEEP :SCALAR 8 268435464))
ROW :CYCLE (:CASE (:HISTORY :MARKSWEEP :SCALAR 8 268435464) :ROUND 0 :STATUS
            :COMPLETE :REASON :COMPLETE :PHASE :RELEASE :MOVED 0 :DISCOVERED 2)
ROW :CYCLE (:CASE (:HISTORY :MARKSWEEP :SCALAR 8 268435464) :ROUND 1 :STATUS
            :COMPLETE :REASON :COMPLETE :PHASE :RELEASE :MOVED 0 :DISCOVERED 2)
ROW :CYCLE (:CASE (:HISTORY :MARKSWEEP :SCALAR 8 268435464) :ROUND 2 :STATUS
            :COMPLETE :REASON :COMPLETE :PHASE :RELEASE :MOVED 0 :DISCOVERED 2)
ROW :PASS ((:HISTORY :MARKSWEEP :SCALAR 8 268435464))
ROW :BEGIN ((:ALL-CELLS :MARKSWEEP :SCALAR 8))
ROW :ALL-DESCRIPTOR-CELLS (:CELLS 64 :PASSES 2 :GRANULARITIES (8))
ROW :PASS ((:ALL-CELLS :MARKSWEEP :SCALAR 8))
ROW :BEGIN ((:FUTURE-LARGE :MARKSWEEP :SCALAR 8))
ROW :ATOMIC-CODE-REJECTION (:CODE 536870913 :CONDITION
                            "Reference encoding code-row capacity exhausted")
ROW :PASS ((:FUTURE-LARGE :MARKSWEEP :SCALAR 8))
ROW :BEGIN ((:STAGED :MARKSWEEP :SCALAR 8))
ROW :CYCLE (:CASE (:STAGED :MARKSWEEP :SCALAR 8) :ROUND 0 :STATUS :COMPLETE
            :REASON :COMPLETE :PHASE :RELEASE :MOVED 0 :DISCOVERED 2)
ROW :CYCLE (:CASE (:STAGED :MARKSWEEP :SCALAR 8) :ROUND 1 :STATUS :COMPLETE
            :REASON :COMPLETE :PHASE :RELEASE :MOVED 0 :DISCOVERED 2)
ROW :CYCLE (:CASE (:STAGED :MARKSWEEP :SCALAR 8) :ROUND 2 :STATUS :COMPLETE
            :REASON :COMPLETE :PHASE :RELEASE :MOVED 0 :DISCOVERED 2)
ROW :PASS ((:STAGED :MARKSWEEP :SCALAR 8))
ROW :BEGIN ((:OBSERVER-CONTROL :MARKSWEEP :SCALAR))
ROW :BUILDER-RELEASED (:ACQUIRED 9 :RELEASED 10)
ROW :PASS ((:OBSERVER-CONTROL :MARKSWEEP :SCALAR))
ROW :BEGIN ((:MIXED-GRANULARITY-HISTORY :PACKED))
ROW :CYCLE (:CASE (:MIXED-GRANULARITY-HISTORY :PACKED) :ROUND 0 :STATUS
            :COMPLETE :REASON :COMPLETE :PHASE :RELEASE :MOVED 2 :DISCOVERED 2)
ROW :CYCLE (:CASE (:MIXED-GRANULARITY-HISTORY :PACKED) :ROUND 1 :STATUS
            :COMPLETE :REASON :COMPLETE :PHASE :RELEASE :MOVED 2 :DISCOVERED 2)
ROW :CYCLE (:CASE (:MIXED-GRANULARITY-HISTORY :PACKED) :ROUND 2 :STATUS
            :COMPLETE :REASON :COMPLETE :PHASE :RELEASE :MOVED 2 :DISCOVERED 2)
ROW :PASS ((:MIXED-GRANULARITY-HISTORY :PACKED))
ROW :BEGIN ((:MIXED-GRANULARITY-ALL-CELLS :PACKED))
ROW :ALL-DESCRIPTOR-CELLS (:CELLS 96 :PASSES 2 :GRANULARITIES (8 16))
ROW :PASS ((:MIXED-GRANULARITY-ALL-CELLS :PACKED))
ROW :BEGIN ((:GENERATION-PROMOTION :PACKED 536870913))
ROW :PROMOTION (:SCOPE :MINOR :STATUS :COMPLETE :REASON :COMPLETE :MOVED 2
                :DISCOVERED 2)
ROW :PROMOTION (:SCOPE :MINOR :STATUS :COMPLETE :REASON :COMPLETE :MOVED 0
                :DISCOVERED 0)
ROW :PROMOTION (:SCOPE :ALL :STATUS :COMPLETE :REASON :COMPLETE :MOVED 0
                :DISCOVERED 2)
ROW :PASS ((:GENERATION-PROMOTION :PACKED 536870913))
ROW :BEGIN ((:GENERATION-PROMOTION :PACKED 268435464))
ROW :PROMOTION (:SCOPE :MINOR :STATUS :COMPLETE :REASON :COMPLETE :MOVED 2
                :DISCOVERED 2)
ROW :PROMOTION (:SCOPE :MINOR :STATUS :COMPLETE :REASON :COMPLETE :MOVED 0
                :DISCOVERED 0)
ROW :PROMOTION (:SCOPE :ALL :STATUS :COMPLETE :REASON :COMPLETE :MOVED 0
                :DISCOVERED 2)
ROW :PASS ((:GENERATION-PROMOTION :PACKED 268435464))
ROW :BEGIN ((:MIXED-GRANULARITY-HISTORY :SCALAR))
ROW :CYCLE (:CASE (:MIXED-GRANULARITY-HISTORY :SCALAR) :ROUND 0 :STATUS
            :COMPLETE :REASON :COMPLETE :PHASE :RELEASE :MOVED 2 :DISCOVERED 2)
ROW :CYCLE (:CASE (:MIXED-GRANULARITY-HISTORY :SCALAR) :ROUND 1 :STATUS
            :COMPLETE :REASON :COMPLETE :PHASE :RELEASE :MOVED 2 :DISCOVERED 2)
ROW :CYCLE (:CASE (:MIXED-GRANULARITY-HISTORY :SCALAR) :ROUND 2 :STATUS
            :COMPLETE :REASON :COMPLETE :PHASE :RELEASE :MOVED 2 :DISCOVERED 2)
ROW :PASS ((:MIXED-GRANULARITY-HISTORY :SCALAR))
ROW :BEGIN ((:MIXED-GRANULARITY-ALL-CELLS :SCALAR))
ROW :ALL-DESCRIPTOR-CELLS (:CELLS 96 :PASSES 2 :GRANULARITIES (8 16))
ROW :PASS ((:MIXED-GRANULARITY-ALL-CELLS :SCALAR))
ROW :BEGIN ((:GENERATION-PROMOTION :SCALAR 536870913))
ROW :PROMOTION (:SCOPE :MINOR :STATUS :COMPLETE :REASON :COMPLETE :MOVED 2
                :DISCOVERED 2)
ROW :PROMOTION (:SCOPE :MINOR :STATUS :COMPLETE :REASON :COMPLETE :MOVED 0
                :DISCOVERED 0)
ROW :PROMOTION (:SCOPE :ALL :STATUS :COMPLETE :REASON :COMPLETE :MOVED 0
                :DISCOVERED 2)
ROW :PASS ((:GENERATION-PROMOTION :SCALAR 536870913))
ROW :BEGIN ((:GENERATION-PROMOTION :SCALAR 268435464))
ROW :PROMOTION (:SCOPE :MINOR :STATUS :COMPLETE :REASON :COMPLETE :MOVED 2
                :DISCOVERED 2)
ROW :PROMOTION (:SCOPE :MINOR :STATUS :COMPLETE :REASON :COMPLETE :MOVED 0
                :DISCOVERED 0)
ROW :PROMOTION (:SCOPE :ALL :STATUS :COMPLETE :REASON :COMPLETE :MOVED 0
                :DISCOVERED 2)
ROW :PASS ((:GENERATION-PROMOTION :SCALAR 268435464))
ROW :FINISHED (:PASSED 108 :FAILED 0 :PRESERVED-WORLDS 0)
ROW :BEGIN ((:ENDPOINT-HOLES :SEMISPACE :PACKED 8))
ROW :EXACT-ROW-ACCOUNT (:REQUIRED 132 :H 128 :RESERVED 0)
ROW :FAIL ((:ENDPOINT-HOLES :SEMISPACE :PACKED 8) :CONDITION "The value
  #(#S(CLAMSARA::%CAPACITY-ACCOUNT-ENTRY
       :IDENTITY :CONFIGURATION-AUXILIARY
       :REPRESENTATION :RUNTIME-OBJECT-VECTOR
       :PLACEMENT-IDENTITY NIL
       :ALLOCATION-CONTEXT :CONSTRUCTION-ONLY
       :EXHAUSTION-ACTION :REJECT-BEFORE-PUBLICATION
       :HANDLE #()
       :PHYSICAL-BYTES 16
       :ENTRY-CAPACITY 0
       :AUXILIARY-BYTES 276320)
    #S(CLAMSARA::%CAPACITY-ACCOUNT-ENTRY
       :IDENTITY #:RUNTIME-OBJECTS-1647
       :REPRESENTATION :RUNTIME-OBJECT-VECTOR
       :PLACEMENT-IDENTITY NIL
       :ALLOCATION-CONTEXT :CONSTRUCTION-ONLY
       :EXHAUSTION-ACTION :REJECT-BEFORE-PUBLICATION
       :HANDLE #(NIL NIL NIL NIL NIL NIL NIL NIL NIL NIL NIL NIL NIL NIL NIL
                 NIL NIL NIL NIL NIL NIL NIL NIL NIL NIL NIL NIL NIL NIL NIL
                 NIL NIL NIL NIL NIL NIL NIL NIL NIL NIL NIL NIL NIL NIL NIL
                 NIL NIL NIL NIL NIL NIL NIL NIL NIL NIL NIL NIL NIL NIL NIL
                 NIL NIL NIL NIL NIL NIL NIL NIL NIL NIL NIL NIL NIL NIL NIL
                 NIL NIL NIL NIL NIL NIL NIL NIL NIL NIL NIL NIL NIL NIL NIL
                 NIL NIL NIL NIL NIL NIL NIL NIL NIL NIL NIL NIL NIL NIL NIL
                 NIL NIL NIL NIL NIL NIL NIL NIL NIL NIL NIL NIL NIL NIL NIL
                 NIL NIL NIL NIL NIL NIL NIL NIL NIL NIL NIL NIL NIL NIL NIL
                 NIL NIL NIL NIL NIL NIL NIL NIL NIL NIL NIL NIL NIL NIL NIL
                 NIL NIL NIL NIL NIL NIL NIL NIL NIL NIL NIL NIL NIL NIL NIL
                 NIL NIL NIL NIL NIL NIL NIL NIL NIL NIL NIL NIL NIL NIL NIL
                 NIL NIL NIL NIL NIL NIL NIL NIL NIL NIL NIL NIL NIL NIL NIL
                 NIL NIL NIL NIL NIL NIL NIL NIL NIL NIL NIL NIL NIL NIL NIL
                 NIL NIL NIL NIL NIL NIL NIL NIL NIL NIL NIL NIL NIL NIL NIL
                 NIL NIL NIL NIL NIL NIL NIL NIL NIL NIL NIL NIL NIL NIL NIL
                 NIL NIL NIL NIL NIL NIL NIL NIL NIL NIL NIL NIL NIL NIL NIL
                 NIL NIL NIL NIL NIL NIL NIL NIL NIL NIL NIL NIL NIL NIL NIL
                 NIL NIL NIL NIL NIL NIL NIL NIL NIL NIL NIL NIL NIL NIL NIL
                 NIL NIL NIL NIL NIL NIL NIL NIL NIL NIL NIL NIL NIL NIL NIL
                 NIL NIL NIL NIL NIL NIL NIL NIL NIL NIL NIL NIL NIL NIL NIL
                 NIL NIL NIL NIL NIL NIL NIL NIL NIL NIL NIL NIL NIL NIL NIL
                 NIL NIL NIL NIL NIL NIL NIL NIL NIL NIL NIL NIL NIL NIL NIL
                 NIL NIL NIL NIL NIL NIL NIL NIL NIL NIL NIL NIL NIL NIL NIL
                 NIL NIL NIL NIL NIL NIL NIL NIL NIL NIL NIL NIL NIL NIL NIL
                 NIL NIL NIL NIL NIL NIL NIL NIL NIL NIL NIL NIL NIL NIL NIL
                 NIL NIL NIL NIL NIL NIL NIL NIL NIL NIL NIL NIL NIL NIL NIL
                 NIL NIL NIL NIL NIL NIL NIL NIL NIL NIL NIL NIL NIL NIL NIL
                 NIL NIL NIL NIL NIL NIL NIL NIL NIL NIL NIL NIL NIL NIL NIL
                 NIL NIL NIL NIL NIL NIL NIL NIL NIL NIL NIL NIL NIL NIL NIL
                 NIL NIL NIL NIL NIL NIL NIL NIL NIL NIL NIL NIL NIL NIL NIL
                 NIL NIL NIL NIL NIL NIL NIL NIL NIL NIL NIL NIL NIL NIL NIL
                 NIL NIL NIL NIL NIL NIL NIL NIL NIL NIL NIL NIL NIL NIL NIL
                 NIL NIL NIL NIL NIL NIL NIL NIL NIL NIL NIL NIL NIL NIL NIL
                 NIL NIL NIL NIL NIL NIL NIL NIL NIL NIL NIL NIL NIL NIL NIL
                 NIL NIL NIL NIL NIL NIL NIL NIL NIL NIL NIL NIL NIL NIL NIL
                 NIL NIL NIL NIL NIL NIL NIL NIL NIL NIL NIL NIL NIL NIL NIL
                 NIL NIL NIL NIL NIL NIL NIL NIL NIL NIL NIL NIL NIL NIL NIL
                 NIL NIL NIL NIL NIL NIL NIL NIL NIL NIL NIL NIL NIL NIL NIL
                 NIL NIL NIL NIL NIL NIL NIL NIL NIL NIL NIL NIL NIL NIL NIL
                 NIL NIL NIL NIL NIL NIL NIL NIL NIL NIL NIL NIL NIL NIL NIL
                 NIL NIL NIL NIL NIL NIL NIL NIL NIL NIL NIL NIL NIL NIL NIL
                 NIL NIL NIL NIL NIL NIL NIL NIL NIL NIL NIL NIL NIL NIL NIL
                 NIL NIL NIL NIL NIL NIL NIL NIL NIL NIL NIL NIL NIL NIL NIL
                 NIL NIL NIL NIL NIL NIL NIL NIL NIL NIL NIL NIL NIL NIL NIL
                 NIL NIL NIL NIL NIL NIL NIL NIL NIL NIL NIL NIL NIL NIL NIL
                 NIL NIL NIL NIL NIL NIL NIL NIL NIL NIL NIL NIL NIL NIL NIL
                 NIL NIL NIL NIL NIL NIL NIL NIL NIL NIL NIL NIL NIL NIL NIL
                 NIL NIL NIL NIL NIL NIL NIL NIL NIL NIL NIL NIL NIL NIL NIL
                 NIL NIL NIL NIL NIL NIL NIL NIL NIL NIL NIL NIL NIL NIL NIL
                 NIL NIL NIL NIL NIL NIL NIL NIL NIL NIL NIL NIL NIL NIL NIL
                 NIL NIL NIL NIL NIL NIL NIL NIL NIL NIL NIL NIL NIL NIL NIL
                 NIL NIL NIL NIL NIL NIL NIL NIL NIL NIL NIL NIL NIL NIL NIL
                 NIL NIL NIL NIL NIL NIL NIL NIL NIL NIL NIL NIL NIL NIL NIL
                 NIL NIL NIL NIL NIL NIL NIL NIL NIL NIL NIL NIL NIL NIL NIL
                 NIL NIL NIL NIL NIL NIL NIL NIL NIL NIL NIL NIL NIL NIL NIL
                 NIL NIL NIL NIL NIL NIL NIL NIL NIL NIL NIL NIL NIL NIL NIL
                 NIL NIL NIL NIL NIL NIL NIL NIL NIL NIL NIL NIL NIL NIL NIL
                 NIL NIL NIL NIL NIL NIL NIL NIL NIL NIL NIL NIL NIL NIL NIL
                 NIL NIL NIL NIL NIL NIL NIL NIL NIL NIL NIL NIL NIL NIL NIL
                 NIL NIL NIL NIL NIL NIL NIL NIL NIL NIL NIL NIL NIL NIL NIL
                 NIL NIL NIL NIL NIL NIL NIL NIL NIL NIL NIL NIL NIL NIL NIL
                 NIL NIL NIL NIL NIL NIL NIL NIL NIL NIL NIL NIL NIL NIL NIL
                 NIL NIL NIL NIL NIL NIL NIL NIL NIL NIL NIL NIL NIL NIL NIL
                 NIL NIL NIL NIL NIL NIL NIL NIL NIL NIL NIL NIL NIL NIL NIL
                 NIL NIL NIL NIL NIL NIL NIL NIL NIL NIL NIL NIL NIL NIL NIL
                 NIL NIL NIL NIL NIL NIL NIL NIL NIL NIL NIL NIL NIL NIL NIL
                 NIL NIL NIL NIL NIL NIL NIL NIL NIL NIL NIL NIL NIL NIL NIL
                 NIL NIL NIL NIL NIL NIL NIL NIL NIL NIL NIL NIL NIL NIL NIL
                 NIL NIL NIL NIL NIL NIL NIL NIL NIL NIL NIL NIL NIL NIL NIL
                 NIL NIL NIL NIL NIL NIL NIL NIL NIL NIL NIL NIL NIL NIL NIL
                 NIL NIL NIL NIL NIL NIL NIL NIL NIL NIL NIL NIL NIL NIL NIL
                 NIL NIL NIL NIL NIL NIL NIL NIL NIL NIL NIL NIL NIL NIL NIL
                 NIL NIL NIL NIL NIL NIL NIL NIL NIL NIL NIL NIL NIL NIL NIL
                 NIL NIL NIL NIL NIL NIL NIL NIL NIL NIL NIL NIL NIL NIL NIL
                 NIL NIL NIL NIL NIL NIL NIL NIL NIL NIL NIL NIL NIL NIL NIL
                 NIL NIL NIL NIL NIL NIL NIL NIL NIL NIL NIL NIL NIL NIL NIL
                 NIL NIL NIL NIL NIL NIL NIL NIL NIL NIL NIL NIL NIL NIL NIL
                 NIL NIL NIL NIL NIL NIL NIL NIL NIL NIL NIL NIL NIL NIL NIL
                 NIL NIL NIL NIL NIL NIL NIL NIL NIL NIL NIL NIL NIL NIL NIL
                 NIL NIL NIL NIL NIL NIL NIL NIL NIL NIL NIL NIL NIL NIL NIL
                 NIL NIL NIL NIL NIL NIL NIL NIL NIL NIL NIL NIL NIL NIL NIL
                 NIL NIL NIL NIL NIL NIL NIL NIL NIL NIL NIL NIL NIL NIL NIL
                 NIL NIL NIL NIL NIL NIL NIL NIL NIL NIL NIL NIL NIL NIL NIL
                 NIL NIL NIL NIL NIL NIL NIL NIL NIL NIL NIL NIL NIL NIL NIL
                 NIL NIL NIL NIL NIL NIL NIL NIL NIL NIL NIL NIL NIL NIL NIL
                 NIL NIL NIL NIL NIL NIL NIL NIL NIL NIL NIL NIL NIL NIL NIL
                 NIL NIL NIL NIL NIL NIL NIL NIL NIL NIL NIL NIL NIL NIL NIL
                 NIL NIL NIL NIL NIL NIL NIL NIL NIL NIL NIL NIL NIL NIL NIL
                 NIL NIL NIL NIL NIL NIL NIL NIL NIL NIL NIL NIL NIL NIL NIL
                 NIL NIL NIL NIL NIL NIL NIL NIL NIL NIL NIL NIL NIL NIL NIL
                 NIL NIL NIL NIL NIL NIL NIL NIL NIL NIL NIL NIL NIL NIL NIL
                 NIL NIL NIL NIL NIL NIL NIL NIL NIL NIL NIL NIL NIL NIL NIL
                 NIL NIL NIL NIL NIL NIL NIL NIL NIL NIL NIL NIL NIL NIL NIL
                 NIL NIL NIL NIL NIL NIL NIL NIL NIL NIL NIL NIL NIL NIL NIL
                 NIL NIL NIL NIL NIL NIL NIL NIL NIL NIL NIL NIL NIL NIL NIL
                 NIL NIL NIL NIL NIL NIL NIL NIL NIL NIL NIL NIL NIL NIL NIL
                 NIL NIL NIL NIL NIL NIL NIL NIL NIL NIL NIL NIL NIL NIL NIL
                 NIL NIL NIL NIL NIL NIL NIL NIL NIL NIL NIL NIL NIL NIL NIL
                 NIL NIL NIL NIL NIL NIL NIL NIL NIL NIL NIL NIL NIL NIL NIL
                 NIL NIL NIL NIL NIL NIL NIL NIL NIL NIL NIL NIL NIL NIL NIL
                 NIL NIL NIL NIL NIL NIL NIL NIL NIL NIL NIL NIL NIL NIL NIL
                 NIL NIL NIL NIL NIL NIL NIL NIL NIL NIL NIL NIL NIL NIL NIL
                 NIL NIL NIL NIL NIL NIL NIL NIL NIL NIL NIL)
       :PHYSICAL-BYTES 12464
       :ENTRY-CAPACITY 1556
       :AUXILIARY-BYTES 19568)
    #S(CLAMSARA::%CAPACITY-ACCOUNT-ENTRY
       :IDENTITY #:RUNTIME-INDICES-1648
       :REPRESENTATION :RUNTIME-INDEX-VECTOR
       :PLACEMENT-IDENTITY NIL
       :ALLOCATION-CONTEXT :CONSTRUCTION-ONLY
       :EXHAUSTION-ACTION :REJECT-BEFORE-PUBLICATION
       :HANDLE #(0 0 0 0 0 0)
       :PHYSICAL-BYTES 64
       :ENTRY-CAPACITY 6
       :AUXILIARY-BYTES 480)
    #S(CLAMSARA::%CAPACITY-ACCOUNT-ENTRY
       :IDENTITY #:RUNTIME-SPACE-STATE-1644
       :REPRESENTATION :RUNTIME-OBJECT-VECTOR
       :PLACEMENT-IDENTITY NIL
       :ALLOCATION-CONTEXT :CONSTRUCTION-ONLY
       :EXHAUSTION-ACTION :REJECT-BEFORE-PUBLICATION
       :HANDLE #()
       :PHYSICAL-BYTES 16
       :ENTRY-CAPACITY 0
       :AUXILIARY-BYTES 1280)
    #S(CLAMSARA::%CAPACITY-ACCOUNT-ENTRY
       :IDENTITY #<CLAMSARA:OBJECT-START-MARKS {12065DE453}>
       :REPRESENTATION :PACKED-BIT-VECTOR
       :PLACEMENT-IDENTITY NIL
       :ALLOCATION-CONTEXT :CONSTRUCTION
       :EXHAUSTION-ACTION :REJECT
       :HANDLE #*0000000000000000000000000000000000000000000000000000000000000000
       :PHYSICAL-BYTES 32
       :ENTRY-CAPACITY 64
       :AUXILIARY-BYTES 144)
    #S(CLAMSARA::%CAPACITY-ACCOUNT-ENTRY
       :IDENTITY #<CLAMSARA:SIDE-FORWARDING {12065DE513}>
       :REPRESENTATION :FORWARDING-VECTOR
       :PLACEMENT-IDENTITY NIL
       :ALLOCATION-CONTEXT :CONSTRUCTION
       :EXHAUSTION-ACTION :REJECT
       :HANDLE #(NIL NIL NIL NIL NIL NIL NIL NIL NIL NIL NIL NIL NIL NIL NIL
                 NIL NIL NIL NIL NIL NIL NIL NIL NIL NIL NIL NIL NIL NIL NIL
                 NIL NIL)
       :PHYSICAL-BYTES 272
       :ENTRY-CAPACITY 32
       :AUXILIARY-BYTES 144)
    #S(CLAMSARA::%CAPACITY-ACCOUNT-ENTRY
       :IDENTITY #:RUNTIME-SPACE-STATE-1646
       :REPRESENTATION :RUNTIME-OBJECT-VECTOR
       :PLACEMENT-IDENTITY NIL
       :ALLOCATION-CONTEXT :CONSTRUCTION-ONLY
       :EXHAUSTION-ACTION :REJECT-BEFORE-PUBLICATION
       :HANDLE #()
       :PHYSICAL-BYTES 16
       :ENTRY-CAPACITY 0
       :AUXILIARY-BYTES 1280)
    #S(CLAMSARA::%CAPACITY-ACCOUNT-ENTRY
       :IDENTITY #<CLAMSARA:OBJECT-START-MARKS {12065DE7A3}>
       :REPRESENTATION :PACKED-BIT-VECTOR
       :PLACEMENT-IDENTITY NIL
       :ALLOCATION-CONTEXT :CONSTRUCTION
       :EXHAUSTION-ACTION :REJECT
       :HANDLE #*0000000000000000000000000000000000000000000000000000000000000000
       :PHYSICAL-BYTES 32
       :ENTRY-CAPACITY 64
       :AUXILIARY-BYTES 144)
    #S(CLAMSARA::%CAPACITY-ACCOUNT-ENTRY
       :IDENTITY #<CLAMSARA:SIDE-FORWARDING {12065DE863}>
       :REPRESENTATION :FORWARDING-VECTOR
       :PLACEMENT-IDENTITY NIL
       :ALLOCATION-CONTEXT :CONSTRUCTION
       :EXHAUSTION-ACTION :REJECT
       :HANDLE #(NIL NIL NIL NIL NIL NIL NIL NIL NIL NIL NIL NIL NIL NIL NIL
                 NIL NIL NIL NIL NIL NIL NIL NIL NIL NIL NIL NIL NIL NIL NIL
                 NIL NIL)
       :PHYSICAL-BYTES 272
       :ENTRY-CAPACITY 32
       :AUXILIARY-BYTES 144)
    #S(CLAMSARA::%CAPACITY-ACCOUNT-ENTRY
       :IDENTITY #:FINALIZER-OBJECTS-1641
       :REPRESENTATION :RUNTIME-OBJECT-VECTOR
       :PLACEMENT-IDENTITY NIL
       :ALLOCATION-CONTEXT :CONSTRUCTION-ONLY
       :EXHAUSTION-ACTION :REJECT-BEFORE-PUBLICATION
       :HANDLE #(NIL NIL NIL NIL NIL NIL NIL NIL NIL NIL NIL NIL NIL NIL NIL
                 NIL :FREE :FREE :FREE :FREE)
       :PHYSICAL-BYTES 176
       :ENTRY-CAPACITY 20
       :AUXILIARY-BYTES 3008)
    #S(CLAMSARA::%CAPACITY-ACCOUNT-ENTRY
       :IDENTITY #:FINALIZER-INDICES-1642
       :REPRESENTATION :RUNTIME-INDEX-VECTOR
       :PLACEMENT-IDENTITY NIL
       :ALLOCATION-CONTEXT :CONSTRUCTION-ONLY
       :EXHAUSTION-ACTION :REJECT-BEFORE-PUBLICATION
       :HANDLE #(NIL NIL NIL NIL 0 0 0 0
                 #S(CLAMSARA::SEQUENTIAL-FINALIZER-TOKEN
                    :OWNER #S(CLAMSARA::FINALIZER-OWNER-KEY)
                    :GENERATION 1
                    :INDEX -1)
                 #S(CLAMSARA::SEQUENTIAL-FINALIZER-TOKEN
                    :OWNER #S(CLAMSARA::FINALIZER-OWNER-KEY)
                    :GENERATION 2
                    :INDEX -1)
                 #S(CLAMSARA::SEQUENTIAL-FINALIZER-TOKEN
                    :OWNER #S(CLAMSARA::FINALIZER-OWNER-KEY)
                    :GENERATION 3
                    :INDEX -1)
                 #S(CLAMSARA::SEQUENTIAL-FINALIZER-TOKEN
                    :OWNER #S(CLAMSARA::FINALIZER-OWNER-KEY)
                    :GENERATION 4
                    :INDEX -1)
                 #S(CLAMSARA::SEQUENTIAL-FINALIZER-TOKEN
                    :OWNER #S(CLAMSARA::FINALIZER-OWNER-KEY)
                    :GENERATION 5
                    :INDEX -1)
                 #S(CLAMSARA::SEQUENTIAL-FINALIZER-TOKEN
                    :OWNER #S(CLAMSARA::FINALIZER-OWNER-KEY)
                    :GENERATION 6
                    :INDEX -1)
                 #S(CLAMSARA::SEQUENTIAL-FINALIZER-TOKEN
                    :OWNER #S(CLAMSARA::FINALIZER-OWNER-KEY)
                    :GENERATION 7
                    :INDEX -1)
                 #S(CLAMSARA::SEQUENTIAL-FINALIZER-TOKEN
                    :OWNER #S(CLAMSARA::FINALIZER-OWNER-KEY)
                    :GENERATION 8
                    :INDEX -1)
                 #S(CLAMSARA::SEQUENTIAL-FINALIZER-TOKEN
                    :OWNER #S(CLAMSARA::FINALIZER-OWNER-KEY)
                    :GENERATION 9
                    :INDEX -1)
                 #S(CLAMSARA::SEQUENTIAL-FINALIZER-TOKEN
                    :OWNER #S(CLAMSARA::FINALIZER-OWNER-KEY)
                    :GENERATION 10
                    :INDEX -1)
                 #S(CLAMSARA::SEQUENTIAL-FINALIZER-TOKEN
                    :OWNER #S(CLAMSARA::FINALIZER-OWNER-KEY)
                    :GENERATION 11
                    :INDEX -1)
                 #S(CLAMSARA::SEQUENTIAL-FINALIZER-TOKEN
                    :OWNER #S(CLAMSARA::FINALIZER-OWNER-KEY)
                    :GENERATION 12
                    :INDEX -1)
                 #S(CLAMSARA::SEQUENTIAL-FINALIZER-TOKEN
                    :OWNER #S(CLAMSARA::FINALIZER-OWNER-KEY)
                    :GENERATION 13
                    :INDEX -1)
                 #S(CLAMSARA::SEQUENTIAL-FINALIZER-TOKEN
                    :OWNER #S(CLAMSARA::FINALIZER-OWNER-KEY)
                    :GENERATION 14
                    :INDEX -1)
                 #S(CLAMSARA::SEQUENTIAL-FINALIZER-TOKEN
                    :OWNER #S(CLAMSARA::FINALIZER-OWNER-KEY)
                    :GENERATION 15
                    :INDEX -1)
                 #S(CLAMSARA::SEQUENTIAL-FINALIZER-TOKEN
                    :OWNER #S(CLAMSARA::FINALIZER-OWNER-KEY)
                    :GENERATION 16
                    :INDEX -1)
                 #S(CLAMSARA::SEQUENTIAL-FINALIZER-TOKEN
                    :OWNER #S(CLAMSARA::FINALIZER-OWNER-KEY)
                    :GENERATION 17
                    :INDEX -1)
                 #S(CLAMSARA::SEQUENTIAL-FINALIZER-TOKEN
                    :OWNER #S(CLAMSARA::FINALIZER-OWNER-KEY)
                    :GENERATION 18
                    :INDEX -1)
                 #S(CLAMSARA::SEQUENTIAL-FINALIZER-TOKEN
                    :OWNER #S(CLAMSARA::FINALIZER-OWNER-KEY)
                    :GENERATION 19
                    :INDEX -1)
                 #S(CLAMSARA::SEQUENTIAL-FINALIZER-TOKEN
                    :OWNER #S(CLAMSARA::FINALIZER-OWNER-KEY)
                    :GENERATION 20
                    :INDEX -1)
                 #S(CLAMSARA::SEQUENTIAL-FINALIZER-TOKEN
                    :OWNER #S(CLAMSARA::FINALIZER-OWNER-KEY)
                    :GENERATION 21
                    :INDEX -1)
                 #S(CLAMSARA::SEQUENTIAL-FINALIZER-TOKEN
                    :OWNER #S(CLAMSARA::FINALIZER-OWNER-KEY)
                    :GENERATION 22
                    :INDEX -1)
                 #S(CLAMSARA::SEQUENTIAL-FINALIZER-TOKEN
                    :OWNER #S(CLAMSARA::FINALIZER-OWNER-KEY)
                    :GENERATION 23
                    :INDEX -1)
                 #S(CLAMSARA::SEQUENTIAL-FINALIZER-TOKEN
                    :OWNER #S(CLAMSARA::FINALIZER-OWNER-KEY)
                    :GENERATION 24
                    :INDEX -1)
                 #S(CLAMSARA::SEQUENTIAL-FINALIZER-TOKEN
                    :OWNER #S(CLAMSARA::FINALIZER-OWNER-KEY)
                    :GENERATION 25
                    :INDEX -1)
                 #S(CLAMSARA::SEQUENTIAL-FINALIZER-TOKEN
                    :OWNER #S(CLAMSARA::FINALIZER-OWNER-KEY)
                    :GENERATION 26
                    :INDEX -1)
                 #S(CLAMSARA::SEQUENTIAL-FINALIZER-TOKEN
                    :OWNER #S(CLAMSARA::FINALIZER-OWNER-KEY)
                    :GENERATION 27
                    :INDEX -1)
                 #S(CLAMSARA::SEQUENTIAL-FINALIZER-TOKEN
                    :OWNER #S(CLAMSARA::FINALIZER-OWNER-KEY)
                    :GENERATION 28
                    :INDEX -1)
                 #S(CLAMSARA::SEQUENTIAL-FINALIZER-TOKEN
                    :OWNER #S(CLAMSARA::FINALIZER-OWNER-KEY)
                    :GENERATION 29
                    :INDEX -1)
                 #S(CLAMSARA::SEQUENTIAL-FINALIZER-TOKEN
                    :OWNER #S(CLAMSARA::FINALIZER-OWNER-KEY)
                    :GENERATION 30
                    :INDEX -1)
                 #S(CLAMSARA::SEQUENTIAL-FINALIZER-TOKEN
                    :OWNER #S(CLAMSARA::FINALIZER-OWNER-KEY)
                    :GENERATION 31
                    :INDEX -1)
                 #S(CLAMSARA::SEQUENTIAL-FINALIZER-TOKEN
                    :OWNER #S(CLAMSARA::FINALIZER-OWNER-KEY)
                    :GENERATION 32
                    :INDEX -1)
                 #S(CLAMSARA::SEQUENTIAL-FINALIZER-TOKEN
                    :OWNER #S(CLAMSARA::FINALIZER-OWNER-KEY)
                    :GENERATION 33
                    :INDEX -1)
                 #S(CLAMSARA::SEQUENTIAL-FINALIZER-TOKEN
                    :OWNER #S(CLAMSARA::FINALIZER-OWNER-KEY)
                    :GENERATION 34
                    :INDEX -1)
                 #S(CLAMSARA::SEQUENTIAL-FINALIZER-TOKEN
                    :OWNER #S(CLAMSARA::FINALIZER-OWNER-KEY)
                    :GENERATION 35
                    :INDEX -1)
                 #S(CLAMSARA::SEQUENTIAL-FINALIZER-TOKEN
                    :OWNER #S(CLAMSARA::FINALIZER-OWNER-KEY)
                    :GENERATION 36
                    :INDEX -1)
                 #S(CLAMSARA::SEQUENTIAL-FINALIZER-TOKEN
                    :OWNER #S(CLAMSARA::FINALIZER-OWNER-KEY)
                    :GENERATION 37
                    :INDEX -1)
                 #S(CLAMSARA::SEQUENTIAL-FINALIZER-TOKEN
                    :OWNER #S(CLAMSARA::FINALIZER-OWNER-KEY)
                    :GENERATION 38
                    :INDEX -1)
                 #S(CLAMSARA::SEQUENTIAL-FINALIZER-TOKEN
                    :OWNER #S(CLAMSARA::FINALIZER-OWNER-KEY)
                    :GENERATION 39
                    :INDEX -1)
                 #S(CLAMSARA::SEQUENTIAL-FINALIZER-TOKEN
                    :OWNER #S(CLAMSARA::FINALIZER-OWNER-KEY)
                    :GENERATION 40
                    :INDEX -1)
                 #S(CLAMSARA::SEQUENTIAL-FINALIZER-TOKEN
                    :OWNER #S(CLAMSARA::FINALIZER-OWNER-KEY)
                    :GENERATION 41
                    :INDEX -1)
                 #S(CLAMSARA::SEQUENTIAL-FINALIZER-TOKEN
                    :OWNER #S(CLAMSARA::FINALIZER-OWNER-KEY)
                    :GENERATION 42
                    :INDEX -1)
                 #S(CLAMSARA::SEQUENTIAL-FINALIZER-TOKEN
                    :OWNER #S(CLAMSARA::FINALIZER-OWNER-KEY)
                    :GENERATION 43
                    :INDEX -1)
                 #S(CLAMSARA::SEQUENTIAL-FINALIZER-TOKEN
                    :OWNER #S(CLAMSARA::FINALIZER-OWNER-KEY)
                    :GENERATION 44
                    :INDEX -1)
                 #S(CLAMSARA::SEQUENTIAL-FINALIZER-TOKEN
                    :OWNER #S(CLAMSARA::FINALIZER-OWNER-KEY)
                    :GENERATION 45
                    :INDEX -1)
                 #S(CLAMSARA::SEQUENTIAL-FINALIZER-TOKEN
                    :OWNER #S(CLAMSARA::FINALIZER-OWNER-KEY)
                    :GENERATION 46
                    :INDEX -1)
                 #S(CLAMSARA::SEQUENTIAL-FINALIZER-TOKEN
                    :OWNER #S(CLAMSARA::FINALIZER-OWNER-KEY)
                    :GENERATION 47
                    :INDEX -1)
                 #S(CLAMSARA::SEQUENTIAL-FINALIZER-TOKEN
                    :OWNER #S(CLAMSARA::FINALIZER-OWNER-KEY)
                    :GENERATION 48
                    :INDEX -1)
                 #S(CLAMSARA::SEQUENTIAL-FINALIZER-TOKEN
                    :OWNER #S(CLAMSARA::FINALIZER-OWNER-KEY)
                    :GENERATION 49
                    :INDEX -1)
                 #S(CLAMSARA::SEQUENTIAL-FINALIZER-TOKEN
                    :OWNER #S(CLAMSARA::FINALIZER-OWNER-KEY)
                    :GENERATION 50
                    :INDEX -1)
                 #S(CLAMSARA::SEQUENTIAL-FINALIZER-TOKEN
                    :OWNER #S(CLAMSARA::FINALIZER-OWNER-KEY)
                    :GENERATION 51
                    :INDEX -1)
                 #S(CLAMSARA::SEQUENTIAL-FINALIZER-TOKEN
                    :OWNER #S(CLAMSARA::FINALIZER-OWNER-KEY)
                    :GENERATION 52
                    :INDEX -1)
                 #S(CLAMSARA::SEQUENTIAL-FINALIZER-TOKEN
                    :OWNER #S(CLAMSARA::FINALIZER-OWNER-KEY)
                    :GENERATION 53
                    :INDEX -1)
                 #S(CLAMSARA::SEQUENTIAL-FINALIZER-TOKEN
                    :OWNER #S(CLAMSARA::FINALIZER-OWNER-KEY)
                    :GENERATION 54
                    :INDEX -1)
                 #S(CLAMSARA::SEQUENTIAL-FINALIZER-TOKEN
                    :OWNER #S(CLAMSARA::FINALIZER-OWNER-KEY)
                    :GENERATION 55
                    :INDEX -1)
                 #S(CLAMSARA::SEQUENTIAL-FINALIZER-TOKEN
                    :OWNER #S(CLAMSARA::FINALIZER-OWNER-KEY)
                    :GENERATION 56
                    :INDEX -1)
                 #S(CLAMSARA::SEQUENTIAL-FINALIZER-TOKEN
                    :OWNER #S(CLAMSARA::FINALIZER-OWNER-KEY)
                    :GENERATION 57
                    :INDEX -1)
                 #S(CLAMSARA::SEQUENTIAL-FINALIZER-TOKEN
                    :OWNER #S(CLAMSARA::FINALIZER-OWNER-KEY)
                    :GENERATION 58
                    :INDEX -1)
                 #S(CLAMSARA::SEQUENTIAL-FINALIZER-TOKEN
                    :OWNER #S(CLAMSARA::FINALIZER-OWNER-KEY)
                    :GENERATION 59
                    :INDEX -1)
                 #S(CLAMSARA::SEQUENTIAL-FINALIZER-TOKEN
                    :OWNER #S(CLAMSARA::FINALIZER-OWNER-KEY)
                    :GENERATION 60
                    :INDEX -1)
                 #S(CLAMSARA::SEQUENTIAL-FINALIZER-TOKEN
                    :OWNER #S(CLAMSARA::FINALIZER-OWNER-KEY)
                    :GENERATION 61
                    :INDEX -1)
                 #S(CLAMSARA::SEQUENTIAL-FINALIZER-TOKEN
                    :OWNER #S(CLAMSARA::FINALIZER-OWNER-KEY)
                    :GENERATION 62
                    :INDEX -1)
                 #S(CLAMSARA::SEQUENTIAL-FINALIZER-TOKEN
                    :OWNER #S(CLAMSARA::FINALIZER-OWNER-KEY)
                    :GENERATION 63
                    :INDEX -1)
                 #S(CLAMSARA::SEQUENTIAL-FINALIZER-TOKEN
                    :OWNER #S(CLAMSARA::FINALIZER-OWNER-KEY)
                    :GENERATION 64
                    :INDEX -1))
       :PHYSICAL-BYTES 592
       :ENTRY-CAPACITY 72
       :AUXILIARY-BYTES 8112))

is not of type
  LIST"
           :PRESERVED-WORLDS 1)
ROW :BEGIN ((:ENDPOINT-HOLES :SEMISPACE :PACKED 16))
ROW :EXACT-ROW-ACCOUNT (:REQUIRED 68 :H 64 :RESERVED 0)
ROW :FAIL ((:ENDPOINT-HOLES :SEMISPACE :PACKED 16) :CONDITION "The value
  #(#S(CLAMSARA::%CAPACITY-ACCOUNT-ENTRY
       :IDENTITY :CONFIGURATION-AUXILIARY
       :REPRESENTATION :RUNTIME-OBJECT-VECTOR
       :PLACEMENT-IDENTITY NIL
       :ALLOCATION-CONTEXT :CONSTRUCTION-ONLY
       :EXHAUSTION-ACTION :REJECT-BEFORE-PUBLICATION
       :HANDLE #()
       :PHYSICAL-BYTES 16
       :ENTRY-CAPACITY 0
       :AUXILIARY-BYTES 263520)
    #S(CLAMSARA::%CAPACITY-ACCOUNT-ENTRY
       :IDENTITY #:RUNTIME-OBJECTS-1655
       :REPRESENTATION :RUNTIME-OBJECT-VECTOR
       :PLACEMENT-IDENTITY NIL
       :ALLOCATION-CONTEXT :CONSTRUCTION-ONLY
       :EXHAUSTION-ACTION :REJECT-BEFORE-PUBLICATION
       :HANDLE #(NIL NIL NIL NIL NIL NIL NIL NIL NIL NIL NIL NIL NIL NIL NIL
                 NIL NIL NIL NIL NIL NIL NIL NIL NIL NIL NIL NIL NIL NIL NIL
                 NIL NIL NIL NIL NIL NIL NIL NIL NIL NIL NIL NIL NIL NIL NIL
                 NIL NIL NIL NIL NIL NIL NIL NIL NIL NIL NIL NIL NIL NIL NIL
                 NIL NIL NIL NIL NIL NIL NIL NIL NIL NIL NIL NIL NIL NIL NIL
                 NIL NIL NIL NIL NIL NIL NIL NIL NIL NIL NIL NIL NIL NIL NIL
                 NIL NIL NIL NIL NIL NIL NIL NIL NIL NIL NIL NIL NIL NIL NIL
                 NIL NIL NIL NIL NIL NIL NIL NIL NIL NIL NIL NIL NIL NIL NIL
                 NIL NIL NIL NIL NIL NIL NIL NIL NIL NIL NIL NIL NIL NIL NIL
                 NIL NIL NIL NIL NIL NIL NIL NIL NIL NIL NIL NIL NIL NIL NIL
                 NIL NIL NIL NIL NIL NIL NIL NIL NIL NIL NIL NIL NIL NIL NIL
                 NIL NIL NIL NIL NIL NIL NIL NIL NIL NIL NIL NIL NIL NIL NIL
                 NIL NIL NIL NIL NIL NIL NIL NIL NIL NIL NIL NIL NIL NIL NIL
                 NIL NIL NIL NIL NIL NIL NIL NIL NIL NIL NIL NIL NIL NIL NIL
                 NIL NIL NIL NIL NIL NIL NIL NIL NIL NIL NIL NIL NIL NIL NIL
                 NIL NIL NIL NIL NIL NIL NIL NIL NIL NIL NIL NIL NIL NIL NIL
                 NIL NIL NIL NIL NIL NIL NIL NIL NIL NIL NIL NIL NIL NIL NIL
                 NIL NIL NIL NIL NIL NIL NIL NIL NIL NIL NIL NIL NIL NIL NIL
                 NIL NIL NIL NIL NIL NIL NIL NIL NIL NIL NIL NIL NIL NIL NIL
                 NIL NIL NIL NIL NIL NIL NIL NIL NIL NIL NIL NIL NIL NIL NIL
                 NIL NIL NIL NIL NIL NIL NIL NIL NIL NIL NIL NIL NIL NIL NIL
                 NIL NIL NIL NIL NIL NIL NIL NIL NIL NIL NIL NIL NIL NIL NIL
                 NIL NIL NIL NIL NIL NIL NIL NIL NIL NIL NIL NIL NIL NIL NIL
                 NIL NIL NIL NIL NIL NIL NIL NIL NIL NIL NIL NIL NIL NIL NIL
                 NIL NIL NIL NIL NIL NIL NIL NIL NIL NIL NIL NIL NIL NIL NIL
                 NIL NIL NIL NIL NIL NIL NIL NIL NIL NIL NIL NIL NIL NIL NIL
                 NIL NIL NIL NIL NIL NIL NIL NIL NIL NIL NIL NIL NIL NIL NIL
                 NIL NIL NIL NIL NIL NIL NIL NIL NIL NIL NIL NIL NIL NIL NIL
                 NIL NIL NIL NIL NIL NIL NIL NIL NIL NIL NIL NIL NIL NIL NIL
                 NIL NIL NIL NIL NIL NIL NIL NIL NIL NIL NIL NIL NIL NIL NIL
                 NIL NIL NIL NIL NIL NIL NIL NIL NIL NIL NIL NIL NIL NIL NIL
                 NIL NIL NIL NIL NIL NIL NIL NIL NIL NIL NIL NIL NIL NIL NIL
                 NIL NIL NIL NIL NIL NIL NIL NIL NIL NIL NIL NIL NIL NIL NIL
                 NIL NIL NIL NIL NIL NIL NIL NIL NIL NIL NIL NIL NIL NIL NIL
                 NIL NIL NIL NIL NIL NIL NIL NIL NIL NIL NIL NIL NIL NIL NIL
                 NIL NIL NIL NIL NIL NIL NIL NIL NIL NIL NIL NIL NIL NIL NIL
                 NIL NIL NIL NIL NIL NIL NIL NIL NIL NIL NIL NIL NIL NIL NIL
                 NIL NIL NIL NIL NIL NIL NIL NIL NIL NIL NIL NIL NIL NIL NIL
                 NIL NIL NIL NIL NIL NIL NIL NIL NIL NIL NIL NIL NIL NIL NIL
                 NIL NIL NIL NIL NIL NIL NIL NIL NIL NIL NIL NIL NIL NIL NIL
                 NIL NIL NIL NIL NIL NIL NIL NIL NIL NIL NIL NIL NIL NIL NIL
                 NIL NIL NIL NIL NIL NIL NIL NIL NIL NIL NIL NIL NIL NIL NIL
                 NIL NIL NIL NIL NIL NIL NIL NIL NIL NIL NIL NIL NIL NIL NIL
                 NIL NIL NIL NIL NIL NIL NIL NIL NIL NIL NIL NIL NIL NIL NIL
                 NIL NIL NIL NIL NIL NIL NIL NIL NIL NIL NIL NIL NIL NIL NIL
                 NIL NIL NIL NIL NIL NIL NIL NIL NIL NIL NIL NIL NIL NIL NIL
                 NIL NIL NIL NIL NIL NIL NIL NIL NIL NIL NIL NIL NIL NIL NIL
                 NIL NIL NIL NIL NIL NIL NIL NIL NIL NIL NIL NIL NIL NIL NIL
                 NIL NIL NIL NIL NIL NIL NIL NIL NIL NIL NIL NIL NIL NIL NIL
                 NIL NIL NIL NIL NIL NIL NIL NIL NIL NIL NIL NIL NIL NIL NIL
                 NIL NIL NIL NIL NIL NIL NIL NIL NIL NIL NIL NIL NIL NIL NIL
                 NIL NIL NIL NIL NIL NIL NIL NIL NIL NIL NIL NIL NIL NIL NIL
                 NIL NIL NIL NIL NIL NIL NIL NIL NIL NIL NIL NIL NIL NIL NIL
                 NIL NIL NIL NIL NIL NIL NIL NIL NIL NIL NIL NIL NIL NIL NIL
                 NIL NIL NIL NIL NIL NIL NIL NIL NIL NIL NIL NIL NIL NIL NIL
                 NIL NIL NIL NIL NIL NIL NIL NIL NIL NIL NIL NIL NIL NIL NIL
                 NIL NIL NIL NIL NIL NIL NIL NIL NIL NIL NIL NIL NIL NIL NIL
                 NIL NIL NIL NIL NIL NIL NIL NIL NIL NIL NIL NIL NIL NIL NIL
                 NIL NIL NIL NIL NIL NIL NIL NIL NIL NIL NIL NIL NIL NIL NIL
                 NIL NIL NIL NIL NIL NIL NIL NIL NIL NIL NIL NIL NIL NIL NIL
                 NIL NIL NIL NIL NIL NIL NIL NIL NIL NIL NIL NIL NIL NIL NIL
                 NIL NIL NIL NIL NIL NIL NIL NIL NIL NIL NIL NIL NIL NIL NIL
                 NIL NIL NIL NIL NIL NIL NIL NIL NIL NIL NIL NIL NIL NIL NIL
                 NIL NIL NIL NIL NIL NIL NIL NIL NIL NIL NIL NIL NIL NIL NIL
                 NIL NIL NIL NIL NIL NIL NIL NIL NIL NIL NIL NIL NIL NIL NIL
                 NIL NIL NIL NIL NIL NIL NIL NIL NIL NIL NIL NIL NIL NIL NIL
                 NIL NIL NIL NIL NIL NIL NIL NIL NIL NIL NIL NIL NIL NIL NIL
                 NIL NIL NIL NIL NIL NIL NIL NIL NIL NIL NIL NIL NIL NIL NIL
                 NIL NIL NIL NIL NIL NIL NIL NIL NIL NIL NIL NIL NIL NIL NIL
                 NIL NIL NIL NIL NIL NIL NIL NIL NIL NIL NIL NIL NIL NIL NIL
                 NIL NIL NIL NIL NIL NIL NIL NIL NIL NIL NIL NIL NIL NIL NIL
                 NIL NIL NIL NIL NIL NIL NIL NIL NIL NIL NIL NIL NIL NIL NIL
                 NIL NIL NIL NIL NIL NIL NIL NIL NIL NIL NIL NIL NIL NIL NIL
                 NIL NIL NIL NIL NIL NIL NIL NIL NIL NIL NIL NIL NIL NIL NIL
                 NIL NIL NIL NIL NIL NIL NIL NIL NIL NIL NIL NIL NIL NIL NIL
                 NIL NIL NIL NIL NIL NIL NIL NIL NIL NIL NIL NIL NIL NIL NIL
                 NIL NIL NIL NIL NIL NIL NIL NIL NIL NIL NIL NIL NIL NIL NIL
                 NIL NIL NIL NIL NIL NIL NIL NIL NIL NIL NIL NIL NIL NIL NIL
                 NIL NIL NIL NIL NIL NIL NIL NIL NIL NIL NIL NIL NIL NIL NIL
                 NIL NIL NIL NIL NIL NIL NIL NIL NIL NIL NIL NIL NIL NIL NIL
                 NIL NIL NIL NIL NIL NIL NIL NIL NIL NIL NIL NIL NIL NIL NIL
                 NIL NIL NIL NIL NIL NIL NIL NIL NIL NIL NIL NIL NIL NIL NIL
                 NIL NIL NIL NIL NIL NIL NIL NIL NIL NIL NIL NIL NIL NIL NIL
                 NIL NIL NIL NIL NIL NIL NIL NIL NIL NIL NIL NIL NIL NIL NIL
                 NIL NIL NIL NIL NIL NIL NIL NIL NIL NIL NIL NIL NIL NIL NIL
                 NIL NIL NIL NIL NIL NIL NIL NIL NIL NIL NIL NIL NIL NIL NIL
                 NIL NIL NIL NIL NIL NIL NIL NIL NIL NIL NIL NIL NIL NIL NIL
                 NIL NIL NIL NIL NIL NIL NIL NIL NIL NIL NIL NIL NIL NIL NIL
                 NIL NIL NIL NIL NIL NIL NIL NIL NIL NIL NIL NIL NIL NIL NIL
                 NIL NIL NIL NIL NIL NIL NIL NIL NIL NIL NIL NIL NIL NIL NIL
                 NIL NIL NIL NIL NIL NIL NIL NIL NIL NIL NIL NIL NIL NIL NIL
                 NIL NIL NIL NIL NIL NIL NIL NIL NIL NIL NIL NIL NIL NIL NIL
                 NIL NIL NIL NIL NIL NIL NIL NIL NIL NIL NIL NIL NIL NIL NIL
                 NIL NIL NIL NIL NIL NIL NIL NIL NIL NIL NIL NIL NIL NIL NIL
                 NIL NIL NIL NIL NIL NIL NIL NIL NIL NIL NIL NIL NIL NIL NIL
                 NIL NIL NIL NIL NIL NIL NIL NIL NIL NIL NIL NIL NIL NIL NIL
                 NIL NIL NIL NIL NIL NIL NIL NIL NIL NIL NIL NIL NIL NIL NIL
                 NIL NIL NIL NIL NIL NIL NIL NIL NIL NIL NIL NIL NIL NIL NIL
                 NIL NIL NIL NIL NIL NIL NIL NIL NIL NIL NIL NIL NIL NIL NIL
                 NIL NIL NIL NIL NIL NIL NIL NIL NIL NIL NIL NIL NIL NIL NIL
                 NIL NIL NIL NIL NIL NIL NIL NIL NIL NIL NIL NIL NIL NIL NIL
                 NIL NIL NIL NIL NIL NIL NIL NIL NIL NIL NIL NIL NIL NIL NIL
                 NIL NIL NIL NIL NIL NIL NIL NIL NIL NIL NIL NIL NIL NIL NIL
                 NIL NIL NIL NIL NIL NIL NIL NIL NIL NIL NIL)
       :PHYSICAL-BYTES 12464
       :ENTRY-CAPACITY 1556
       :AUXILIARY-BYTES 19568)
    #S(CLAMSARA::%CAPACITY-ACCOUNT-ENTRY
       :IDENTITY #:RUNTIME-INDICES-1656
       :REPRESENTATION :RUNTIME-INDEX-VECTOR
       :PLACEMENT-IDENTITY NIL
       :ALLOCATION-CONTEXT :CONSTRUCTION-ONLY
       :EXHAUSTION-ACTION :REJECT-BEFORE-PUBLICATION
       :HANDLE #(0 0 0 0 0 0)
       :PHYSICAL-BYTES 64
       :ENTRY-CAPACITY 6
       :AUXILIARY-BYTES 480)
    #S(CLAMSARA::%CAPACITY-ACCOUNT-ENTRY
       :IDENTITY #:RUNTIME-SPACE-STATE-1652
       :REPRESENTATION :RUNTIME-OBJECT-VECTOR
       :PLACEMENT-IDENTITY NIL
       :ALLOCATION-CONTEXT :CONSTRUCTION-ONLY
       :EXHAUSTION-ACTION :REJECT-BEFORE-PUBLICATION
       :HANDLE #()
       :PHYSICAL-BYTES 16
       :ENTRY-CAPACITY 0
       :AUXILIARY-BYTES 1280)
    #S(CLAMSARA::%CAPACITY-ACCOUNT-ENTRY
       :IDENTITY #<CLAMSARA:OBJECT-START-MARKS {12072FBD23}>
       :REPRESENTATION :PACKED-BIT-VECTOR
       :PLACEMENT-IDENTITY NIL
       :ALLOCATION-CONTEXT :CONSTRUCTION
       :EXHAUSTION-ACTION :REJECT
       :HANDLE #*00000000000000000000000000000000
       :PHYSICAL-BYTES 32
       :ENTRY-CAPACITY 32
       :AUXILIARY-BYTES 144)
    #S(CLAMSARA::%CAPACITY-ACCOUNT-ENTRY
       :IDENTITY #<CLAMSARA:SIDE-FORWARDING {12072FBDE3}>
       :REPRESENTATION :FORWARDING-VECTOR
       :PLACEMENT-IDENTITY NIL
       :ALLOCATION-CONTEXT :CONSTRUCTION
       :EXHAUSTION-ACTION :REJECT
       :HANDLE #(NIL NIL NIL NIL NIL NIL NIL NIL NIL NIL NIL NIL NIL NIL NIL
                 NIL NIL NIL NIL NIL NIL NIL NIL NIL NIL NIL NIL NIL NIL NIL
                 NIL NIL)
       :PHYSICAL-BYTES 272
       :ENTRY-CAPACITY 32
       :AUXILIARY-BYTES 144)
    #S(CLAMSARA::%CAPACITY-ACCOUNT-ENTRY
       :IDENTITY #:RUNTIME-SPACE-STATE-1654
       :REPRESENTATION :RUNTIME-OBJECT-VECTOR
       :PLACEMENT-IDENTITY NIL
       :ALLOCATION-CONTEXT :CONSTRUCTION-ONLY
       :EXHAUSTION-ACTION :REJECT-BEFORE-PUBLICATION
       :HANDLE #()
       :PHYSICAL-BYTES 16
       :ENTRY-CAPACITY 0
       :AUXILIARY-BYTES 1280)
    #S(CLAMSARA::%CAPACITY-ACCOUNT-ENTRY
       :IDENTITY #<CLAMSARA:OBJECT-START-MARKS {12072FD773}>
       :REPRESENTATION :PACKED-BIT-VECTOR
       :PLACEMENT-IDENTITY NIL
       :ALLOCATION-CONTEXT :CONSTRUCTION
       :EXHAUSTION-ACTION :REJECT
       :HANDLE #*00000000000000000000000000000000
       :PHYSICAL-BYTES 32
       :ENTRY-CAPACITY 32
       :AUXILIARY-BYTES 144)
    #S(CLAMSARA::%CAPACITY-ACCOUNT-ENTRY
       :IDENTITY #<CLAMSARA:SIDE-FORWARDING {12072FD833}>
       :REPRESENTATION :FORWARDING-VECTOR
       :PLACEMENT-IDENTITY NIL
       :ALLOCATION-CONTEXT :CONSTRUCTION
       :EXHAUSTION-ACTION :REJECT
       :HANDLE #(NIL NIL NIL NIL NIL NIL NIL NIL NIL NIL NIL NIL NIL NIL NIL
                 NIL NIL NIL NIL NIL NIL NIL NIL NIL NIL NIL NIL NIL NIL NIL
                 NIL NIL)
       :PHYSICAL-BYTES 272
       :ENTRY-CAPACITY 32
       :AUXILIARY-BYTES 144)
    #S(CLAMSARA::%CAPACITY-ACCOUNT-ENTRY
       :IDENTITY #:FINALIZER-OBJECTS-1649
       :REPRESENTATION :RUNTIME-OBJECT-VECTOR
       :PLACEMENT-IDENTITY NIL
       :ALLOCATION-CONTEXT :CONSTRUCTION-ONLY
       :EXHAUSTION-ACTION :REJECT-BEFORE-PUBLICATION
       :HANDLE #(NIL NIL NIL NIL NIL NIL NIL NIL NIL NIL NIL NIL NIL NIL NIL
                 NIL :FREE :FREE :FREE :FREE)
       :PHYSICAL-BYTES 176
       :ENTRY-CAPACITY 20
       :AUXILIARY-BYTES 3008)
    #S(CLAMSARA::%CAPACITY-ACCOUNT-ENTRY
       :IDENTITY #:FINALIZER-INDICES-1650
       :REPRESENTATION :RUNTIME-INDEX-VECTOR
       :PLACEMENT-IDENTITY NIL
       :ALLOCATION-CONTEXT :CONSTRUCTION-ONLY
       :EXHAUSTION-ACTION :REJECT-BEFORE-PUBLICATION
       :HANDLE #(NIL NIL NIL NIL 0 0 0 0
                 #S(CLAMSARA::SEQUENTIAL-FINALIZER-TOKEN
                    :OWNER #S(CLAMSARA::FINALIZER-OWNER-KEY)
                    :GENERATION 1
                    :INDEX -1)
                 #S(CLAMSARA::SEQUENTIAL-FINALIZER-TOKEN
                    :OWNER #S(CLAMSARA::FINALIZER-OWNER-KEY)
                    :GENERATION 2
                    :INDEX -1)
                 #S(CLAMSARA::SEQUENTIAL-FINALIZER-TOKEN
                    :OWNER #S(CLAMSARA::FINALIZER-OWNER-KEY)
                    :GENERATION 3
                    :INDEX -1)
                 #S(CLAMSARA::SEQUENTIAL-FINALIZER-TOKEN
                    :OWNER #S(CLAMSARA::FINALIZER-OWNER-KEY)
                    :GENERATION 4
                    :INDEX -1)
                 #S(CLAMSARA::SEQUENTIAL-FINALIZER-TOKEN
                    :OWNER #S(CLAMSARA::FINALIZER-OWNER-KEY)
                    :GENERATION 5
                    :INDEX -1)
                 #S(CLAMSARA::SEQUENTIAL-FINALIZER-TOKEN
                    :OWNER #S(CLAMSARA::FINALIZER-OWNER-KEY)
                    :GENERATION 6
                    :INDEX -1)
                 #S(CLAMSARA::SEQUENTIAL-FINALIZER-TOKEN
                    :OWNER #S(CLAMSARA::FINALIZER-OWNER-KEY)
                    :GENERATION 7
                    :INDEX -1)
                 #S(CLAMSARA::SEQUENTIAL-FINALIZER-TOKEN
                    :OWNER #S(CLAMSARA::FINALIZER-OWNER-KEY)
                    :GENERATION 8
                    :INDEX -1)
                 #S(CLAMSARA::SEQUENTIAL-FINALIZER-TOKEN
                    :OWNER #S(CLAMSARA::FINALIZER-OWNER-KEY)
                    :GENERATION 9
                    :INDEX -1)
                 #S(CLAMSARA::SEQUENTIAL-FINALIZER-TOKEN
                    :OWNER #S(CLAMSARA::FINALIZER-OWNER-KEY)
                    :GENERATION 10
                    :INDEX -1)
                 #S(CLAMSARA::SEQUENTIAL-FINALIZER-TOKEN
                    :OWNER #S(CLAMSARA::FINALIZER-OWNER-KEY)
                    :GENERATION 11
                    :INDEX -1)
                 #S(CLAMSARA::SEQUENTIAL-FINALIZER-TOKEN
                    :OWNER #S(CLAMSARA::FINALIZER-OWNER-KEY)
                    :GENERATION 12
                    :INDEX -1)
                 #S(CLAMSARA::SEQUENTIAL-FINALIZER-TOKEN
                    :OWNER #S(CLAMSARA::FINALIZER-OWNER-KEY)
                    :GENERATION 13
                    :INDEX -1)
                 #S(CLAMSARA::SEQUENTIAL-FINALIZER-TOKEN
                    :OWNER #S(CLAMSARA::FINALIZER-OWNER-KEY)
                    :GENERATION 14
                    :INDEX -1)
                 #S(CLAMSARA::SEQUENTIAL-FINALIZER-TOKEN
                    :OWNER #S(CLAMSARA::FINALIZER-OWNER-KEY)
                    :GENERATION 15
                    :INDEX -1)
                 #S(CLAMSARA::SEQUENTIAL-FINALIZER-TOKEN
                    :OWNER #S(CLAMSARA::FINALIZER-OWNER-KEY)
                    :GENERATION 16
                    :INDEX -1)
                 #S(CLAMSARA::SEQUENTIAL-FINALIZER-TOKEN
                    :OWNER #S(CLAMSARA::FINALIZER-OWNER-KEY)
                    :GENERATION 17
                    :INDEX -1)
                 #S(CLAMSARA::SEQUENTIAL-FINALIZER-TOKEN
                    :OWNER #S(CLAMSARA::FINALIZER-OWNER-KEY)
                    :GENERATION 18
                    :INDEX -1)
                 #S(CLAMSARA::SEQUENTIAL-FINALIZER-TOKEN
                    :OWNER #S(CLAMSARA::FINALIZER-OWNER-KEY)
                    :GENERATION 19
                    :INDEX -1)
                 #S(CLAMSARA::SEQUENTIAL-FINALIZER-TOKEN
                    :OWNER #S(CLAMSARA::FINALIZER-OWNER-KEY)
                    :GENERATION 20
                    :INDEX -1)
                 #S(CLAMSARA::SEQUENTIAL-FINALIZER-TOKEN
                    :OWNER #S(CLAMSARA::FINALIZER-OWNER-KEY)
                    :GENERATION 21
                    :INDEX -1)
                 #S(CLAMSARA::SEQUENTIAL-FINALIZER-TOKEN
                    :OWNER #S(CLAMSARA::FINALIZER-OWNER-KEY)
                    :GENERATION 22
                    :INDEX -1)
                 #S(CLAMSARA::SEQUENTIAL-FINALIZER-TOKEN
                    :OWNER #S(CLAMSARA::FINALIZER-OWNER-KEY)
                    :GENERATION 23
                    :INDEX -1)
                 #S(CLAMSARA::SEQUENTIAL-FINALIZER-TOKEN
                    :OWNER #S(CLAMSARA::FINALIZER-OWNER-KEY)
                    :GENERATION 24
                    :INDEX -1)
                 #S(CLAMSARA::SEQUENTIAL-FINALIZER-TOKEN
                    :OWNER #S(CLAMSARA::FINALIZER-OWNER-KEY)
                    :GENERATION 25
                    :INDEX -1)
                 #S(CLAMSARA::SEQUENTIAL-FINALIZER-TOKEN
                    :OWNER #S(CLAMSARA::FINALIZER-OWNER-KEY)
                    :GENERATION 26
                    :INDEX -1)
                 #S(CLAMSARA::SEQUENTIAL-FINALIZER-TOKEN
                    :OWNER #S(CLAMSARA::FINALIZER-OWNER-KEY)
                    :GENERATION 27
                    :INDEX -1)
                 #S(CLAMSARA::SEQUENTIAL-FINALIZER-TOKEN
                    :OWNER #S(CLAMSARA::FINALIZER-OWNER-KEY)
                    :GENERATION 28
                    :INDEX -1)
                 #S(CLAMSARA::SEQUENTIAL-FINALIZER-TOKEN
                    :OWNER #S(CLAMSARA::FINALIZER-OWNER-KEY)
                    :GENERATION 29
                    :INDEX -1)
                 #S(CLAMSARA::SEQUENTIAL-FINALIZER-TOKEN
                    :OWNER #S(CLAMSARA::FINALIZER-OWNER-KEY)
                    :GENERATION 30
                    :INDEX -1)
                 #S(CLAMSARA::SEQUENTIAL-FINALIZER-TOKEN
                    :OWNER #S(CLAMSARA::FINALIZER-OWNER-KEY)
                    :GENERATION 31
                    :INDEX -1)
                 #S(CLAMSARA::SEQUENTIAL-FINALIZER-TOKEN
                    :OWNER #S(CLAMSARA::FINALIZER-OWNER-KEY)
                    :GENERATION 32
                    :INDEX -1)
                 #S(CLAMSARA::SEQUENTIAL-FINALIZER-TOKEN
                    :OWNER #S(CLAMSARA::FINALIZER-OWNER-KEY)
                    :GENERATION 33
                    :INDEX -1)
                 #S(CLAMSARA::SEQUENTIAL-FINALIZER-TOKEN
                    :OWNER #S(CLAMSARA::FINALIZER-OWNER-KEY)
                    :GENERATION 34
                    :INDEX -1)
                 #S(CLAMSARA::SEQUENTIAL-FINALIZER-TOKEN
                    :OWNER #S(CLAMSARA::FINALIZER-OWNER-KEY)
                    :GENERATION 35
                    :INDEX -1)
                 #S(CLAMSARA::SEQUENTIAL-FINALIZER-TOKEN
                    :OWNER #S(CLAMSARA::FINALIZER-OWNER-KEY)
                    :GENERATION 36
                    :INDEX -1)
                 #S(CLAMSARA::SEQUENTIAL-FINALIZER-TOKEN
                    :OWNER #S(CLAMSARA::FINALIZER-OWNER-KEY)
                    :GENERATION 37
                    :INDEX -1)
                 #S(CLAMSARA::SEQUENTIAL-FINALIZER-TOKEN
                    :OWNER #S(CLAMSARA::FINALIZER-OWNER-KEY)
                    :GENERATION 38
                    :INDEX -1)
                 #S(CLAMSARA::SEQUENTIAL-FINALIZER-TOKEN
                    :OWNER #S(CLAMSARA::FINALIZER-OWNER-KEY)
                    :GENERATION 39
                    :INDEX -1)
                 #S(CLAMSARA::SEQUENTIAL-FINALIZER-TOKEN
                    :OWNER #S(CLAMSARA::FINALIZER-OWNER-KEY)
                    :GENERATION 40
                    :INDEX -1)
                 #S(CLAMSARA::SEQUENTIAL-FINALIZER-TOKEN
                    :OWNER #S(CLAMSARA::FINALIZER-OWNER-KEY)
                    :GENERATION 41
                    :INDEX -1)
                 #S(CLAMSARA::SEQUENTIAL-FINALIZER-TOKEN
                    :OWNER #S(CLAMSARA::FINALIZER-OWNER-KEY)
                    :GENERATION 42
                    :INDEX -1)
                 #S(CLAMSARA::SEQUENTIAL-FINALIZER-TOKEN
                    :OWNER #S(CLAMSARA::FINALIZER-OWNER-KEY)
                    :GENERATION 43
                    :INDEX -1)
                 #S(CLAMSARA::SEQUENTIAL-FINALIZER-TOKEN
                    :OWNER #S(CLAMSARA::FINALIZER-OWNER-KEY)
                    :GENERATION 44
                    :INDEX -1)
                 #S(CLAMSARA::SEQUENTIAL-FINALIZER-TOKEN
                    :OWNER #S(CLAMSARA::FINALIZER-OWNER-KEY)
                    :GENERATION 45
                    :INDEX -1)
                 #S(CLAMSARA::SEQUENTIAL-FINALIZER-TOKEN
                    :OWNER #S(CLAMSARA::FINALIZER-OWNER-KEY)
                    :GENERATION 46
                    :INDEX -1)
                 #S(CLAMSARA::SEQUENTIAL-FINALIZER-TOKEN
                    :OWNER #S(CLAMSARA::FINALIZER-OWNER-KEY)
                    :GENERATION 47
                    :INDEX -1)
                 #S(CLAMSARA::SEQUENTIAL-FINALIZER-TOKEN
                    :OWNER #S(CLAMSARA::FINALIZER-OWNER-KEY)
                    :GENERATION 48
                    :INDEX -1)
                 #S(CLAMSARA::SEQUENTIAL-FINALIZER-TOKEN
                    :OWNER #S(CLAMSARA::FINALIZER-OWNER-KEY)
                    :GENERATION 49
                    :INDEX -1)
                 #S(CLAMSARA::SEQUENTIAL-FINALIZER-TOKEN
                    :OWNER #S(CLAMSARA::FINALIZER-OWNER-KEY)
                    :GENERATION 50
                    :INDEX -1)
                 #S(CLAMSARA::SEQUENTIAL-FINALIZER-TOKEN
                    :OWNER #S(CLAMSARA::FINALIZER-OWNER-KEY)
                    :GENERATION 51
                    :INDEX -1)
                 #S(CLAMSARA::SEQUENTIAL-FINALIZER-TOKEN
                    :OWNER #S(CLAMSARA::FINALIZER-OWNER-KEY)
                    :GENERATION 52
                    :INDEX -1)
                 #S(CLAMSARA::SEQUENTIAL-FINALIZER-TOKEN
                    :OWNER #S(CLAMSARA::FINALIZER-OWNER-KEY)
                    :GENERATION 53
                    :INDEX -1)
                 #S(CLAMSARA::SEQUENTIAL-FINALIZER-TOKEN
                    :OWNER #S(CLAMSARA::FINALIZER-OWNER-KEY)
                    :GENERATION 54
                    :INDEX -1)
                 #S(CLAMSARA::SEQUENTIAL-FINALIZER-TOKEN
                    :OWNER #S(CLAMSARA::FINALIZER-OWNER-KEY)
                    :GENERATION 55
                    :INDEX -1)
                 #S(CLAMSARA::SEQUENTIAL-FINALIZER-TOKEN
                    :OWNER #S(CLAMSARA::FINALIZER-OWNER-KEY)
                    :GENERATION 56
                    :INDEX -1)
                 #S(CLAMSARA::SEQUENTIAL-FINALIZER-TOKEN
                    :OWNER #S(CLAMSARA::FINALIZER-OWNER-KEY)
                    :GENERATION 57
                    :INDEX -1)
                 #S(CLAMSARA::SEQUENTIAL-FINALIZER-TOKEN
                    :OWNER #S(CLAMSARA::FINALIZER-OWNER-KEY)
                    :GENERATION 58
                    :INDEX -1)
                 #S(CLAMSARA::SEQUENTIAL-FINALIZER-TOKEN
                    :OWNER #S(CLAMSARA::FINALIZER-OWNER-KEY)
                    :GENERATION 59
                    :INDEX -1)
                 #S(CLAMSARA::SEQUENTIAL-FINALIZER-TOKEN
                    :OWNER #S(CLAMSARA::FINALIZER-OWNER-KEY)
                    :GENERATION 60
                    :INDEX -1)
                 #S(CLAMSARA::SEQUENTIAL-FINALIZER-TOKEN
                    :OWNER #S(CLAMSARA::FINALIZER-OWNER-KEY)
                    :GENERATION 61
                    :INDEX -1)
                 #S(CLAMSARA::SEQUENTIAL-FINALIZER-TOKEN
                    :OWNER #S(CLAMSARA::FINALIZER-OWNER-KEY)
                    :GENERATION 62
                    :INDEX -1)
                 #S(CLAMSARA::SEQUENTIAL-FINALIZER-TOKEN
                    :OWNER #S(CLAMSARA::FINALIZER-OWNER-KEY)
                    :GENERATION 63
                    :INDEX -1)
                 #S(CLAMSARA::SEQUENTIAL-FINALIZER-TOKEN
                    :OWNER #S(CLAMSARA::FINALIZER-OWNER-KEY)
                    :GENERATION 64
                    :INDEX -1))
       :PHYSICAL-BYTES 592
       :ENTRY-CAPACITY 72
       :AUXILIARY-BYTES 8112))

is not of type
  LIST"
           :PRESERVED-WORLDS 1)
ROW :BEGIN ((:MAXIMUM-CANONICAL-FIELDS :SEMISPACE :PACKED))
ROW :EXACT-ROW-ACCOUNT (:REQUIRED 16 :H 12 :RESERVED 0)
ROW :FAIL ((:MAXIMUM-CANONICAL-FIELDS :SEMISPACE :PACKED) :CONDITION "The value
  #(#S(CLAMSARA::%CAPACITY-ACCOUNT-ENTRY
       :IDENTITY :CONFIGURATION-AUXILIARY
       :REPRESENTATION :RUNTIME-OBJECT-VECTOR
       :PLACEMENT-IDENTITY NIL
       :ALLOCATION-CONTEXT :CONSTRUCTION-ONLY
       :EXHAUSTION-ACTION :REJECT-BEFORE-PUBLICATION
       :HANDLE #()
       :PHYSICAL-BYTES 16
       :ENTRY-CAPACITY 0
       :AUXILIARY-BYTES 10727264)
    #S(CLAMSARA::%CAPACITY-ACCOUNT-ENTRY
       :IDENTITY #:RUNTIME-OBJECTS-1663
       :REPRESENTATION :RUNTIME-OBJECT-VECTOR
       :PLACEMENT-IDENTITY NIL
       :ALLOCATION-CONTEXT :CONSTRUCTION-ONLY
       :EXHAUSTION-ACTION :REJECT-BEFORE-PUBLICATION
       :HANDLE #(NIL NIL NIL NIL NIL NIL NIL NIL NIL NIL NIL NIL NIL NIL NIL
                 NIL NIL NIL NIL NIL NIL NIL NIL NIL NIL NIL NIL NIL NIL NIL
                 NIL NIL NIL NIL NIL NIL NIL NIL NIL NIL NIL NIL NIL NIL NIL
                 NIL NIL NIL NIL NIL NIL NIL NIL NIL NIL NIL NIL NIL NIL NIL
                 NIL NIL NIL NIL NIL NIL NIL NIL NIL NIL NIL NIL NIL NIL NIL
                 NIL NIL NIL NIL NIL NIL NIL NIL NIL NIL NIL NIL NIL NIL NIL
                 NIL NIL NIL NIL NIL NIL NIL NIL NIL NIL NIL NIL NIL NIL NIL
                 NIL NIL NIL NIL NIL NIL NIL NIL NIL NIL NIL NIL NIL NIL NIL
                 NIL NIL)
       :PHYSICAL-BYTES 992
       :ENTRY-CAPACITY 122
       :AUXILIARY-BYTES 19568)
    #S(CLAMSARA::%CAPACITY-ACCOUNT-ENTRY
       :IDENTITY #:RUNTIME-INDICES-1664
       :REPRESENTATION :RUNTIME-INDEX-VECTOR
       :PLACEMENT-IDENTITY NIL
       :ALLOCATION-CONTEXT :CONSTRUCTION-ONLY
       :EXHAUSTION-ACTION :REJECT-BEFORE-PUBLICATION
       :HANDLE #(0 0 0 0 0 0)
       :PHYSICAL-BYTES 64
       :ENTRY-CAPACITY 6
       :AUXILIARY-BYTES 480)
    #S(CLAMSARA::%CAPACITY-ACCOUNT-ENTRY
       :IDENTITY #:RUNTIME-SPACE-STATE-1660
       :REPRESENTATION :RUNTIME-OBJECT-VECTOR
       :PLACEMENT-IDENTITY NIL
       :ALLOCATION-CONTEXT :CONSTRUCTION-ONLY
       :EXHAUSTION-ACTION :REJECT-BEFORE-PUBLICATION
       :HANDLE #()
       :PHYSICAL-BYTES 16
       :ENTRY-CAPACITY 0
       :AUXILIARY-BYTES 1280)
    #S(CLAMSARA::%CAPACITY-ACCOUNT-ENTRY
       :IDENTITY #<CLAMSARA:OBJECT-START-MARKS {120277F493}>
       :REPRESENTATION :PACKED-BIT-VECTOR
       :PLACEMENT-IDENTITY NIL
       :ALLOCATION-CONTEXT :CONSTRUCTION
       :EXHAUSTION-ACTION :REJECT
       :HANDLE #*00
       :PHYSICAL-BYTES 32
       :ENTRY-CAPACITY 2
       :AUXILIARY-BYTES 144)
    #S(CLAMSARA::%CAPACITY-ACCOUNT-ENTRY
       :IDENTITY #<CLAMSARA:SIDE-FORWARDING {120277F553}>
       :REPRESENTATION :FORWARDING-VECTOR
       :PLACEMENT-IDENTITY NIL
       :ALLOCATION-CONTEXT :CONSTRUCTION
       :EXHAUSTION-ACTION :REJECT
       :HANDLE #(NIL NIL)
       :PHYSICAL-BYTES 32
       :ENTRY-CAPACITY 2
       :AUXILIARY-BYTES 144)
    #S(CLAMSARA::%CAPACITY-ACCOUNT-ENTRY
       :IDENTITY #:RUNTIME-SPACE-STATE-1662
       :REPRESENTATION :RUNTIME-OBJECT-VECTOR
       :PLACEMENT-IDENTITY NIL
       :ALLOCATION-CONTEXT :CONSTRUCTION-ONLY
       :EXHAUSTION-ACTION :REJECT-BEFORE-PUBLICATION
       :HANDLE #()
       :PHYSICAL-BYTES 16
       :ENTRY-CAPACITY 0
       :AUXILIARY-BYTES 1280)
    #S(CLAMSARA::%CAPACITY-ACCOUNT-ENTRY
       :IDENTITY #<CLAMSARA:OBJECT-START-MARKS {120277F783}>
       :REPRESENTATION :PACKED-BIT-VECTOR
       :PLACEMENT-IDENTITY NIL
       :ALLOCATION-CONTEXT :CONSTRUCTION
       :EXHAUSTION-ACTION :REJECT
       :HANDLE #*00
       :PHYSICAL-BYTES 32
       :ENTRY-CAPACITY 2
       :AUXILIARY-BYTES 144)
    #S(CLAMSARA::%CAPACITY-ACCOUNT-ENTRY
       :IDENTITY #<CLAMSARA:SIDE-FORWARDING {120277F843}>
       :REPRESENTATION :FORWARDING-VECTOR
       :PLACEMENT-IDENTITY NIL
       :ALLOCATION-CONTEXT :CONSTRUCTION
       :EXHAUSTION-ACTION :REJECT
       :HANDLE #(NIL NIL)
       :PHYSICAL-BYTES 32
       :ENTRY-CAPACITY 2
       :AUXILIARY-BYTES 144)
    #S(CLAMSARA::%CAPACITY-ACCOUNT-ENTRY
       :IDENTITY #:FINALIZER-OBJECTS-1657
       :REPRESENTATION :RUNTIME-OBJECT-VECTOR
       :PLACEMENT-IDENTITY NIL
       :ALLOCATION-CONTEXT :CONSTRUCTION-ONLY
       :EXHAUSTION-ACTION :REJECT-BEFORE-PUBLICATION
       :HANDLE #(NIL NIL NIL NIL NIL NIL NIL NIL :FREE :FREE)
       :PHYSICAL-BYTES 96
       :ENTRY-CAPACITY 10
       :AUXILIARY-BYTES 1856)
    #S(CLAMSARA::%CAPACITY-ACCOUNT-ENTRY
       :IDENTITY #:FINALIZER-INDICES-1658
       :REPRESENTATION :RUNTIME-INDEX-VECTOR
       :PLACEMENT-IDENTITY NIL
       :ALLOCATION-CONTEXT :CONSTRUCTION-ONLY
       :EXHAUSTION-ACTION :REJECT-BEFORE-PUBLICATION
       :HANDLE #(NIL NIL 0 0
                 #S(CLAMSARA::SEQUENTIAL-FINALIZER-TOKEN
                    :OWNER #S(CLAMSARA::FINALIZER-OWNER-KEY)
                    :GENERATION 1
                    :INDEX -1)
                 #S(CLAMSARA::SEQUENTIAL-FINALIZER-TOKEN
                    :OWNER #S(CLAMSARA::FINALIZER-OWNER-KEY)
                    :GENERATION 2
                    :INDEX -1)
                 #S(CLAMSARA::SEQUENTIAL-FINALIZER-TOKEN
                    :OWNER #S(CLAMSARA::FINALIZER-OWNER-KEY)
                    :GENERATION 3
                    :INDEX -1)
                 #S(CLAMSARA::SEQUENTIAL-FINALIZER-TOKEN
                    :OWNER #S(CLAMSARA::FINALIZER-OWNER-KEY)
                    :GENERATION 4
                    :INDEX -1)
                 #S(CLAMSARA::SEQUENTIAL-FINALIZER-TOKEN
                    :OWNER #S(CLAMSARA::FINALIZER-OWNER-KEY)
                    :GENERATION 5
                    :INDEX -1)
                 #S(CLAMSARA::SEQUENTIAL-FINALIZER-TOKEN
                    :OWNER #S(CLAMSARA::FINALIZER-OWNER-KEY)
                    :GENERATION 6
                    :INDEX -1)
                 #S(CLAMSARA::SEQUENTIAL-FINALIZER-TOKEN
                    :OWNER #S(CLAMSARA::FINALIZER-OWNER-KEY)
                    :GENERATION 7
                    :INDEX -1)
                 #S(CLAMSARA::SEQUENTIAL-FINALIZER-TOKEN
                    :OWNER #S(CLAMSARA::FINALIZER-OWNER-KEY)
                    :GENERATION 8
                    :INDEX -1)
                 #S(CLAMSARA::SEQUENTIAL-FINALIZER-TOKEN
                    :OWNER #S(CLAMSARA::FINALIZER-OWNER-KEY)
                    :GENERATION 9
                    :INDEX -1)
                 #S(CLAMSARA::SEQUENTIAL-FINALIZER-TOKEN
                    :OWNER #S(CLAMSARA::FINALIZER-OWNER-KEY)
                    :GENERATION 10
                    :INDEX -1)
                 #S(CLAMSARA::SEQUENTIAL-FINALIZER-TOKEN
                    :OWNER #S(CLAMSARA::FINALIZER-OWNER-KEY)
                    :GENERATION 11
                    :INDEX -1)
                 #S(CLAMSARA::SEQUENTIAL-FINALIZER-TOKEN
                    :OWNER #S(CLAMSARA::FINALIZER-OWNER-KEY)
                    :GENERATION 12
                    :INDEX -1)
                 #S(CLAMSARA::SEQUENTIAL-FINALIZER-TOKEN
                    :OWNER #S(CLAMSARA::FINALIZER-OWNER-KEY)
                    :GENERATION 13
                    :INDEX -1)
                 #S(CLAMSARA::SEQUENTIAL-FINALIZER-TOKEN
                    :OWNER #S(CLAMSARA::FINALIZER-OWNER-KEY)
                    :GENERATION 14
                    :INDEX -1)
                 #S(CLAMSARA::SEQUENTIAL-FINALIZER-TOKEN
                    :OWNER #S(CLAMSARA::FINALIZER-OWNER-KEY)
                    :GENERATION 15
                    :INDEX -1)
                 #S(CLAMSARA::SEQUENTIAL-FINALIZER-TOKEN
                    :OWNER #S(CLAMSARA::FINALIZER-OWNER-KEY)
                    :GENERATION 16
                    :INDEX -1)
                 #S(CLAMSARA::SEQUENTIAL-FINALIZER-TOKEN
                    :OWNER #S(CLAMSARA::FINALIZER-OWNER-KEY)
                    :GENERATION 17
                    :INDEX -1)
                 #S(CLAMSARA::SEQUENTIAL-FINALIZER-TOKEN
                    :OWNER #S(CLAMSARA::FINALIZER-OWNER-KEY)
                    :GENERATION 18
                    :INDEX -1)
                 #S(CLAMSARA::SEQUENTIAL-FINALIZER-TOKEN
                    :OWNER #S(CLAMSARA::FINALIZER-OWNER-KEY)
                    :GENERATION 19
                    :INDEX -1)
                 #S(CLAMSARA::SEQUENTIAL-FINALIZER-TOKEN
                    :OWNER #S(CLAMSARA::FINALIZER-OWNER-KEY)
                    :GENERATION 20
                    :INDEX -1)
                 #S(CLAMSARA::SEQUENTIAL-FINALIZER-TOKEN
                    :OWNER #S(CLAMSARA::FINALIZER-OWNER-KEY)
                    :GENERATION 21
                    :INDEX -1)
                 #S(CLAMSARA::SEQUENTIAL-FINALIZER-TOKEN
                    :OWNER #S(CLAMSARA::FINALIZER-OWNER-KEY)
                    :GENERATION 22
                    :INDEX -1)
                 #S(CLAMSARA::SEQUENTIAL-FINALIZER-TOKEN
                    :OWNER #S(CLAMSARA::FINALIZER-OWNER-KEY)
                    :GENERATION 23
                    :INDEX -1)
                 #S(CLAMSARA::SEQUENTIAL-FINALIZER-TOKEN
                    :OWNER #S(CLAMSARA::FINALIZER-OWNER-KEY)
                    :GENERATION 24
                    :INDEX -1)
                 #S(CLAMSARA::SEQUENTIAL-FINALIZER-TOKEN
                    :OWNER #S(CLAMSARA::FINALIZER-OWNER-KEY)
                    :GENERATION 25
                    :INDEX -1)
                 #S(CLAMSARA::SEQUENTIAL-FINALIZER-TOKEN
                    :OWNER #S(CLAMSARA::FINALIZER-OWNER-KEY)
                    :GENERATION 26
                    :INDEX -1)
                 #S(CLAMSARA::SEQUENTIAL-FINALIZER-TOKEN
                    :OWNER #S(CLAMSARA::FINALIZER-OWNER-KEY)
                    :GENERATION 27
                    :INDEX -1)
                 #S(CLAMSARA::SEQUENTIAL-FINALIZER-TOKEN
                    :OWNER #S(CLAMSARA::FINALIZER-OWNER-KEY)
                    :GENERATION 28
                    :INDEX -1)
                 #S(CLAMSARA::SEQUENTIAL-FINALIZER-TOKEN
                    :OWNER #S(CLAMSARA::FINALIZER-OWNER-KEY)
                    :GENERATION 29
                    :INDEX -1)
                 #S(CLAMSARA::SEQUENTIAL-FINALIZER-TOKEN
                    :OWNER #S(CLAMSARA::FINALIZER-OWNER-KEY)
                    :GENERATION 30
                    :INDEX -1)
                 #S(CLAMSARA::SEQUENTIAL-FINALIZER-TOKEN
                    :OWNER #S(CLAMSARA::FINALIZER-OWNER-KEY)
                    :GENERATION 31
                    :INDEX -1)
                 #S(CLAMSARA::SEQUENTIAL-FINALIZER-TOKEN
                    :OWNER #S(CLAMSARA::FINALIZER-OWNER-KEY)
                    :GENERATION 32
                    :INDEX -1)
                 #S(CLAMSARA::SEQUENTIAL-FINALIZER-TOKEN
                    :OWNER #S(CLAMSARA::FINALIZER-OWNER-KEY)
                    :GENERATION 33
                    :INDEX -1)
                 #S(CLAMSARA::SEQUENTIAL-FINALIZER-TOKEN
                    :OWNER #S(CLAMSARA::FINALIZER-OWNER-KEY)
                    :GENERATION 34
                    :INDEX -1)
                 #S(CLAMSARA::SEQUENTIAL-FINALIZER-TOKEN
                    :OWNER #S(CLAMSARA::FINALIZER-OWNER-KEY)
                    :GENERATION 35
                    :INDEX -1)
                 #S(CLAMSARA::SEQUENTIAL-FINALIZER-TOKEN
                    :OWNER #S(CLAMSARA::FINALIZER-OWNER-KEY)
                    :GENERATION 36
                    :INDEX -1)
                 #S(CLAMSARA::SEQUENTIAL-FINALIZER-TOKEN
                    :OWNER #S(CLAMSARA::FINALIZER-OWNER-KEY)
                    :GENERATION 37
                    :INDEX -1)
                 #S(CLAMSARA::SEQUENTIAL-FINALIZER-TOKEN
                    :OWNER #S(CLAMSARA::FINALIZER-OWNER-KEY)
                    :GENERATION 38
                    :INDEX -1)
                 #S(CLAMSARA::SEQUENTIAL-FINALIZER-TOKEN
                    :OWNER #S(CLAMSARA::FINALIZER-OWNER-KEY)
                    :GENERATION 39
                    :INDEX -1)
                 #S(CLAMSARA::SEQUENTIAL-FINALIZER-TOKEN
                    :OWNER #S(CLAMSARA::FINALIZER-OWNER-KEY)
                    :GENERATION 40
                    :INDEX -1)
                 #S(CLAMSARA::SEQUENTIAL-FINALIZER-TOKEN
                    :OWNER #S(CLAMSARA::FINALIZER-OWNER-KEY)
                    :GENERATION 41
                    :INDEX -1)
                 #S(CLAMSARA::SEQUENTIAL-FINALIZER-TOKEN
                    :OWNER #S(CLAMSARA::FINALIZER-OWNER-KEY)
                    :GENERATION 42
                    :INDEX -1)
                 #S(CLAMSARA::SEQUENTIAL-FINALIZER-TOKEN
                    :OWNER #S(CLAMSARA::FINALIZER-OWNER-KEY)
                    :GENERATION 43
                    :INDEX -1)
                 #S(CLAMSARA::SEQUENTIAL-FINALIZER-TOKEN
                    :OWNER #S(CLAMSARA::FINALIZER-OWNER-KEY)
                    :GENERATION 44
                    :INDEX -1)
                 #S(CLAMSARA::SEQUENTIAL-FINALIZER-TOKEN
                    :OWNER #S(CLAMSARA::FINALIZER-OWNER-KEY)
                    :GENERATION 45
                    :INDEX -1)
                 #S(CLAMSARA::SEQUENTIAL-FINALIZER-TOKEN
                    :OWNER #S(CLAMSARA::FINALIZER-OWNER-KEY)
                    :GENERATION 46
                    :INDEX -1)
                 #S(CLAMSARA::SEQUENTIAL-FINALIZER-TOKEN
                    :OWNER #S(CLAMSARA::FINALIZER-OWNER-KEY)
                    :GENERATION 47
                    :INDEX -1)
                 #S(CLAMSARA::SEQUENTIAL-FINALIZER-TOKEN
                    :OWNER #S(CLAMSARA::FINALIZER-OWNER-KEY)
                    :GENERATION 48
                    :INDEX -1)
                 #S(CLAMSARA::SEQUENTIAL-FINALIZER-TOKEN
                    :OWNER #S(CLAMSARA::FINALIZER-OWNER-KEY)
                    :GENERATION 49
                    :INDEX -1)
                 #S(CLAMSARA::SEQUENTIAL-FINALIZER-TOKEN
                    :OWNER #S(CLAMSARA::FINALIZER-OWNER-KEY)
                    :GENERATION 50
                    :INDEX -1)
                 #S(CLAMSARA::SEQUENTIAL-FINALIZER-TOKEN
                    :OWNER #S(CLAMSARA::FINALIZER-OWNER-KEY)
                    :GENERATION 51
                    :INDEX -1)
                 #S(CLAMSARA::SEQUENTIAL-FINALIZER-TOKEN
                    :OWNER #S(CLAMSARA::FINALIZER-OWNER-KEY)
                    :GENERATION 52
                    :INDEX -1)
                 #S(CLAMSARA::SEQUENTIAL-FINALIZER-TOKEN
                    :OWNER #S(CLAMSARA::FINALIZER-OWNER-KEY)
                    :GENERATION 53
                    :INDEX -1)
                 #S(CLAMSARA::SEQUENTIAL-FINALIZER-TOKEN
                    :OWNER #S(CLAMSARA::FINALIZER-OWNER-KEY)
                    :GENERATION 54
                    :INDEX -1)
                 #S(CLAMSARA::SEQUENTIAL-FINALIZER-TOKEN
                    :OWNER #S(CLAMSARA::FINALIZER-OWNER-KEY)
                    :GENERATION 55
                    :INDEX -1)
                 #S(CLAMSARA::SEQUENTIAL-FINALIZER-TOKEN
                    :OWNER #S(CLAMSARA::FINALIZER-OWNER-KEY)
                    :GENERATION 56
                    :INDEX -1)
                 #S(CLAMSARA::SEQUENTIAL-FINALIZER-TOKEN
                    :OWNER #S(CLAMSARA::FINALIZER-OWNER-KEY)
                    :GENERATION 57
                    :INDEX -1)
                 #S(CLAMSARA::SEQUENTIAL-FINALIZER-TOKEN
                    :OWNER #S(CLAMSARA::FINALIZER-OWNER-KEY)
                    :GENERATION 58
                    :INDEX -1)
                 #S(CLAMSARA::SEQUENTIAL-FINALIZER-TOKEN
                    :OWNER #S(CLAMSARA::FINALIZER-OWNER-KEY)
                    :GENERATION 59
                    :INDEX -1)
                 #S(CLAMSARA::SEQUENTIAL-FINALIZER-TOKEN
                    :OWNER #S(CLAMSARA::FINALIZER-OWNER-KEY)
                    :GENERATION 60
                    :INDEX -1)
                 #S(CLAMSARA::SEQUENTIAL-FINALIZER-TOKEN
                    :OWNER #S(CLAMSARA::FINALIZER-OWNER-KEY)
                    :GENERATION 61
                    :INDEX -1)
                 #S(CLAMSARA::SEQUENTIAL-FINALIZER-TOKEN
                    :OWNER #S(CLAMSARA::FINALIZER-OWNER-KEY)
                    :GENERATION 62
                    :INDEX -1)
                 #S(CLAMSARA::SEQUENTIAL-FINALIZER-TOKEN
                    :OWNER #S(CLAMSARA::FINALIZER-OWNER-KEY)
                    :GENERATION 63
                    :INDEX -1)
                 #S(CLAMSARA::SEQUENTIAL-FINALIZER-TOKEN
                    :OWNER #S(CLAMSARA::FINALIZER-OWNER-KEY)
                    :GENERATION 64
                    :INDEX -1))
       :PHYSICAL-BYTES 560
       :ENTRY-CAPACITY 68
       :AUXILIARY-BYTES 8112))

is not of type
  LIST"
           :PRESERVED-WORLDS 1)
ROW :BEGIN ((:ENDPOINT-HOLES :SEMISPACE :SCALAR 8))
ROW :EXACT-ROW-ACCOUNT (:REQUIRED 132 :H 128 :RESERVED 0)
ROW :FAIL ((:ENDPOINT-HOLES :SEMISPACE :SCALAR 8) :CONDITION "The value
  #(#S(CLAMSARA::%CAPACITY-ACCOUNT-ENTRY
       :IDENTITY :CONFIGURATION-AUXILIARY
       :REPRESENTATION :RUNTIME-OBJECT-VECTOR
       :PLACEMENT-IDENTITY NIL
       :ALLOCATION-CONTEXT :CONSTRUCTION-ONLY
       :EXHAUSTION-ACTION :REJECT-BEFORE-PUBLICATION
       :HANDLE #()
       :PHYSICAL-BYTES 16
       :ENTRY-CAPACITY 0
       :AUXILIARY-BYTES 276320)
    #S(CLAMSARA::%CAPACITY-ACCOUNT-ENTRY
       :IDENTITY #:RUNTIME-OBJECTS-1671
       :REPRESENTATION :RUNTIME-OBJECT-VECTOR
       :PLACEMENT-IDENTITY NIL
       :ALLOCATION-CONTEXT :CONSTRUCTION-ONLY
       :EXHAUSTION-ACTION :REJECT-BEFORE-PUBLICATION
       :HANDLE #(NIL NIL NIL NIL NIL NIL NIL NIL NIL NIL NIL NIL NIL NIL NIL
                 NIL NIL NIL NIL NIL NIL NIL NIL NIL NIL NIL NIL NIL NIL NIL
                 NIL NIL NIL NIL NIL NIL NIL NIL NIL NIL NIL NIL NIL NIL NIL
                 NIL NIL NIL NIL NIL NIL NIL NIL NIL NIL NIL NIL NIL NIL NIL
                 NIL NIL NIL NIL NIL NIL NIL NIL NIL NIL NIL NIL NIL NIL NIL
                 NIL NIL NIL NIL NIL NIL NIL NIL NIL NIL NIL NIL NIL NIL NIL
                 NIL NIL NIL NIL NIL NIL NIL NIL NIL NIL NIL NIL NIL NIL NIL
                 NIL NIL NIL NIL NIL NIL NIL NIL NIL NIL NIL NIL NIL NIL NIL
                 NIL NIL NIL NIL NIL NIL NIL NIL NIL NIL NIL NIL NIL NIL NIL
                 NIL NIL NIL NIL NIL NIL NIL NIL NIL NIL NIL NIL NIL NIL NIL
                 NIL NIL NIL NIL NIL NIL NIL NIL NIL NIL NIL NIL NIL NIL NIL
                 NIL NIL NIL NIL NIL NIL NIL NIL NIL NIL NIL NIL NIL NIL NIL
                 NIL NIL NIL NIL NIL NIL NIL NIL NIL NIL NIL NIL NIL NIL NIL
                 NIL NIL NIL NIL NIL NIL NIL NIL NIL NIL NIL NIL NIL NIL NIL
                 NIL NIL NIL NIL NIL NIL NIL NIL NIL NIL NIL NIL NIL NIL NIL
                 NIL NIL NIL NIL NIL NIL NIL NIL NIL NIL NIL NIL NIL NIL NIL
                 NIL NIL NIL NIL NIL NIL NIL NIL NIL NIL NIL NIL NIL NIL NIL
                 NIL NIL NIL NIL NIL NIL NIL NIL NIL NIL NIL NIL NIL NIL NIL
                 NIL NIL NIL NIL NIL NIL NIL NIL NIL NIL NIL NIL NIL NIL NIL
                 NIL NIL NIL NIL NIL NIL NIL NIL NIL NIL NIL NIL NIL NIL NIL
                 NIL NIL NIL NIL NIL NIL NIL NIL NIL NIL NIL NIL NIL NIL NIL
                 NIL NIL NIL NIL NIL NIL NIL NIL NIL NIL NIL NIL NIL NIL NIL
                 NIL NIL NIL NIL NIL NIL NIL NIL NIL NIL NIL NIL NIL NIL NIL
                 NIL NIL NIL NIL NIL NIL NIL NIL NIL NIL NIL NIL NIL NIL NIL
                 NIL NIL NIL NIL NIL NIL NIL NIL NIL NIL NIL NIL NIL NIL NIL
                 NIL NIL NIL NIL NIL NIL NIL NIL NIL NIL NIL NIL NIL NIL NIL
                 NIL NIL NIL NIL NIL NIL NIL NIL NIL NIL NIL NIL NIL NIL NIL
                 NIL NIL NIL NIL NIL NIL NIL NIL NIL NIL NIL NIL NIL NIL NIL
                 NIL NIL NIL NIL NIL NIL NIL NIL NIL NIL NIL NIL NIL NIL NIL
                 NIL NIL NIL NIL NIL NIL NIL NIL NIL NIL NIL NIL NIL NIL NIL
                 NIL NIL NIL NIL NIL NIL NIL NIL NIL NIL NIL NIL NIL NIL NIL
                 NIL NIL NIL NIL NIL NIL NIL NIL NIL NIL NIL NIL NIL NIL NIL
                 NIL NIL NIL NIL NIL NIL NIL NIL NIL NIL NIL NIL NIL NIL NIL
                 NIL NIL NIL NIL NIL NIL NIL NIL NIL NIL NIL NIL NIL NIL NIL
                 NIL NIL NIL NIL NIL NIL NIL NIL NIL NIL NIL NIL NIL NIL NIL
                 NIL NIL NIL NIL NIL NIL NIL NIL NIL NIL NIL NIL NIL NIL NIL
                 NIL NIL NIL NIL NIL NIL NIL NIL NIL NIL NIL NIL NIL NIL NIL
                 NIL NIL NIL NIL NIL NIL NIL NIL NIL NIL NIL NIL NIL NIL NIL
                 NIL NIL NIL NIL NIL NIL NIL NIL NIL NIL NIL NIL NIL NIL NIL
                 NIL NIL NIL NIL NIL NIL NIL NIL NIL NIL NIL NIL NIL NIL NIL
                 NIL NIL NIL NIL NIL NIL NIL NIL NIL NIL NIL NIL NIL NIL NIL
                 NIL NIL NIL NIL NIL NIL NIL NIL NIL NIL NIL NIL NIL NIL NIL
                 NIL NIL NIL NIL NIL NIL NIL NIL NIL NIL NIL NIL NIL NIL NIL
                 NIL NIL NIL NIL NIL NIL NIL NIL NIL NIL NIL NIL NIL NIL NIL
                 NIL NIL NIL NIL NIL NIL NIL NIL NIL NIL NIL NIL NIL NIL NIL
                 NIL NIL NIL NIL NIL NIL NIL NIL NIL NIL NIL NIL NIL NIL NIL
                 NIL NIL NIL NIL NIL NIL NIL NIL NIL NIL NIL NIL NIL NIL NIL
                 NIL NIL NIL NIL NIL NIL NIL NIL NIL NIL NIL NIL NIL NIL NIL
                 NIL NIL NIL NIL NIL NIL NIL NIL NIL NIL NIL NIL NIL NIL NIL
                 NIL NIL NIL NIL NIL NIL NIL NIL NIL NIL NIL NIL NIL NIL NIL
                 NIL NIL NIL NIL NIL NIL NIL NIL NIL NIL NIL NIL NIL NIL NIL
                 NIL NIL NIL NIL NIL NIL NIL NIL NIL NIL NIL NIL NIL NIL NIL
                 NIL NIL NIL NIL NIL NIL NIL NIL NIL NIL NIL NIL NIL NIL NIL
                 NIL NIL NIL NIL NIL NIL NIL NIL NIL NIL NIL NIL NIL NIL NIL
                 NIL NIL NIL NIL NIL NIL NIL NIL NIL NIL NIL NIL NIL NIL NIL
                 NIL NIL NIL NIL NIL NIL NIL NIL NIL NIL NIL NIL NIL NIL NIL
                 NIL NIL NIL NIL NIL NIL NIL NIL NIL NIL NIL NIL NIL NIL NIL
                 NIL NIL NIL NIL NIL NIL NIL NIL NIL NIL NIL NIL NIL NIL NIL
                 NIL NIL NIL NIL NIL NIL NIL NIL NIL NIL NIL NIL NIL NIL NIL
                 NIL NIL NIL NIL NIL NIL NIL NIL NIL NIL NIL NIL NIL NIL NIL
                 NIL NIL NIL NIL NIL NIL NIL NIL NIL NIL NIL NIL NIL NIL NIL
                 NIL NIL NIL NIL NIL NIL NIL NIL NIL NIL NIL NIL NIL NIL NIL
                 NIL NIL NIL NIL NIL NIL NIL NIL NIL NIL NIL NIL NIL NIL NIL
                 NIL NIL NIL NIL NIL NIL NIL NIL NIL NIL NIL NIL NIL NIL NIL
                 NIL NIL NIL NIL NIL NIL NIL NIL NIL NIL NIL NIL NIL NIL NIL
                 NIL NIL NIL NIL NIL NIL NIL NIL NIL NIL NIL NIL NIL NIL NIL
                 NIL NIL NIL NIL NIL NIL NIL NIL NIL NIL NIL NIL NIL NIL NIL
                 NIL NIL NIL NIL NIL NIL NIL NIL NIL NIL NIL NIL NIL NIL NIL
                 NIL NIL NIL NIL NIL NIL NIL NIL NIL NIL NIL NIL NIL NIL NIL
                 NIL NIL NIL NIL NIL NIL NIL NIL NIL NIL NIL NIL NIL NIL NIL
                 NIL NIL NIL NIL NIL NIL NIL NIL NIL NIL NIL NIL NIL NIL NIL
                 NIL NIL NIL NIL NIL NIL NIL NIL NIL NIL NIL NIL NIL NIL NIL
                 NIL NIL NIL NIL NIL NIL NIL NIL NIL NIL NIL NIL NIL NIL NIL
                 NIL NIL NIL NIL NIL NIL NIL NIL NIL NIL NIL NIL NIL NIL NIL
                 NIL NIL NIL NIL NIL NIL NIL NIL NIL NIL NIL NIL NIL NIL NIL
                 NIL NIL NIL NIL NIL NIL NIL NIL NIL NIL NIL NIL NIL NIL NIL
                 NIL NIL NIL NIL NIL NIL NIL NIL NIL NIL NIL NIL NIL NIL NIL
                 NIL NIL NIL NIL NIL NIL NIL NIL NIL NIL NIL NIL NIL NIL NIL
                 NIL NIL NIL NIL NIL NIL NIL NIL NIL NIL NIL NIL NIL NIL NIL
                 NIL NIL NIL NIL NIL NIL NIL NIL NIL NIL NIL NIL NIL NIL NIL
                 NIL NIL NIL NIL NIL NIL NIL NIL NIL NIL NIL NIL NIL NIL NIL
                 NIL NIL NIL NIL NIL NIL NIL NIL NIL NIL NIL NIL NIL NIL NIL
                 NIL NIL NIL NIL NIL NIL NIL NIL NIL NIL NIL NIL NIL NIL NIL
                 NIL NIL NIL NIL NIL NIL NIL NIL NIL NIL NIL NIL NIL NIL NIL
                 NIL NIL NIL NIL NIL NIL NIL NIL NIL NIL NIL NIL NIL NIL NIL
                 NIL NIL NIL NIL NIL NIL NIL NIL NIL NIL NIL NIL NIL NIL NIL
                 NIL NIL NIL NIL NIL NIL NIL NIL NIL NIL NIL NIL NIL NIL NIL
                 NIL NIL NIL NIL NIL NIL NIL NIL NIL NIL NIL NIL NIL NIL NIL
                 NIL NIL NIL NIL NIL NIL NIL NIL NIL NIL NIL NIL NIL NIL NIL
                 NIL NIL NIL NIL NIL NIL NIL NIL NIL NIL NIL NIL NIL NIL NIL
                 NIL NIL NIL NIL NIL NIL NIL NIL NIL NIL NIL NIL NIL NIL NIL
                 NIL NIL NIL NIL NIL NIL NIL NIL NIL NIL NIL NIL NIL NIL NIL
                 NIL NIL NIL NIL NIL NIL NIL NIL NIL NIL NIL NIL NIL NIL NIL
                 NIL NIL NIL NIL NIL NIL NIL NIL NIL NIL NIL NIL NIL NIL NIL
                 NIL NIL NIL NIL NIL NIL NIL NIL NIL NIL NIL NIL NIL NIL NIL
                 NIL NIL NIL NIL NIL NIL NIL NIL NIL NIL NIL NIL NIL NIL NIL
                 NIL NIL NIL NIL NIL NIL NIL NIL NIL NIL NIL NIL NIL NIL NIL
                 NIL NIL NIL NIL NIL NIL NIL NIL NIL NIL NIL NIL NIL NIL NIL
                 NIL NIL NIL NIL NIL NIL NIL NIL NIL NIL NIL NIL NIL NIL NIL
                 NIL NIL NIL NIL NIL NIL NIL NIL NIL NIL NIL NIL NIL NIL NIL
                 NIL NIL NIL NIL NIL NIL NIL NIL NIL NIL NIL NIL NIL NIL NIL
                 NIL NIL NIL NIL NIL NIL NIL NIL NIL NIL NIL NIL NIL NIL NIL
                 NIL NIL NIL NIL NIL NIL NIL NIL NIL NIL NIL NIL NIL NIL NIL
                 NIL NIL NIL NIL NIL NIL NIL NIL NIL NIL NIL)
       :PHYSICAL-BYTES 12464
       :ENTRY-CAPACITY 1556
       :AUXILIARY-BYTES 19568)
    #S(CLAMSARA::%CAPACITY-ACCOUNT-ENTRY
       :IDENTITY #:RUNTIME-INDICES-1672
       :REPRESENTATION :RUNTIME-INDEX-VECTOR
       :PLACEMENT-IDENTITY NIL
       :ALLOCATION-CONTEXT :CONSTRUCTION-ONLY
       :EXHAUSTION-ACTION :REJECT-BEFORE-PUBLICATION
       :HANDLE #(0 0 0 0 0 0)
       :PHYSICAL-BYTES 64
       :ENTRY-CAPACITY 6
       :AUXILIARY-BYTES 480)
    #S(CLAMSARA::%CAPACITY-ACCOUNT-ENTRY
       :IDENTITY #:RUNTIME-SPACE-STATE-1668
       :REPRESENTATION :RUNTIME-OBJECT-VECTOR
       :PLACEMENT-IDENTITY NIL
       :ALLOCATION-CONTEXT :CONSTRUCTION-ONLY
       :EXHAUSTION-ACTION :REJECT-BEFORE-PUBLICATION
       :HANDLE #()
       :PHYSICAL-BYTES 16
       :ENTRY-CAPACITY 0
       :AUXILIARY-BYTES 1280)
    #S(CLAMSARA::%CAPACITY-ACCOUNT-ENTRY
       :IDENTITY #<CLAMSARA:SCALAR-OBJECT-START-MARKS {12098DA953}>
       :REPRESENTATION :SCALAR-BIT-VECTOR
       :PLACEMENT-IDENTITY NIL
       :ALLOCATION-CONTEXT :CONSTRUCTION
       :EXHAUSTION-ACTION :REJECT
       :HANDLE #(0 0 0 0 0 0 0 0 0 0 0 0 0 0 0 0 0 0 0 0 0 0 0 0 0 0 0 0 0 0 0
                 0 0 0 0 0 0 0 0 0 0 0 0 0 0 0 0 0 0 0 0 0 0 0 0 0 0 0 0 0 0 0
                 0 0)
       :PHYSICAL-BYTES 528
       :ENTRY-CAPACITY 64
       :AUXILIARY-BYTES 144)
    #S(CLAMSARA::%CAPACITY-ACCOUNT-ENTRY
       :IDENTITY #<CLAMSARA:SIDE-FORWARDING {12098DAA13}>
       :REPRESENTATION :FORWARDING-VECTOR
       :PLACEMENT-IDENTITY NIL
       :ALLOCATION-CONTEXT :CONSTRUCTION
       :EXHAUSTION-ACTION :REJECT
       :HANDLE #(NIL NIL NIL NIL NIL NIL NIL NIL NIL NIL NIL NIL NIL NIL NIL
                 NIL NIL NIL NIL NIL NIL NIL NIL NIL NIL NIL NIL NIL NIL NIL
                 NIL NIL)
       :PHYSICAL-BYTES 272
       :ENTRY-CAPACITY 32
       :AUXILIARY-BYTES 144)
    #S(CLAMSARA::%CAPACITY-ACCOUNT-ENTRY
       :IDENTITY #:RUNTIME-SPACE-STATE-1670
       :REPRESENTATION :RUNTIME-OBJECT-VECTOR
       :PLACEMENT-IDENTITY NIL
       :ALLOCATION-CONTEXT :CONSTRUCTION-ONLY
       :EXHAUSTION-ACTION :REJECT-BEFORE-PUBLICATION
       :HANDLE #()
       :PHYSICAL-BYTES 16
       :ENTRY-CAPACITY 0
       :AUXILIARY-BYTES 1280)
    #S(CLAMSARA::%CAPACITY-ACCOUNT-ENTRY
       :IDENTITY #<CLAMSARA:SCALAR-OBJECT-START-MARKS {12098DACA3}>
       :REPRESENTATION :SCALAR-BIT-VECTOR
       :PLACEMENT-IDENTITY NIL
       :ALLOCATION-CONTEXT :CONSTRUCTION
       :EXHAUSTION-ACTION :REJECT
       :HANDLE #(0 0 0 0 0 0 0 0 0 0 0 0 0 0 0 0 0 0 0 0 0 0 0 0 0 0 0 0 0 0 0
                 0 0 0 0 0 0 0 0 0 0 0 0 0 0 0 0 0 0 0 0 0 0 0 0 0 0 0 0 0 0 0
                 0 0)
       :PHYSICAL-BYTES 528
       :ENTRY-CAPACITY 64
       :AUXILIARY-BYTES 144)
    #S(CLAMSARA::%CAPACITY-ACCOUNT-ENTRY
       :IDENTITY #<CLAMSARA:SIDE-FORWARDING {12098DAD63}>
       :REPRESENTATION :FORWARDING-VECTOR
       :PLACEMENT-IDENTITY NIL
       :ALLOCATION-CONTEXT :CONSTRUCTION
       :EXHAUSTION-ACTION :REJECT
       :HANDLE #(NIL NIL NIL NIL NIL NIL NIL NIL NIL NIL NIL NIL NIL NIL NIL
                 NIL NIL NIL NIL NIL NIL NIL NIL NIL NIL NIL NIL NIL NIL NIL
                 NIL NIL)
       :PHYSICAL-BYTES 272
       :ENTRY-CAPACITY 32
       :AUXILIARY-BYTES 144)
    #S(CLAMSARA::%CAPACITY-ACCOUNT-ENTRY
       :IDENTITY #:FINALIZER-OBJECTS-1665
       :REPRESENTATION :RUNTIME-OBJECT-VECTOR
       :PLACEMENT-IDENTITY NIL
       :ALLOCATION-CONTEXT :CONSTRUCTION-ONLY
       :EXHAUSTION-ACTION :REJECT-BEFORE-PUBLICATION
       :HANDLE #(NIL NIL NIL NIL NIL NIL NIL NIL NIL NIL NIL NIL NIL NIL NIL
                 NIL :FREE :FREE :FREE :FREE)
       :PHYSICAL-BYTES 176
       :ENTRY-CAPACITY 20
       :AUXILIARY-BYTES 3008)
    #S(CLAMSARA::%CAPACITY-ACCOUNT-ENTRY
       :IDENTITY #:FINALIZER-INDICES-1666
       :REPRESENTATION :RUNTIME-INDEX-VECTOR
       :PLACEMENT-IDENTITY NIL
       :ALLOCATION-CONTEXT :CONSTRUCTION-ONLY
       :EXHAUSTION-ACTION :REJECT-BEFORE-PUBLICATION
       :HANDLE #(NIL NIL NIL NIL 0 0 0 0
                 #S(CLAMSARA::SEQUENTIAL-FINALIZER-TOKEN
                    :OWNER #S(CLAMSARA::FINALIZER-OWNER-KEY)
                    :GENERATION 1
                    :INDEX -1)
                 #S(CLAMSARA::SEQUENTIAL-FINALIZER-TOKEN
                    :OWNER #S(CLAMSARA::FINALIZER-OWNER-KEY)
                    :GENERATION 2
                    :INDEX -1)
                 #S(CLAMSARA::SEQUENTIAL-FINALIZER-TOKEN
                    :OWNER #S(CLAMSARA::FINALIZER-OWNER-KEY)
                    :GENERATION 3
                    :INDEX -1)
                 #S(CLAMSARA::SEQUENTIAL-FINALIZER-TOKEN
                    :OWNER #S(CLAMSARA::FINALIZER-OWNER-KEY)
                    :GENERATION 4
                    :INDEX -1)
                 #S(CLAMSARA::SEQUENTIAL-FINALIZER-TOKEN
                    :OWNER #S(CLAMSARA::FINALIZER-OWNER-KEY)
                    :GENERATION 5
                    :INDEX -1)
                 #S(CLAMSARA::SEQUENTIAL-FINALIZER-TOKEN
                    :OWNER #S(CLAMSARA::FINALIZER-OWNER-KEY)
                    :GENERATION 6
                    :INDEX -1)
                 #S(CLAMSARA::SEQUENTIAL-FINALIZER-TOKEN
                    :OWNER #S(CLAMSARA::FINALIZER-OWNER-KEY)
                    :GENERATION 7
                    :INDEX -1)
                 #S(CLAMSARA::SEQUENTIAL-FINALIZER-TOKEN
                    :OWNER #S(CLAMSARA::FINALIZER-OWNER-KEY)
                    :GENERATION 8
                    :INDEX -1)
                 #S(CLAMSARA::SEQUENTIAL-FINALIZER-TOKEN
                    :OWNER #S(CLAMSARA::FINALIZER-OWNER-KEY)
                    :GENERATION 9
                    :INDEX -1)
                 #S(CLAMSARA::SEQUENTIAL-FINALIZER-TOKEN
                    :OWNER #S(CLAMSARA::FINALIZER-OWNER-KEY)
                    :GENERATION 10
                    :INDEX -1)
                 #S(CLAMSARA::SEQUENTIAL-FINALIZER-TOKEN
                    :OWNER #S(CLAMSARA::FINALIZER-OWNER-KEY)
                    :GENERATION 11
                    :INDEX -1)
                 #S(CLAMSARA::SEQUENTIAL-FINALIZER-TOKEN
                    :OWNER #S(CLAMSARA::FINALIZER-OWNER-KEY)
                    :GENERATION 12
                    :INDEX -1)
                 #S(CLAMSARA::SEQUENTIAL-FINALIZER-TOKEN
                    :OWNER #S(CLAMSARA::FINALIZER-OWNER-KEY)
                    :GENERATION 13
                    :INDEX -1)
                 #S(CLAMSARA::SEQUENTIAL-FINALIZER-TOKEN
                    :OWNER #S(CLAMSARA::FINALIZER-OWNER-KEY)
                    :GENERATION 14
                    :INDEX -1)
                 #S(CLAMSARA::SEQUENTIAL-FINALIZER-TOKEN
                    :OWNER #S(CLAMSARA::FINALIZER-OWNER-KEY)
                    :GENERATION 15
                    :INDEX -1)
                 #S(CLAMSARA::SEQUENTIAL-FINALIZER-TOKEN
                    :OWNER #S(CLAMSARA::FINALIZER-OWNER-KEY)
                    :GENERATION 16
                    :INDEX -1)
                 #S(CLAMSARA::SEQUENTIAL-FINALIZER-TOKEN
                    :OWNER #S(CLAMSARA::FINALIZER-OWNER-KEY)
                    :GENERATION 17
                    :INDEX -1)
                 #S(CLAMSARA::SEQUENTIAL-FINALIZER-TOKEN
                    :OWNER #S(CLAMSARA::FINALIZER-OWNER-KEY)
                    :GENERATION 18
                    :INDEX -1)
                 #S(CLAMSARA::SEQUENTIAL-FINALIZER-TOKEN
                    :OWNER #S(CLAMSARA::FINALIZER-OWNER-KEY)
                    :GENERATION 19
                    :INDEX -1)
                 #S(CLAMSARA::SEQUENTIAL-FINALIZER-TOKEN
                    :OWNER #S(CLAMSARA::FINALIZER-OWNER-KEY)
                    :GENERATION 20
                    :INDEX -1)
                 #S(CLAMSARA::SEQUENTIAL-FINALIZER-TOKEN
                    :OWNER #S(CLAMSARA::FINALIZER-OWNER-KEY)
                    :GENERATION 21
                    :INDEX -1)
                 #S(CLAMSARA::SEQUENTIAL-FINALIZER-TOKEN
                    :OWNER #S(CLAMSARA::FINALIZER-OWNER-KEY)
                    :GENERATION 22
                    :INDEX -1)
                 #S(CLAMSARA::SEQUENTIAL-FINALIZER-TOKEN
                    :OWNER #S(CLAMSARA::FINALIZER-OWNER-KEY)
                    :GENERATION 23
                    :INDEX -1)
                 #S(CLAMSARA::SEQUENTIAL-FINALIZER-TOKEN
                    :OWNER #S(CLAMSARA::FINALIZER-OWNER-KEY)
                    :GENERATION 24
                    :INDEX -1)
                 #S(CLAMSARA::SEQUENTIAL-FINALIZER-TOKEN
                    :OWNER #S(CLAMSARA::FINALIZER-OWNER-KEY)
                    :GENERATION 25
                    :INDEX -1)
                 #S(CLAMSARA::SEQUENTIAL-FINALIZER-TOKEN
                    :OWNER #S(CLAMSARA::FINALIZER-OWNER-KEY)
                    :GENERATION 26
                    :INDEX -1)
                 #S(CLAMSARA::SEQUENTIAL-FINALIZER-TOKEN
                    :OWNER #S(CLAMSARA::FINALIZER-OWNER-KEY)
                    :GENERATION 27
                    :INDEX -1)
                 #S(CLAMSARA::SEQUENTIAL-FINALIZER-TOKEN
                    :OWNER #S(CLAMSARA::FINALIZER-OWNER-KEY)
                    :GENERATION 28
                    :INDEX -1)
                 #S(CLAMSARA::SEQUENTIAL-FINALIZER-TOKEN
                    :OWNER #S(CLAMSARA::FINALIZER-OWNER-KEY)
                    :GENERATION 29
                    :INDEX -1)
                 #S(CLAMSARA::SEQUENTIAL-FINALIZER-TOKEN
                    :OWNER #S(CLAMSARA::FINALIZER-OWNER-KEY)
                    :GENERATION 30
                    :INDEX -1)
                 #S(CLAMSARA::SEQUENTIAL-FINALIZER-TOKEN
                    :OWNER #S(CLAMSARA::FINALIZER-OWNER-KEY)
                    :GENERATION 31
                    :INDEX -1)
                 #S(CLAMSARA::SEQUENTIAL-FINALIZER-TOKEN
                    :OWNER #S(CLAMSARA::FINALIZER-OWNER-KEY)
                    :GENERATION 32
                    :INDEX -1)
                 #S(CLAMSARA::SEQUENTIAL-FINALIZER-TOKEN
                    :OWNER #S(CLAMSARA::FINALIZER-OWNER-KEY)
                    :GENERATION 33
                    :INDEX -1)
                 #S(CLAMSARA::SEQUENTIAL-FINALIZER-TOKEN
                    :OWNER #S(CLAMSARA::FINALIZER-OWNER-KEY)
                    :GENERATION 34
                    :INDEX -1)
                 #S(CLAMSARA::SEQUENTIAL-FINALIZER-TOKEN
                    :OWNER #S(CLAMSARA::FINALIZER-OWNER-KEY)
                    :GENERATION 35
                    :INDEX -1)
                 #S(CLAMSARA::SEQUENTIAL-FINALIZER-TOKEN
                    :OWNER #S(CLAMSARA::FINALIZER-OWNER-KEY)
                    :GENERATION 36
                    :INDEX -1)
                 #S(CLAMSARA::SEQUENTIAL-FINALIZER-TOKEN
                    :OWNER #S(CLAMSARA::FINALIZER-OWNER-KEY)
                    :GENERATION 37
                    :INDEX -1)
                 #S(CLAMSARA::SEQUENTIAL-FINALIZER-TOKEN
                    :OWNER #S(CLAMSARA::FINALIZER-OWNER-KEY)
                    :GENERATION 38
                    :INDEX -1)
                 #S(CLAMSARA::SEQUENTIAL-FINALIZER-TOKEN
                    :OWNER #S(CLAMSARA::FINALIZER-OWNER-KEY)
                    :GENERATION 39
                    :INDEX -1)
                 #S(CLAMSARA::SEQUENTIAL-FINALIZER-TOKEN
                    :OWNER #S(CLAMSARA::FINALIZER-OWNER-KEY)
                    :GENERATION 40
                    :INDEX -1)
                 #S(CLAMSARA::SEQUENTIAL-FINALIZER-TOKEN
                    :OWNER #S(CLAMSARA::FINALIZER-OWNER-KEY)
                    :GENERATION 41
                    :INDEX -1)
                 #S(CLAMSARA::SEQUENTIAL-FINALIZER-TOKEN
                    :OWNER #S(CLAMSARA::FINALIZER-OWNER-KEY)
                    :GENERATION 42
                    :INDEX -1)
                 #S(CLAMSARA::SEQUENTIAL-FINALIZER-TOKEN
                    :OWNER #S(CLAMSARA::FINALIZER-OWNER-KEY)
                    :GENERATION 43
                    :INDEX -1)
                 #S(CLAMSARA::SEQUENTIAL-FINALIZER-TOKEN
                    :OWNER #S(CLAMSARA::FINALIZER-OWNER-KEY)
                    :GENERATION 44
                    :INDEX -1)
                 #S(CLAMSARA::SEQUENTIAL-FINALIZER-TOKEN
                    :OWNER #S(CLAMSARA::FINALIZER-OWNER-KEY)
                    :GENERATION 45
                    :INDEX -1)
                 #S(CLAMSARA::SEQUENTIAL-FINALIZER-TOKEN
                    :OWNER #S(CLAMSARA::FINALIZER-OWNER-KEY)
                    :GENERATION 46
                    :INDEX -1)
                 #S(CLAMSARA::SEQUENTIAL-FINALIZER-TOKEN
                    :OWNER #S(CLAMSARA::FINALIZER-OWNER-KEY)
                    :GENERATION 47
                    :INDEX -1)
                 #S(CLAMSARA::SEQUENTIAL-FINALIZER-TOKEN
                    :OWNER #S(CLAMSARA::FINALIZER-OWNER-KEY)
                    :GENERATION 48
                    :INDEX -1)
                 #S(CLAMSARA::SEQUENTIAL-FINALIZER-TOKEN
                    :OWNER #S(CLAMSARA::FINALIZER-OWNER-KEY)
                    :GENERATION 49
                    :INDEX -1)
                 #S(CLAMSARA::SEQUENTIAL-FINALIZER-TOKEN
                    :OWNER #S(CLAMSARA::FINALIZER-OWNER-KEY)
                    :GENERATION 50
                    :INDEX -1)
                 #S(CLAMSARA::SEQUENTIAL-FINALIZER-TOKEN
                    :OWNER #S(CLAMSARA::FINALIZER-OWNER-KEY)
                    :GENERATION 51
                    :INDEX -1)
                 #S(CLAMSARA::SEQUENTIAL-FINALIZER-TOKEN
                    :OWNER #S(CLAMSARA::FINALIZER-OWNER-KEY)
                    :GENERATION 52
                    :INDEX -1)
                 #S(CLAMSARA::SEQUENTIAL-FINALIZER-TOKEN
                    :OWNER #S(CLAMSARA::FINALIZER-OWNER-KEY)
                    :GENERATION 53
                    :INDEX -1)
                 #S(CLAMSARA::SEQUENTIAL-FINALIZER-TOKEN
                    :OWNER #S(CLAMSARA::FINALIZER-OWNER-KEY)
                    :GENERATION 54
                    :INDEX -1)
                 #S(CLAMSARA::SEQUENTIAL-FINALIZER-TOKEN
                    :OWNER #S(CLAMSARA::FINALIZER-OWNER-KEY)
                    :GENERATION 55
                    :INDEX -1)
                 #S(CLAMSARA::SEQUENTIAL-FINALIZER-TOKEN
                    :OWNER #S(CLAMSARA::FINALIZER-OWNER-KEY)
                    :GENERATION 56
                    :INDEX -1)
                 #S(CLAMSARA::SEQUENTIAL-FINALIZER-TOKEN
                    :OWNER #S(CLAMSARA::FINALIZER-OWNER-KEY)
                    :GENERATION 57
                    :INDEX -1)
                 #S(CLAMSARA::SEQUENTIAL-FINALIZER-TOKEN
                    :OWNER #S(CLAMSARA::FINALIZER-OWNER-KEY)
                    :GENERATION 58
                    :INDEX -1)
                 #S(CLAMSARA::SEQUENTIAL-FINALIZER-TOKEN
                    :OWNER #S(CLAMSARA::FINALIZER-OWNER-KEY)
                    :GENERATION 59
                    :INDEX -1)
                 #S(CLAMSARA::SEQUENTIAL-FINALIZER-TOKEN
                    :OWNER #S(CLAMSARA::FINALIZER-OWNER-KEY)
                    :GENERATION 60
                    :INDEX -1)
                 #S(CLAMSARA::SEQUENTIAL-FINALIZER-TOKEN
                    :OWNER #S(CLAMSARA::FINALIZER-OWNER-KEY)
                    :GENERATION 61
                    :INDEX -1)
                 #S(CLAMSARA::SEQUENTIAL-FINALIZER-TOKEN
                    :OWNER #S(CLAMSARA::FINALIZER-OWNER-KEY)
                    :GENERATION 62
                    :INDEX -1)
                 #S(CLAMSARA::SEQUENTIAL-FINALIZER-TOKEN
                    :OWNER #S(CLAMSARA::FINALIZER-OWNER-KEY)
                    :GENERATION 63
                    :INDEX -1)
                 #S(CLAMSARA::SEQUENTIAL-FINALIZER-TOKEN
                    :OWNER #S(CLAMSARA::FINALIZER-OWNER-KEY)
                    :GENERATION 64
                    :INDEX -1))
       :PHYSICAL-BYTES 592
       :ENTRY-CAPACITY 72
       :AUXILIARY-BYTES 8112))

is not of type
  LIST"
           :PRESERVED-WORLDS 1)
ROW :BEGIN ((:ENDPOINT-HOLES :SEMISPACE :SCALAR 16))
ROW :EXACT-ROW-ACCOUNT (:REQUIRED 68 :H 64 :RESERVED 0)
ROW :FAIL ((:ENDPOINT-HOLES :SEMISPACE :SCALAR 16) :CONDITION "The value
  #(#S(CLAMSARA::%CAPACITY-ACCOUNT-ENTRY
       :IDENTITY :CONFIGURATION-AUXILIARY
       :REPRESENTATION :RUNTIME-OBJECT-VECTOR
       :PLACEMENT-IDENTITY NIL
       :ALLOCATION-CONTEXT :CONSTRUCTION-ONLY
       :EXHAUSTION-ACTION :REJECT-BEFORE-PUBLICATION
       :HANDLE #()
       :PHYSICAL-BYTES 16
       :ENTRY-CAPACITY 0
       :AUXILIARY-BYTES 263520)
    #S(CLAMSARA::%CAPACITY-ACCOUNT-ENTRY
       :IDENTITY #:RUNTIME-OBJECTS-1679
       :REPRESENTATION :RUNTIME-OBJECT-VECTOR
       :PLACEMENT-IDENTITY NIL
       :ALLOCATION-CONTEXT :CONSTRUCTION-ONLY
       :EXHAUSTION-ACTION :REJECT-BEFORE-PUBLICATION
       :HANDLE #(NIL NIL NIL NIL NIL NIL NIL NIL NIL NIL NIL NIL NIL NIL NIL
                 NIL NIL NIL NIL NIL NIL NIL NIL NIL NIL NIL NIL NIL NIL NIL
                 NIL NIL NIL NIL NIL NIL NIL NIL NIL NIL NIL NIL NIL NIL NIL
                 NIL NIL NIL NIL NIL NIL NIL NIL NIL NIL NIL NIL NIL NIL NIL
                 NIL NIL NIL NIL NIL NIL NIL NIL NIL NIL NIL NIL NIL NIL NIL
                 NIL NIL NIL NIL NIL NIL NIL NIL NIL NIL NIL NIL NIL NIL NIL
                 NIL NIL NIL NIL NIL NIL NIL NIL NIL NIL NIL NIL NIL NIL NIL
                 NIL NIL NIL NIL NIL NIL NIL NIL NIL NIL NIL NIL NIL NIL NIL
                 NIL NIL NIL NIL NIL NIL NIL NIL NIL NIL NIL NIL NIL NIL NIL
                 NIL NIL NIL NIL NIL NIL NIL NIL NIL NIL NIL NIL NIL NIL NIL
                 NIL NIL NIL NIL NIL NIL NIL NIL NIL NIL NIL NIL NIL NIL NIL
                 NIL NIL NIL NIL NIL NIL NIL NIL NIL NIL NIL NIL NIL NIL NIL
                 NIL NIL NIL NIL NIL NIL NIL NIL NIL NIL NIL NIL NIL NIL NIL
                 NIL NIL NIL NIL NIL NIL NIL NIL NIL NIL NIL NIL NIL NIL NIL
                 NIL NIL NIL NIL NIL NIL NIL NIL NIL NIL NIL NIL NIL NIL NIL
                 NIL NIL NIL NIL NIL NIL NIL NIL NIL NIL NIL NIL NIL NIL NIL
                 NIL NIL NIL NIL NIL NIL NIL NIL NIL NIL NIL NIL NIL NIL NIL
                 NIL NIL NIL NIL NIL NIL NIL NIL NIL NIL NIL NIL NIL NIL NIL
                 NIL NIL NIL NIL NIL NIL NIL NIL NIL NIL NIL NIL NIL NIL NIL
                 NIL NIL NIL NIL NIL NIL NIL NIL NIL NIL NIL NIL NIL NIL NIL
                 NIL NIL NIL NIL NIL NIL NIL NIL NIL NIL NIL NIL NIL NIL NIL
                 NIL NIL NIL NIL NIL NIL NIL NIL NIL NIL NIL NIL NIL NIL NIL
                 NIL NIL NIL NIL NIL NIL NIL NIL NIL NIL NIL NIL NIL NIL NIL
                 NIL NIL NIL NIL NIL NIL NIL NIL NIL NIL NIL NIL NIL NIL NIL
                 NIL NIL NIL NIL NIL NIL NIL NIL NIL NIL NIL NIL NIL NIL NIL
                 NIL NIL NIL NIL NIL NIL NIL NIL NIL NIL NIL NIL NIL NIL NIL
                 NIL NIL NIL NIL NIL NIL NIL NIL NIL NIL NIL NIL NIL NIL NIL
                 NIL NIL NIL NIL NIL NIL NIL NIL NIL NIL NIL NIL NIL NIL NIL
                 NIL NIL NIL NIL NIL NIL NIL NIL NIL NIL NIL NIL NIL NIL NIL
                 NIL NIL NIL NIL NIL NIL NIL NIL NIL NIL NIL NIL NIL NIL NIL
                 NIL NIL NIL NIL NIL NIL NIL NIL NIL NIL NIL NIL NIL NIL NIL
                 NIL NIL NIL NIL NIL NIL NIL NIL NIL NIL NIL NIL NIL NIL NIL
                 NIL NIL NIL NIL NIL NIL NIL NIL NIL NIL NIL NIL NIL NIL NIL
                 NIL NIL NIL NIL NIL NIL NIL NIL NIL NIL NIL NIL NIL NIL NIL
                 NIL NIL NIL NIL NIL NIL NIL NIL NIL NIL NIL NIL NIL NIL NIL
                 NIL NIL NIL NIL NIL NIL NIL NIL NIL NIL NIL NIL NIL NIL NIL
                 NIL NIL NIL NIL NIL NIL NIL NIL NIL NIL NIL NIL NIL NIL NIL
                 NIL NIL NIL NIL NIL NIL NIL NIL NIL NIL NIL NIL NIL NIL NIL
                 NIL NIL NIL NIL NIL NIL NIL NIL NIL NIL NIL NIL NIL NIL NIL
                 NIL NIL NIL NIL NIL NIL NIL NIL NIL NIL NIL NIL NIL NIL NIL
                 NIL NIL NIL NIL NIL NIL NIL NIL NIL NIL NIL NIL NIL NIL NIL
                 NIL NIL NIL NIL NIL NIL NIL NIL NIL NIL NIL NIL NIL NIL NIL
                 NIL NIL NIL NIL NIL NIL NIL NIL NIL NIL NIL NIL NIL NIL NIL
                 NIL NIL NIL NIL NIL NIL NIL NIL NIL NIL NIL NIL NIL NIL NIL
                 NIL NIL NIL NIL NIL NIL NIL NIL NIL NIL NIL NIL NIL NIL NIL
                 NIL NIL NIL NIL NIL NIL NIL NIL NIL NIL NIL NIL NIL NIL NIL
                 NIL NIL NIL NIL NIL NIL NIL NIL NIL NIL NIL NIL NIL NIL NIL
                 NIL NIL NIL NIL NIL NIL NIL NIL NIL NIL NIL NIL NIL NIL NIL
                 NIL NIL NIL NIL NIL NIL NIL NIL NIL NIL NIL NIL NIL NIL NIL
                 NIL NIL NIL NIL NIL NIL NIL NIL NIL NIL NIL NIL NIL NIL NIL
                 NIL NIL NIL NIL NIL NIL NIL NIL NIL NIL NIL NIL NIL NIL NIL
                 NIL NIL NIL NIL NIL NIL NIL NIL NIL NIL NIL NIL NIL NIL NIL
                 NIL NIL NIL NIL NIL NIL NIL NIL NIL NIL NIL NIL NIL NIL NIL
                 NIL NIL NIL NIL NIL NIL NIL NIL NIL NIL NIL NIL NIL NIL NIL
                 NIL NIL NIL NIL NIL NIL NIL NIL NIL NIL NIL NIL NIL NIL NIL
                 NIL NIL NIL NIL NIL NIL NIL NIL NIL NIL NIL NIL NIL NIL NIL
                 NIL NIL NIL NIL NIL NIL NIL NIL NIL NIL NIL NIL NIL NIL NIL
                 NIL NIL NIL NIL NIL NIL NIL NIL NIL NIL NIL NIL NIL NIL NIL
                 NIL NIL NIL NIL NIL NIL NIL NIL NIL NIL NIL NIL NIL NIL NIL
                 NIL NIL NIL NIL NIL NIL NIL NIL NIL NIL NIL NIL NIL NIL NIL
                 NIL NIL NIL NIL NIL NIL NIL NIL NIL NIL NIL NIL NIL NIL NIL
                 NIL NIL NIL NIL NIL NIL NIL NIL NIL NIL NIL NIL NIL NIL NIL
                 NIL NIL NIL NIL NIL NIL NIL NIL NIL NIL NIL NIL NIL NIL NIL
                 NIL NIL NIL NIL NIL NIL NIL NIL NIL NIL NIL NIL NIL NIL NIL
                 NIL NIL NIL NIL NIL NIL NIL NIL NIL NIL NIL NIL NIL NIL NIL
                 NIL NIL NIL NIL NIL NIL NIL NIL NIL NIL NIL NIL NIL NIL NIL
                 NIL NIL NIL NIL NIL NIL NIL NIL NIL NIL NIL NIL NIL NIL NIL
                 NIL NIL NIL NIL NIL NIL NIL NIL NIL NIL NIL NIL NIL NIL NIL
                 NIL NIL NIL NIL NIL NIL NIL NIL NIL NIL NIL NIL NIL NIL NIL
                 NIL NIL NIL NIL NIL NIL NIL NIL NIL NIL NIL NIL NIL NIL NIL
                 NIL NIL NIL NIL NIL NIL NIL NIL NIL NIL NIL NIL NIL NIL NIL
                 NIL NIL NIL NIL NIL NIL NIL NIL NIL NIL NIL NIL NIL NIL NIL
                 NIL NIL NIL NIL NIL NIL NIL NIL NIL NIL NIL NIL NIL NIL NIL
                 NIL NIL NIL NIL NIL NIL NIL NIL NIL NIL NIL NIL NIL NIL NIL
                 NIL NIL NIL NIL NIL NIL NIL NIL NIL NIL NIL NIL NIL NIL NIL
                 NIL NIL NIL NIL NIL NIL NIL NIL NIL NIL NIL NIL NIL NIL NIL
                 NIL NIL NIL NIL NIL NIL NIL NIL NIL NIL NIL NIL NIL NIL NIL
                 NIL NIL NIL NIL NIL NIL NIL NIL NIL NIL NIL NIL NIL NIL NIL
                 NIL NIL NIL NIL NIL NIL NIL NIL NIL NIL NIL NIL NIL NIL NIL
                 NIL NIL NIL NIL NIL NIL NIL NIL NIL NIL NIL NIL NIL NIL NIL
                 NIL NIL NIL NIL NIL NIL NIL NIL NIL NIL NIL NIL NIL NIL NIL
                 NIL NIL NIL NIL NIL NIL NIL NIL NIL NIL NIL NIL NIL NIL NIL
                 NIL NIL NIL NIL NIL NIL NIL NIL NIL NIL NIL NIL NIL NIL NIL
                 NIL NIL NIL NIL NIL NIL NIL NIL NIL NIL NIL NIL NIL NIL NIL
                 NIL NIL NIL NIL NIL NIL NIL NIL NIL NIL NIL NIL NIL NIL NIL
                 NIL NIL NIL NIL NIL NIL NIL NIL NIL NIL NIL NIL NIL NIL NIL
                 NIL NIL NIL NIL NIL NIL NIL NIL NIL NIL NIL NIL NIL NIL NIL
                 NIL NIL NIL NIL NIL NIL NIL NIL NIL NIL NIL NIL NIL NIL NIL
                 NIL NIL NIL NIL NIL NIL NIL NIL NIL NIL NIL NIL NIL NIL NIL
                 NIL NIL NIL NIL NIL NIL NIL NIL NIL NIL NIL NIL NIL NIL NIL
                 NIL NIL NIL NIL NIL NIL NIL NIL NIL NIL NIL NIL NIL NIL NIL
                 NIL NIL NIL NIL NIL NIL NIL NIL NIL NIL NIL NIL NIL NIL NIL
                 NIL NIL NIL NIL NIL NIL NIL NIL NIL NIL NIL NIL NIL NIL NIL
                 NIL NIL NIL NIL NIL NIL NIL NIL NIL NIL NIL NIL NIL NIL NIL
                 NIL NIL NIL NIL NIL NIL NIL NIL NIL NIL NIL NIL NIL NIL NIL
                 NIL NIL NIL NIL NIL NIL NIL NIL NIL NIL NIL NIL NIL NIL NIL
                 NIL NIL NIL NIL NIL NIL NIL NIL NIL NIL NIL NIL NIL NIL NIL
                 NIL NIL NIL NIL NIL NIL NIL NIL NIL NIL NIL NIL NIL NIL NIL
                 NIL NIL NIL NIL NIL NIL NIL NIL NIL NIL NIL NIL NIL NIL NIL
                 NIL NIL NIL NIL NIL NIL NIL NIL NIL NIL NIL NIL NIL NIL NIL
                 NIL NIL NIL NIL NIL NIL NIL NIL NIL NIL NIL NIL NIL NIL NIL
                 NIL NIL NIL NIL NIL NIL NIL NIL NIL NIL NIL NIL NIL NIL NIL
                 NIL NIL NIL NIL NIL NIL NIL NIL NIL NIL NIL NIL NIL NIL NIL
                 NIL NIL NIL NIL NIL NIL NIL NIL NIL NIL NIL)
       :PHYSICAL-BYTES 12464
       :ENTRY-CAPACITY 1556
       :AUXILIARY-BYTES 19568)
    #S(CLAMSARA::%CAPACITY-ACCOUNT-ENTRY
       :IDENTITY #:RUNTIME-INDICES-1680
       :REPRESENTATION :RUNTIME-INDEX-VECTOR
       :PLACEMENT-IDENTITY NIL
       :ALLOCATION-CONTEXT :CONSTRUCTION-ONLY
       :EXHAUSTION-ACTION :REJECT-BEFORE-PUBLICATION
       :HANDLE #(0 0 0 0 0 0)
       :PHYSICAL-BYTES 64
       :ENTRY-CAPACITY 6
       :AUXILIARY-BYTES 480)
    #S(CLAMSARA::%CAPACITY-ACCOUNT-ENTRY
       :IDENTITY #:RUNTIME-SPACE-STATE-1676
       :REPRESENTATION :RUNTIME-OBJECT-VECTOR
       :PLACEMENT-IDENTITY NIL
       :ALLOCATION-CONTEXT :CONSTRUCTION-ONLY
       :EXHAUSTION-ACTION :REJECT-BEFORE-PUBLICATION
       :HANDLE #()
       :PHYSICAL-BYTES 16
       :ENTRY-CAPACITY 0
       :AUXILIARY-BYTES 1280)
    #S(CLAMSARA::%CAPACITY-ACCOUNT-ENTRY
       :IDENTITY #<CLAMSARA:SCALAR-OBJECT-START-MARKS {1209AAF7A3}>
       :REPRESENTATION :SCALAR-BIT-VECTOR
       :PLACEMENT-IDENTITY NIL
       :ALLOCATION-CONTEXT :CONSTRUCTION
       :EXHAUSTION-ACTION :REJECT
       :HANDLE #(0 0 0 0 0 0 0 0 0 0 0 0 0 0 0 0 0 0 0 0 0 0 0 0 0 0 0 0 0 0 0
                 0)
       :PHYSICAL-BYTES 272
       :ENTRY-CAPACITY 32
       :AUXILIARY-BYTES 144)
    #S(CLAMSARA::%CAPACITY-ACCOUNT-ENTRY
       :IDENTITY #<CLAMSARA:SIDE-FORWARDING {1209AAF863}>
       :REPRESENTATION :FORWARDING-VECTOR
       :PLACEMENT-IDENTITY NIL
       :ALLOCATION-CONTEXT :CONSTRUCTION
       :EXHAUSTION-ACTION :REJECT
       :HANDLE #(NIL NIL NIL NIL NIL NIL NIL NIL NIL NIL NIL NIL NIL NIL NIL
                 NIL NIL NIL NIL NIL NIL NIL NIL NIL NIL NIL NIL NIL NIL NIL
                 NIL NIL)
       :PHYSICAL-BYTES 272
       :ENTRY-CAPACITY 32
       :AUXILIARY-BYTES 144)
    #S(CLAMSARA::%CAPACITY-ACCOUNT-ENTRY
       :IDENTITY #:RUNTIME-SPACE-STATE-1678
       :REPRESENTATION :RUNTIME-OBJECT-VECTOR
       :PLACEMENT-IDENTITY NIL
       :ALLOCATION-CONTEXT :CONSTRUCTION-ONLY
       :EXHAUSTION-ACTION :REJECT-BEFORE-PUBLICATION
       :HANDLE #()
       :PHYSICAL-BYTES 16
       :ENTRY-CAPACITY 0
       :AUXILIARY-BYTES 1280)
    #S(CLAMSARA::%CAPACITY-ACCOUNT-ENTRY
       :IDENTITY #<CLAMSARA:SCALAR-OBJECT-START-MARKS {1209AAFAF3}>
       :REPRESENTATION :SCALAR-BIT-VECTOR
       :PLACEMENT-IDENTITY NIL
       :ALLOCATION-CONTEXT :CONSTRUCTION
       :EXHAUSTION-ACTION :REJECT
       :HANDLE #(0 0 0 0 0 0 0 0 0 0 0 0 0 0 0 0 0 0 0 0 0 0 0 0 0 0 0 0 0 0 0
                 0)
       :PHYSICAL-BYTES 272
       :ENTRY-CAPACITY 32
       :AUXILIARY-BYTES 144)
    #S(CLAMSARA::%CAPACITY-ACCOUNT-ENTRY
       :IDENTITY #<CLAMSARA:SIDE-FORWARDING {1209AAFBB3}>
       :REPRESENTATION :FORWARDING-VECTOR
       :PLACEMENT-IDENTITY NIL
       :ALLOCATION-CONTEXT :CONSTRUCTION
       :EXHAUSTION-ACTION :REJECT
       :HANDLE #(NIL NIL NIL NIL NIL NIL NIL NIL NIL NIL NIL NIL NIL NIL NIL
                 NIL NIL NIL NIL NIL NIL NIL NIL NIL NIL NIL NIL NIL NIL NIL
                 NIL NIL)
       :PHYSICAL-BYTES 272
       :ENTRY-CAPACITY 32
       :AUXILIARY-BYTES 144)
    #S(CLAMSARA::%CAPACITY-ACCOUNT-ENTRY
       :IDENTITY #:FINALIZER-OBJECTS-1673
       :REPRESENTATION :RUNTIME-OBJECT-VECTOR
       :PLACEMENT-IDENTITY NIL
       :ALLOCATION-CONTEXT :CONSTRUCTION-ONLY
       :EXHAUSTION-ACTION :REJECT-BEFORE-PUBLICATION
       :HANDLE #(NIL NIL NIL NIL NIL NIL NIL NIL NIL NIL NIL NIL NIL NIL NIL
                 NIL :FREE :FREE :FREE :FREE)
       :PHYSICAL-BYTES 176
       :ENTRY-CAPACITY 20
       :AUXILIARY-BYTES 3008)
    #S(CLAMSARA::%CAPACITY-ACCOUNT-ENTRY
       :IDENTITY #:FINALIZER-INDICES-1674
       :REPRESENTATION :RUNTIME-INDEX-VECTOR
       :PLACEMENT-IDENTITY NIL
       :ALLOCATION-CONTEXT :CONSTRUCTION-ONLY
       :EXHAUSTION-ACTION :REJECT-BEFORE-PUBLICATION
       :HANDLE #(NIL NIL NIL NIL 0 0 0 0
                 #S(CLAMSARA::SEQUENTIAL-FINALIZER-TOKEN
                    :OWNER #S(CLAMSARA::FINALIZER-OWNER-KEY)
                    :GENERATION 1
                    :INDEX -1)
                 #S(CLAMSARA::SEQUENTIAL-FINALIZER-TOKEN
                    :OWNER #S(CLAMSARA::FINALIZER-OWNER-KEY)
                    :GENERATION 2
                    :INDEX -1)
                 #S(CLAMSARA::SEQUENTIAL-FINALIZER-TOKEN
                    :OWNER #S(CLAMSARA::FINALIZER-OWNER-KEY)
                    :GENERATION 3
                    :INDEX -1)
                 #S(CLAMSARA::SEQUENTIAL-FINALIZER-TOKEN
                    :OWNER #S(CLAMSARA::FINALIZER-OWNER-KEY)
                    :GENERATION 4
                    :INDEX -1)
                 #S(CLAMSARA::SEQUENTIAL-FINALIZER-TOKEN
                    :OWNER #S(CLAMSARA::FINALIZER-OWNER-KEY)
                    :GENERATION 5
                    :INDEX -1)
                 #S(CLAMSARA::SEQUENTIAL-FINALIZER-TOKEN
                    :OWNER #S(CLAMSARA::FINALIZER-OWNER-KEY)
                    :GENERATION 6
                    :INDEX -1)
                 #S(CLAMSARA::SEQUENTIAL-FINALIZER-TOKEN
                    :OWNER #S(CLAMSARA::FINALIZER-OWNER-KEY)
                    :GENERATION 7
                    :INDEX -1)
                 #S(CLAMSARA::SEQUENTIAL-FINALIZER-TOKEN
                    :OWNER #S(CLAMSARA::FINALIZER-OWNER-KEY)
                    :GENERATION 8
                    :INDEX -1)
                 #S(CLAMSARA::SEQUENTIAL-FINALIZER-TOKEN
                    :OWNER #S(CLAMSARA::FINALIZER-OWNER-KEY)
                    :GENERATION 9
                    :INDEX -1)
                 #S(CLAMSARA::SEQUENTIAL-FINALIZER-TOKEN
                    :OWNER #S(CLAMSARA::FINALIZER-OWNER-KEY)
                    :GENERATION 10
                    :INDEX -1)
                 #S(CLAMSARA::SEQUENTIAL-FINALIZER-TOKEN
                    :OWNER #S(CLAMSARA::FINALIZER-OWNER-KEY)
                    :GENERATION 11
                    :INDEX -1)
                 #S(CLAMSARA::SEQUENTIAL-FINALIZER-TOKEN
                    :OWNER #S(CLAMSARA::FINALIZER-OWNER-KEY)
                    :GENERATION 12
                    :INDEX -1)
                 #S(CLAMSARA::SEQUENTIAL-FINALIZER-TOKEN
                    :OWNER #S(CLAMSARA::FINALIZER-OWNER-KEY)
                    :GENERATION 13
                    :INDEX -1)
                 #S(CLAMSARA::SEQUENTIAL-FINALIZER-TOKEN
                    :OWNER #S(CLAMSARA::FINALIZER-OWNER-KEY)
                    :GENERATION 14
                    :INDEX -1)
                 #S(CLAMSARA::SEQUENTIAL-FINALIZER-TOKEN
                    :OWNER #S(CLAMSARA::FINALIZER-OWNER-KEY)
                    :GENERATION 15
                    :INDEX -1)
                 #S(CLAMSARA::SEQUENTIAL-FINALIZER-TOKEN
                    :OWNER #S(CLAMSARA::FINALIZER-OWNER-KEY)
                    :GENERATION 16
                    :INDEX -1)
                 #S(CLAMSARA::SEQUENTIAL-FINALIZER-TOKEN
                    :OWNER #S(CLAMSARA::FINALIZER-OWNER-KEY)
                    :GENERATION 17
                    :INDEX -1)
                 #S(CLAMSARA::SEQUENTIAL-FINALIZER-TOKEN
                    :OWNER #S(CLAMSARA::FINALIZER-OWNER-KEY)
                    :GENERATION 18
                    :INDEX -1)
                 #S(CLAMSARA::SEQUENTIAL-FINALIZER-TOKEN
                    :OWNER #S(CLAMSARA::FINALIZER-OWNER-KEY)
                    :GENERATION 19
                    :INDEX -1)
                 #S(CLAMSARA::SEQUENTIAL-FINALIZER-TOKEN
                    :OWNER #S(CLAMSARA::FINALIZER-OWNER-KEY)
                    :GENERATION 20
                    :INDEX -1)
                 #S(CLAMSARA::SEQUENTIAL-FINALIZER-TOKEN
                    :OWNER #S(CLAMSARA::FINALIZER-OWNER-KEY)
                    :GENERATION 21
                    :INDEX -1)
                 #S(CLAMSARA::SEQUENTIAL-FINALIZER-TOKEN
                    :OWNER #S(CLAMSARA::FINALIZER-OWNER-KEY)
                    :GENERATION 22
                    :INDEX -1)
                 #S(CLAMSARA::SEQUENTIAL-FINALIZER-TOKEN
                    :OWNER #S(CLAMSARA::FINALIZER-OWNER-KEY)
                    :GENERATION 23
                    :INDEX -1)
                 #S(CLAMSARA::SEQUENTIAL-FINALIZER-TOKEN
                    :OWNER #S(CLAMSARA::FINALIZER-OWNER-KEY)
                    :GENERATION 24
                    :INDEX -1)
                 #S(CLAMSARA::SEQUENTIAL-FINALIZER-TOKEN
                    :OWNER #S(CLAMSARA::FINALIZER-OWNER-KEY)
                    :GENERATION 25
                    :INDEX -1)
                 #S(CLAMSARA::SEQUENTIAL-FINALIZER-TOKEN
                    :OWNER #S(CLAMSARA::FINALIZER-OWNER-KEY)
                    :GENERATION 26
                    :INDEX -1)
                 #S(CLAMSARA::SEQUENTIAL-FINALIZER-TOKEN
                    :OWNER #S(CLAMSARA::FINALIZER-OWNER-KEY)
                    :GENERATION 27
                    :INDEX -1)
                 #S(CLAMSARA::SEQUENTIAL-FINALIZER-TOKEN
                    :OWNER #S(CLAMSARA::FINALIZER-OWNER-KEY)
                    :GENERATION 28
                    :INDEX -1)
                 #S(CLAMSARA::SEQUENTIAL-FINALIZER-TOKEN
                    :OWNER #S(CLAMSARA::FINALIZER-OWNER-KEY)
                    :GENERATION 29
                    :INDEX -1)
                 #S(CLAMSARA::SEQUENTIAL-FINALIZER-TOKEN
                    :OWNER #S(CLAMSARA::FINALIZER-OWNER-KEY)
                    :GENERATION 30
                    :INDEX -1)
                 #S(CLAMSARA::SEQUENTIAL-FINALIZER-TOKEN
                    :OWNER #S(CLAMSARA::FINALIZER-OWNER-KEY)
                    :GENERATION 31
                    :INDEX -1)
                 #S(CLAMSARA::SEQUENTIAL-FINALIZER-TOKEN
                    :OWNER #S(CLAMSARA::FINALIZER-OWNER-KEY)
                    :GENERATION 32
                    :INDEX -1)
                 #S(CLAMSARA::SEQUENTIAL-FINALIZER-TOKEN
                    :OWNER #S(CLAMSARA::FINALIZER-OWNER-KEY)
                    :GENERATION 33
                    :INDEX -1)
                 #S(CLAMSARA::SEQUENTIAL-FINALIZER-TOKEN
                    :OWNER #S(CLAMSARA::FINALIZER-OWNER-KEY)
                    :GENERATION 34
                    :INDEX -1)
                 #S(CLAMSARA::SEQUENTIAL-FINALIZER-TOKEN
                    :OWNER #S(CLAMSARA::FINALIZER-OWNER-KEY)
                    :GENERATION 35
                    :INDEX -1)
                 #S(CLAMSARA::SEQUENTIAL-FINALIZER-TOKEN
                    :OWNER #S(CLAMSARA::FINALIZER-OWNER-KEY)
                    :GENERATION 36
                    :INDEX -1)
                 #S(CLAMSARA::SEQUENTIAL-FINALIZER-TOKEN
                    :OWNER #S(CLAMSARA::FINALIZER-OWNER-KEY)
                    :GENERATION 37
                    :INDEX -1)
                 #S(CLAMSARA::SEQUENTIAL-FINALIZER-TOKEN
                    :OWNER #S(CLAMSARA::FINALIZER-OWNER-KEY)
                    :GENERATION 38
                    :INDEX -1)
                 #S(CLAMSARA::SEQUENTIAL-FINALIZER-TOKEN
                    :OWNER #S(CLAMSARA::FINALIZER-OWNER-KEY)
                    :GENERATION 39
                    :INDEX -1)
                 #S(CLAMSARA::SEQUENTIAL-FINALIZER-TOKEN
                    :OWNER #S(CLAMSARA::FINALIZER-OWNER-KEY)
                    :GENERATION 40
                    :INDEX -1)
                 #S(CLAMSARA::SEQUENTIAL-FINALIZER-TOKEN
                    :OWNER #S(CLAMSARA::FINALIZER-OWNER-KEY)
                    :GENERATION 41
                    :INDEX -1)
                 #S(CLAMSARA::SEQUENTIAL-FINALIZER-TOKEN
                    :OWNER #S(CLAMSARA::FINALIZER-OWNER-KEY)
                    :GENERATION 42
                    :INDEX -1)
                 #S(CLAMSARA::SEQUENTIAL-FINALIZER-TOKEN
                    :OWNER #S(CLAMSARA::FINALIZER-OWNER-KEY)
                    :GENERATION 43
                    :INDEX -1)
                 #S(CLAMSARA::SEQUENTIAL-FINALIZER-TOKEN
                    :OWNER #S(CLAMSARA::FINALIZER-OWNER-KEY)
                    :GENERATION 44
                    :INDEX -1)
                 #S(CLAMSARA::SEQUENTIAL-FINALIZER-TOKEN
                    :OWNER #S(CLAMSARA::FINALIZER-OWNER-KEY)
                    :GENERATION 45
                    :INDEX -1)
                 #S(CLAMSARA::SEQUENTIAL-FINALIZER-TOKEN
                    :OWNER #S(CLAMSARA::FINALIZER-OWNER-KEY)
                    :GENERATION 46
                    :INDEX -1)
                 #S(CLAMSARA::SEQUENTIAL-FINALIZER-TOKEN
                    :OWNER #S(CLAMSARA::FINALIZER-OWNER-KEY)
                    :GENERATION 47
                    :INDEX -1)
                 #S(CLAMSARA::SEQUENTIAL-FINALIZER-TOKEN
                    :OWNER #S(CLAMSARA::FINALIZER-OWNER-KEY)
                    :GENERATION 48
                    :INDEX -1)
                 #S(CLAMSARA::SEQUENTIAL-FINALIZER-TOKEN
                    :OWNER #S(CLAMSARA::FINALIZER-OWNER-KEY)
                    :GENERATION 49
                    :INDEX -1)
                 #S(CLAMSARA::SEQUENTIAL-FINALIZER-TOKEN
                    :OWNER #S(CLAMSARA::FINALIZER-OWNER-KEY)
                    :GENERATION 50
                    :INDEX -1)
                 #S(CLAMSARA::SEQUENTIAL-FINALIZER-TOKEN
                    :OWNER #S(CLAMSARA::FINALIZER-OWNER-KEY)
                    :GENERATION 51
                    :INDEX -1)
                 #S(CLAMSARA::SEQUENTIAL-FINALIZER-TOKEN
                    :OWNER #S(CLAMSARA::FINALIZER-OWNER-KEY)
                    :GENERATION 52
                    :INDEX -1)
                 #S(CLAMSARA::SEQUENTIAL-FINALIZER-TOKEN
                    :OWNER #S(CLAMSARA::FINALIZER-OWNER-KEY)
                    :GENERATION 53
                    :INDEX -1)
                 #S(CLAMSARA::SEQUENTIAL-FINALIZER-TOKEN
                    :OWNER #S(CLAMSARA::FINALIZER-OWNER-KEY)
                    :GENERATION 54
                    :INDEX -1)
                 #S(CLAMSARA::SEQUENTIAL-FINALIZER-TOKEN
                    :OWNER #S(CLAMSARA::FINALIZER-OWNER-KEY)
                    :GENERATION 55
                    :INDEX -1)
                 #S(CLAMSARA::SEQUENTIAL-FINALIZER-TOKEN
                    :OWNER #S(CLAMSARA::FINALIZER-OWNER-KEY)
                    :GENERATION 56
                    :INDEX -1)
                 #S(CLAMSARA::SEQUENTIAL-FINALIZER-TOKEN
                    :OWNER #S(CLAMSARA::FINALIZER-OWNER-KEY)
                    :GENERATION 57
                    :INDEX -1)
                 #S(CLAMSARA::SEQUENTIAL-FINALIZER-TOKEN
                    :OWNER #S(CLAMSARA::FINALIZER-OWNER-KEY)
                    :GENERATION 58
                    :INDEX -1)
                 #S(CLAMSARA::SEQUENTIAL-FINALIZER-TOKEN
                    :OWNER #S(CLAMSARA::FINALIZER-OWNER-KEY)
                    :GENERATION 59
                    :INDEX -1)
                 #S(CLAMSARA::SEQUENTIAL-FINALIZER-TOKEN
                    :OWNER #S(CLAMSARA::FINALIZER-OWNER-KEY)
                    :GENERATION 60
                    :INDEX -1)
                 #S(CLAMSARA::SEQUENTIAL-FINALIZER-TOKEN
                    :OWNER #S(CLAMSARA::FINALIZER-OWNER-KEY)
                    :GENERATION 61
                    :INDEX -1)
                 #S(CLAMSARA::SEQUENTIAL-FINALIZER-TOKEN
                    :OWNER #S(CLAMSARA::FINALIZER-OWNER-KEY)
                    :GENERATION 62
                    :INDEX -1)
                 #S(CLAMSARA::SEQUENTIAL-FINALIZER-TOKEN
                    :OWNER #S(CLAMSARA::FINALIZER-OWNER-KEY)
                    :GENERATION 63
                    :INDEX -1)
                 #S(CLAMSARA::SEQUENTIAL-FINALIZER-TOKEN
                    :OWNER #S(CLAMSARA::FINALIZER-OWNER-KEY)
                    :GENERATION 64
                    :INDEX -1))
       :PHYSICAL-BYTES 592
       :ENTRY-CAPACITY 72
       :AUXILIARY-BYTES 8112))

is not of type
  LIST"
           :PRESERVED-WORLDS 1)
ROW :BEGIN ((:MAXIMUM-CANONICAL-FIELDS :SEMISPACE :SCALAR))
ROW :EXACT-ROW-ACCOUNT (:REQUIRED 16 :H 12 :RESERVED 0)
ROW :FAIL ((:MAXIMUM-CANONICAL-FIELDS :SEMISPACE :SCALAR) :CONDITION "The value
  #(#S(CLAMSARA::%CAPACITY-ACCOUNT-ENTRY
       :IDENTITY :CONFIGURATION-AUXILIARY
       :REPRESENTATION :RUNTIME-OBJECT-VECTOR
       :PLACEMENT-IDENTITY NIL
       :ALLOCATION-CONTEXT :CONSTRUCTION-ONLY
       :EXHAUSTION-ACTION :REJECT-BEFORE-PUBLICATION
       :HANDLE #()
       :PHYSICAL-BYTES 16
       :ENTRY-CAPACITY 0
       :AUXILIARY-BYTES 10727264)
    #S(CLAMSARA::%CAPACITY-ACCOUNT-ENTRY
       :IDENTITY #:RUNTIME-OBJECTS-1687
       :REPRESENTATION :RUNTIME-OBJECT-VECTOR
       :PLACEMENT-IDENTITY NIL
       :ALLOCATION-CONTEXT :CONSTRUCTION-ONLY
       :EXHAUSTION-ACTION :REJECT-BEFORE-PUBLICATION
       :HANDLE #(NIL NIL NIL NIL NIL NIL NIL NIL NIL NIL NIL NIL NIL NIL NIL
                 NIL NIL NIL NIL NIL NIL NIL NIL NIL NIL NIL NIL NIL NIL NIL
                 NIL NIL NIL NIL NIL NIL NIL NIL NIL NIL NIL NIL NIL NIL NIL
                 NIL NIL NIL NIL NIL NIL NIL NIL NIL NIL NIL NIL NIL NIL NIL
                 NIL NIL NIL NIL NIL NIL NIL NIL NIL NIL NIL NIL NIL NIL NIL
                 NIL NIL NIL NIL NIL NIL NIL NIL NIL NIL NIL NIL NIL NIL NIL
                 NIL NIL NIL NIL NIL NIL NIL NIL NIL NIL NIL NIL NIL NIL NIL
                 NIL NIL NIL NIL NIL NIL NIL NIL NIL NIL NIL NIL NIL NIL NIL
                 NIL NIL)
       :PHYSICAL-BYTES 992
       :ENTRY-CAPACITY 122
       :AUXILIARY-BYTES 19568)
    #S(CLAMSARA::%CAPACITY-ACCOUNT-ENTRY
       :IDENTITY #:RUNTIME-INDICES-1688
       :REPRESENTATION :RUNTIME-INDEX-VECTOR
       :PLACEMENT-IDENTITY NIL
       :ALLOCATION-CONTEXT :CONSTRUCTION-ONLY
       :EXHAUSTION-ACTION :REJECT-BEFORE-PUBLICATION
       :HANDLE #(0 0 0 0 0 0)
       :PHYSICAL-BYTES 64
       :ENTRY-CAPACITY 6
       :AUXILIARY-BYTES 480)
    #S(CLAMSARA::%CAPACITY-ACCOUNT-ENTRY
       :IDENTITY #:RUNTIME-SPACE-STATE-1684
       :REPRESENTATION :RUNTIME-OBJECT-VECTOR
       :PLACEMENT-IDENTITY NIL
       :ALLOCATION-CONTEXT :CONSTRUCTION-ONLY
       :EXHAUSTION-ACTION :REJECT-BEFORE-PUBLICATION
       :HANDLE #()
       :PHYSICAL-BYTES 16
       :ENTRY-CAPACITY 0
       :AUXILIARY-BYTES 1280)
    #S(CLAMSARA::%CAPACITY-ACCOUNT-ENTRY
       :IDENTITY #<CLAMSARA:SCALAR-OBJECT-START-MARKS {1209CE7493}>
       :REPRESENTATION :SCALAR-BIT-VECTOR
       :PLACEMENT-IDENTITY NIL
       :ALLOCATION-CONTEXT :CONSTRUCTION
       :EXHAUSTION-ACTION :REJECT
       :HANDLE #(0 0)
       :PHYSICAL-BYTES 32
       :ENTRY-CAPACITY 2
       :AUXILIARY-BYTES 144)
    #S(CLAMSARA::%CAPACITY-ACCOUNT-ENTRY
       :IDENTITY #<CLAMSARA:SIDE-FORWARDING {1209CE7553}>
       :REPRESENTATION :FORWARDING-VECTOR
       :PLACEMENT-IDENTITY NIL
       :ALLOCATION-CONTEXT :CONSTRUCTION
       :EXHAUSTION-ACTION :REJECT
       :HANDLE #(NIL NIL)
       :PHYSICAL-BYTES 32
       :ENTRY-CAPACITY 2
       :AUXILIARY-BYTES 144)
    #S(CLAMSARA::%CAPACITY-ACCOUNT-ENTRY
       :IDENTITY #:RUNTIME-SPACE-STATE-1686
       :REPRESENTATION :RUNTIME-OBJECT-VECTOR
       :PLACEMENT-IDENTITY NIL
       :ALLOCATION-CONTEXT :CONSTRUCTION-ONLY
       :EXHAUSTION-ACTION :REJECT-BEFORE-PUBLICATION
       :HANDLE #()
       :PHYSICAL-BYTES 16
       :ENTRY-CAPACITY 0
       :AUXILIARY-BYTES 1280)
    #S(CLAMSARA::%CAPACITY-ACCOUNT-ENTRY
       :IDENTITY #<CLAMSARA:SCALAR-OBJECT-START-MARKS {1209CE7783}>
       :REPRESENTATION :SCALAR-BIT-VECTOR
       :PLACEMENT-IDENTITY NIL
       :ALLOCATION-CONTEXT :CONSTRUCTION
       :EXHAUSTION-ACTION :REJECT
       :HANDLE #(0 0)
       :PHYSICAL-BYTES 32
       :ENTRY-CAPACITY 2
       :AUXILIARY-BYTES 144)
    #S(CLAMSARA::%CAPACITY-ACCOUNT-ENTRY
       :IDENTITY #<CLAMSARA:SIDE-FORWARDING {1209CE7843}>
       :REPRESENTATION :FORWARDING-VECTOR
       :PLACEMENT-IDENTITY NIL
       :ALLOCATION-CONTEXT :CONSTRUCTION
       :EXHAUSTION-ACTION :REJECT
       :HANDLE #(NIL NIL)
       :PHYSICAL-BYTES 32
       :ENTRY-CAPACITY 2
       :AUXILIARY-BYTES 144)
    #S(CLAMSARA::%CAPACITY-ACCOUNT-ENTRY
       :IDENTITY #:FINALIZER-OBJECTS-1681
       :REPRESENTATION :RUNTIME-OBJECT-VECTOR
       :PLACEMENT-IDENTITY NIL
       :ALLOCATION-CONTEXT :CONSTRUCTION-ONLY
       :EXHAUSTION-ACTION :REJECT-BEFORE-PUBLICATION
       :HANDLE #(NIL NIL NIL NIL NIL NIL NIL NIL :FREE :FREE)
       :PHYSICAL-BYTES 96
       :ENTRY-CAPACITY 10
       :AUXILIARY-BYTES 1856)
    #S(CLAMSARA::%CAPACITY-ACCOUNT-ENTRY
       :IDENTITY #:FINALIZER-INDICES-1682
       :REPRESENTATION :RUNTIME-INDEX-VECTOR
       :PLACEMENT-IDENTITY NIL
       :ALLOCATION-CONTEXT :CONSTRUCTION-ONLY
       :EXHAUSTION-ACTION :REJECT-BEFORE-PUBLICATION
       :HANDLE #(NIL NIL 0 0
                 #S(CLAMSARA::SEQUENTIAL-FINALIZER-TOKEN
                    :OWNER #S(CLAMSARA::FINALIZER-OWNER-KEY)
                    :GENERATION 1
                    :INDEX -1)
                 #S(CLAMSARA::SEQUENTIAL-FINALIZER-TOKEN
                    :OWNER #S(CLAMSARA::FINALIZER-OWNER-KEY)
                    :GENERATION 2
                    :INDEX -1)
                 #S(CLAMSARA::SEQUENTIAL-FINALIZER-TOKEN
                    :OWNER #S(CLAMSARA::FINALIZER-OWNER-KEY)
                    :GENERATION 3
                    :INDEX -1)
                 #S(CLAMSARA::SEQUENTIAL-FINALIZER-TOKEN
                    :OWNER #S(CLAMSARA::FINALIZER-OWNER-KEY)
                    :GENERATION 4
                    :INDEX -1)
                 #S(CLAMSARA::SEQUENTIAL-FINALIZER-TOKEN
                    :OWNER #S(CLAMSARA::FINALIZER-OWNER-KEY)
                    :GENERATION 5
                    :INDEX -1)
                 #S(CLAMSARA::SEQUENTIAL-FINALIZER-TOKEN
                    :OWNER #S(CLAMSARA::FINALIZER-OWNER-KEY)
                    :GENERATION 6
                    :INDEX -1)
                 #S(CLAMSARA::SEQUENTIAL-FINALIZER-TOKEN
                    :OWNER #S(CLAMSARA::FINALIZER-OWNER-KEY)
                    :GENERATION 7
                    :INDEX -1)
                 #S(CLAMSARA::SEQUENTIAL-FINALIZER-TOKEN
                    :OWNER #S(CLAMSARA::FINALIZER-OWNER-KEY)
                    :GENERATION 8
                    :INDEX -1)
                 #S(CLAMSARA::SEQUENTIAL-FINALIZER-TOKEN
                    :OWNER #S(CLAMSARA::FINALIZER-OWNER-KEY)
                    :GENERATION 9
                    :INDEX -1)
                 #S(CLAMSARA::SEQUENTIAL-FINALIZER-TOKEN
                    :OWNER #S(CLAMSARA::FINALIZER-OWNER-KEY)
                    :GENERATION 10
                    :INDEX -1)
                 #S(CLAMSARA::SEQUENTIAL-FINALIZER-TOKEN
                    :OWNER #S(CLAMSARA::FINALIZER-OWNER-KEY)
                    :GENERATION 11
                    :INDEX -1)
                 #S(CLAMSARA::SEQUENTIAL-FINALIZER-TOKEN
                    :OWNER #S(CLAMSARA::FINALIZER-OWNER-KEY)
                    :GENERATION 12
                    :INDEX -1)
                 #S(CLAMSARA::SEQUENTIAL-FINALIZER-TOKEN
                    :OWNER #S(CLAMSARA::FINALIZER-OWNER-KEY)
                    :GENERATION 13
                    :INDEX -1)
                 #S(CLAMSARA::SEQUENTIAL-FINALIZER-TOKEN
                    :OWNER #S(CLAMSARA::FINALIZER-OWNER-KEY)
                    :GENERATION 14
                    :INDEX -1)
                 #S(CLAMSARA::SEQUENTIAL-FINALIZER-TOKEN
                    :OWNER #S(CLAMSARA::FINALIZER-OWNER-KEY)
                    :GENERATION 15
                    :INDEX -1)
                 #S(CLAMSARA::SEQUENTIAL-FINALIZER-TOKEN
                    :OWNER #S(CLAMSARA::FINALIZER-OWNER-KEY)
                    :GENERATION 16
                    :INDEX -1)
                 #S(CLAMSARA::SEQUENTIAL-FINALIZER-TOKEN
                    :OWNER #S(CLAMSARA::FINALIZER-OWNER-KEY)
                    :GENERATION 17
                    :INDEX -1)
                 #S(CLAMSARA::SEQUENTIAL-FINALIZER-TOKEN
                    :OWNER #S(CLAMSARA::FINALIZER-OWNER-KEY)
                    :GENERATION 18
                    :INDEX -1)
                 #S(CLAMSARA::SEQUENTIAL-FINALIZER-TOKEN
                    :OWNER #S(CLAMSARA::FINALIZER-OWNER-KEY)
                    :GENERATION 19
                    :INDEX -1)
                 #S(CLAMSARA::SEQUENTIAL-FINALIZER-TOKEN
                    :OWNER #S(CLAMSARA::FINALIZER-OWNER-KEY)
                    :GENERATION 20
                    :INDEX -1)
                 #S(CLAMSARA::SEQUENTIAL-FINALIZER-TOKEN
                    :OWNER #S(CLAMSARA::FINALIZER-OWNER-KEY)
                    :GENERATION 21
                    :INDEX -1)
                 #S(CLAMSARA::SEQUENTIAL-FINALIZER-TOKEN
                    :OWNER #S(CLAMSARA::FINALIZER-OWNER-KEY)
                    :GENERATION 22
                    :INDEX -1)
                 #S(CLAMSARA::SEQUENTIAL-FINALIZER-TOKEN
                    :OWNER #S(CLAMSARA::FINALIZER-OWNER-KEY)
                    :GENERATION 23
                    :INDEX -1)
                 #S(CLAMSARA::SEQUENTIAL-FINALIZER-TOKEN
                    :OWNER #S(CLAMSARA::FINALIZER-OWNER-KEY)
                    :GENERATION 24
                    :INDEX -1)
                 #S(CLAMSARA::SEQUENTIAL-FINALIZER-TOKEN
                    :OWNER #S(CLAMSARA::FINALIZER-OWNER-KEY)
                    :GENERATION 25
                    :INDEX -1)
                 #S(CLAMSARA::SEQUENTIAL-FINALIZER-TOKEN
                    :OWNER #S(CLAMSARA::FINALIZER-OWNER-KEY)
                    :GENERATION 26
                    :INDEX -1)
                 #S(CLAMSARA::SEQUENTIAL-FINALIZER-TOKEN
                    :OWNER #S(CLAMSARA::FINALIZER-OWNER-KEY)
                    :GENERATION 27
                    :INDEX -1)
                 #S(CLAMSARA::SEQUENTIAL-FINALIZER-TOKEN
                    :OWNER #S(CLAMSARA::FINALIZER-OWNER-KEY)
                    :GENERATION 28
                    :INDEX -1)
                 #S(CLAMSARA::SEQUENTIAL-FINALIZER-TOKEN
                    :OWNER #S(CLAMSARA::FINALIZER-OWNER-KEY)
                    :GENERATION 29
                    :INDEX -1)
                 #S(CLAMSARA::SEQUENTIAL-FINALIZER-TOKEN
                    :OWNER #S(CLAMSARA::FINALIZER-OWNER-KEY)
                    :GENERATION 30
                    :INDEX -1)
                 #S(CLAMSARA::SEQUENTIAL-FINALIZER-TOKEN
                    :OWNER #S(CLAMSARA::FINALIZER-OWNER-KEY)
                    :GENERATION 31
                    :INDEX -1)
                 #S(CLAMSARA::SEQUENTIAL-FINALIZER-TOKEN
                    :OWNER #S(CLAMSARA::FINALIZER-OWNER-KEY)
                    :GENERATION 32
                    :INDEX -1)
                 #S(CLAMSARA::SEQUENTIAL-FINALIZER-TOKEN
                    :OWNER #S(CLAMSARA::FINALIZER-OWNER-KEY)
                    :GENERATION 33
                    :INDEX -1)
                 #S(CLAMSARA::SEQUENTIAL-FINALIZER-TOKEN
                    :OWNER #S(CLAMSARA::FINALIZER-OWNER-KEY)
                    :GENERATION 34
                    :INDEX -1)
                 #S(CLAMSARA::SEQUENTIAL-FINALIZER-TOKEN
                    :OWNER #S(CLAMSARA::FINALIZER-OWNER-KEY)
                    :GENERATION 35
                    :INDEX -1)
                 #S(CLAMSARA::SEQUENTIAL-FINALIZER-TOKEN
                    :OWNER #S(CLAMSARA::FINALIZER-OWNER-KEY)
                    :GENERATION 36
                    :INDEX -1)
                 #S(CLAMSARA::SEQUENTIAL-FINALIZER-TOKEN
                    :OWNER #S(CLAMSARA::FINALIZER-OWNER-KEY)
                    :GENERATION 37
                    :INDEX -1)
                 #S(CLAMSARA::SEQUENTIAL-FINALIZER-TOKEN
                    :OWNER #S(CLAMSARA::FINALIZER-OWNER-KEY)
                    :GENERATION 38
                    :INDEX -1)
                 #S(CLAMSARA::SEQUENTIAL-FINALIZER-TOKEN
                    :OWNER #S(CLAMSARA::FINALIZER-OWNER-KEY)
                    :GENERATION 39
                    :INDEX -1)
                 #S(CLAMSARA::SEQUENTIAL-FINALIZER-TOKEN
                    :OWNER #S(CLAMSARA::FINALIZER-OWNER-KEY)
                    :GENERATION 40
                    :INDEX -1)
                 #S(CLAMSARA::SEQUENTIAL-FINALIZER-TOKEN
                    :OWNER #S(CLAMSARA::FINALIZER-OWNER-KEY)
                    :GENERATION 41
                    :INDEX -1)
                 #S(CLAMSARA::SEQUENTIAL-FINALIZER-TOKEN
                    :OWNER #S(CLAMSARA::FINALIZER-OWNER-KEY)
                    :GENERATION 42
                    :INDEX -1)
                 #S(CLAMSARA::SEQUENTIAL-FINALIZER-TOKEN
                    :OWNER #S(CLAMSARA::FINALIZER-OWNER-KEY)
                    :GENERATION 43
                    :INDEX -1)
                 #S(CLAMSARA::SEQUENTIAL-FINALIZER-TOKEN
                    :OWNER #S(CLAMSARA::FINALIZER-OWNER-KEY)
                    :GENERATION 44
                    :INDEX -1)
                 #S(CLAMSARA::SEQUENTIAL-FINALIZER-TOKEN
                    :OWNER #S(CLAMSARA::FINALIZER-OWNER-KEY)
                    :GENERATION 45
                    :INDEX -1)
                 #S(CLAMSARA::SEQUENTIAL-FINALIZER-TOKEN
                    :OWNER #S(CLAMSARA::FINALIZER-OWNER-KEY)
                    :GENERATION 46
                    :INDEX -1)
                 #S(CLAMSARA::SEQUENTIAL-FINALIZER-TOKEN
                    :OWNER #S(CLAMSARA::FINALIZER-OWNER-KEY)
                    :GENERATION 47
                    :INDEX -1)
                 #S(CLAMSARA::SEQUENTIAL-FINALIZER-TOKEN
                    :OWNER #S(CLAMSARA::FINALIZER-OWNER-KEY)
                    :GENERATION 48
                    :INDEX -1)
                 #S(CLAMSARA::SEQUENTIAL-FINALIZER-TOKEN
                    :OWNER #S(CLAMSARA::FINALIZER-OWNER-KEY)
                    :GENERATION 49
                    :INDEX -1)
                 #S(CLAMSARA::SEQUENTIAL-FINALIZER-TOKEN
                    :OWNER #S(CLAMSARA::FINALIZER-OWNER-KEY)
                    :GENERATION 50
                    :INDEX -1)
                 #S(CLAMSARA::SEQUENTIAL-FINALIZER-TOKEN
                    :OWNER #S(CLAMSARA::FINALIZER-OWNER-KEY)
                    :GENERATION 51
                    :INDEX -1)
                 #S(CLAMSARA::SEQUENTIAL-FINALIZER-TOKEN
                    :OWNER #S(CLAMSARA::FINALIZER-OWNER-KEY)
                    :GENERATION 52
                    :INDEX -1)
                 #S(CLAMSARA::SEQUENTIAL-FINALIZER-TOKEN
                    :OWNER #S(CLAMSARA::FINALIZER-OWNER-KEY)
                    :GENERATION 53
                    :INDEX -1)
                 #S(CLAMSARA::SEQUENTIAL-FINALIZER-TOKEN
                    :OWNER #S(CLAMSARA::FINALIZER-OWNER-KEY)
                    :GENERATION 54
                    :INDEX -1)
                 #S(CLAMSARA::SEQUENTIAL-FINALIZER-TOKEN
                    :OWNER #S(CLAMSARA::FINALIZER-OWNER-KEY)
                    :GENERATION 55
                    :INDEX -1)
                 #S(CLAMSARA::SEQUENTIAL-FINALIZER-TOKEN
                    :OWNER #S(CLAMSARA::FINALIZER-OWNER-KEY)
                    :GENERATION 56
                    :INDEX -1)
                 #S(CLAMSARA::SEQUENTIAL-FINALIZER-TOKEN
                    :OWNER #S(CLAMSARA::FINALIZER-OWNER-KEY)
                    :GENERATION 57
                    :INDEX -1)
                 #S(CLAMSARA::SEQUENTIAL-FINALIZER-TOKEN
                    :OWNER #S(CLAMSARA::FINALIZER-OWNER-KEY)
                    :GENERATION 58
                    :INDEX -1)
                 #S(CLAMSARA::SEQUENTIAL-FINALIZER-TOKEN
                    :OWNER #S(CLAMSARA::FINALIZER-OWNER-KEY)
                    :GENERATION 59
                    :INDEX -1)
                 #S(CLAMSARA::SEQUENTIAL-FINALIZER-TOKEN
                    :OWNER #S(CLAMSARA::FINALIZER-OWNER-KEY)
                    :GENERATION 60
                    :INDEX -1)
                 #S(CLAMSARA::SEQUENTIAL-FINALIZER-TOKEN
                    :OWNER #S(CLAMSARA::FINALIZER-OWNER-KEY)
                    :GENERATION 61
                    :INDEX -1)
                 #S(CLAMSARA::SEQUENTIAL-FINALIZER-TOKEN
                    :OWNER #S(CLAMSARA::FINALIZER-OWNER-KEY)
                    :GENERATION 62
                    :INDEX -1)
                 #S(CLAMSARA::SEQUENTIAL-FINALIZER-TOKEN
                    :OWNER #S(CLAMSARA::FINALIZER-OWNER-KEY)
                    :GENERATION 63
                    :INDEX -1)
                 #S(CLAMSARA::SEQUENTIAL-FINALIZER-TOKEN
                    :OWNER #S(CLAMSARA::FINALIZER-OWNER-KEY)
                    :GENERATION 64
                    :INDEX -1))
       :PHYSICAL-BYTES 560
       :ENTRY-CAPACITY 68
       :AUXILIARY-BYTES 8112))

is not of type
  LIST"
           :PRESERVED-WORLDS 1)
ROW :BEGIN ((:ENDPOINT-HOLES :MARKSWEEP :PACKED 8))
ROW :EXACT-ROW-ACCOUNT (:REQUIRED 68 :H 64 :RESERVED 0)
ROW :FAIL ((:ENDPOINT-HOLES :MARKSWEEP :PACKED 8) :CONDITION "The value
  #(#S(CLAMSARA::%CAPACITY-ACCOUNT-ENTRY
       :IDENTITY :CONFIGURATION-AUXILIARY
       :REPRESENTATION :RUNTIME-OBJECT-VECTOR
       :PLACEMENT-IDENTITY NIL
       :ALLOCATION-CONTEXT :CONSTRUCTION-ONLY
       :EXHAUSTION-ACTION :REJECT-BEFORE-PUBLICATION
       :HANDLE #()
       :PHYSICAL-BYTES 16
       :ENTRY-CAPACITY 0
       :AUXILIARY-BYTES 258112)
    #S(CLAMSARA::%CAPACITY-ACCOUNT-ENTRY
       :IDENTITY #:RUNTIME-OBJECTS-1694
       :REPRESENTATION :RUNTIME-OBJECT-VECTOR
       :PLACEMENT-IDENTITY NIL
       :ALLOCATION-CONTEXT :CONSTRUCTION-ONLY
       :EXHAUSTION-ACTION :REJECT-BEFORE-PUBLICATION
       :HANDLE #(NIL NIL NIL NIL NIL NIL NIL NIL NIL NIL NIL NIL NIL NIL NIL
                 NIL NIL NIL NIL NIL NIL NIL NIL NIL NIL NIL NIL NIL NIL NIL
                 NIL NIL NIL NIL NIL NIL NIL NIL NIL NIL NIL NIL NIL NIL NIL
                 NIL NIL NIL NIL NIL NIL NIL NIL NIL NIL NIL NIL NIL NIL NIL
                 NIL NIL NIL NIL NIL NIL NIL NIL NIL NIL NIL NIL NIL NIL NIL
                 NIL NIL NIL NIL NIL NIL NIL NIL NIL NIL NIL NIL NIL NIL NIL
                 NIL NIL NIL NIL NIL NIL NIL NIL NIL NIL NIL NIL NIL NIL NIL
                 NIL NIL NIL NIL NIL NIL NIL NIL NIL NIL NIL NIL NIL NIL NIL
                 NIL NIL NIL NIL NIL NIL NIL NIL NIL NIL NIL NIL NIL NIL NIL
                 NIL NIL NIL NIL NIL NIL NIL NIL NIL NIL NIL NIL NIL NIL NIL
                 NIL NIL NIL NIL NIL NIL NIL NIL NIL NIL NIL NIL NIL NIL NIL
                 NIL NIL NIL NIL NIL NIL NIL NIL NIL NIL NIL NIL NIL NIL NIL
                 NIL NIL NIL NIL NIL NIL NIL NIL NIL NIL NIL NIL NIL NIL NIL
                 NIL NIL NIL NIL NIL NIL NIL NIL NIL NIL NIL NIL NIL NIL NIL
                 NIL NIL NIL NIL NIL NIL NIL NIL NIL NIL NIL NIL NIL NIL NIL
                 NIL NIL NIL NIL NIL NIL NIL NIL NIL NIL NIL NIL NIL NIL NIL
                 NIL NIL NIL NIL NIL NIL NIL NIL NIL NIL NIL NIL NIL NIL NIL
                 NIL NIL NIL NIL NIL NIL NIL NIL NIL NIL NIL NIL NIL NIL NIL
                 NIL NIL NIL NIL NIL NIL NIL NIL NIL NIL NIL NIL NIL NIL NIL
                 NIL NIL NIL NIL NIL NIL NIL NIL NIL NIL NIL NIL NIL NIL NIL
                 NIL NIL NIL NIL NIL NIL NIL NIL NIL NIL NIL NIL NIL NIL NIL
                 NIL NIL NIL NIL NIL NIL NIL NIL NIL NIL NIL NIL NIL NIL NIL
                 NIL NIL NIL NIL NIL NIL NIL NIL NIL NIL NIL NIL NIL NIL NIL
                 NIL NIL NIL NIL NIL NIL NIL NIL NIL NIL NIL NIL NIL NIL NIL
                 NIL NIL NIL NIL NIL NIL NIL NIL NIL NIL NIL NIL NIL NIL NIL
                 NIL NIL NIL NIL NIL NIL NIL NIL NIL NIL NIL NIL NIL NIL NIL
                 NIL NIL NIL NIL NIL NIL NIL NIL NIL NIL NIL NIL NIL NIL NIL
                 NIL NIL NIL NIL NIL NIL NIL NIL NIL NIL NIL NIL NIL NIL NIL
                 NIL NIL NIL NIL NIL NIL NIL NIL NIL NIL NIL NIL NIL NIL NIL
                 NIL NIL NIL NIL NIL NIL NIL NIL NIL NIL NIL NIL NIL NIL NIL
                 NIL NIL NIL NIL NIL NIL NIL NIL NIL NIL NIL NIL NIL NIL NIL
                 NIL NIL NIL NIL NIL NIL NIL NIL NIL NIL NIL NIL NIL NIL NIL
                 NIL NIL NIL NIL NIL NIL NIL NIL NIL NIL NIL NIL NIL NIL NIL
                 NIL NIL NIL NIL NIL NIL NIL NIL NIL NIL NIL NIL NIL NIL NIL
                 NIL NIL NIL NIL NIL NIL NIL NIL NIL NIL NIL NIL NIL NIL NIL
                 NIL NIL NIL NIL NIL NIL NIL NIL NIL NIL NIL NIL NIL NIL NIL
                 NIL NIL NIL NIL NIL NIL NIL NIL NIL NIL NIL NIL NIL NIL NIL
                 NIL NIL NIL NIL NIL NIL NIL NIL NIL NIL NIL NIL NIL NIL NIL
                 NIL NIL NIL NIL NIL NIL NIL NIL NIL NIL NIL NIL NIL NIL NIL
                 NIL NIL NIL NIL NIL NIL NIL NIL NIL NIL NIL NIL NIL NIL NIL
                 NIL NIL NIL NIL NIL NIL NIL NIL NIL NIL NIL NIL NIL NIL NIL
                 NIL NIL NIL NIL NIL NIL NIL NIL NIL NIL NIL NIL NIL NIL NIL
                 NIL NIL NIL NIL NIL NIL NIL NIL NIL NIL NIL NIL NIL NIL NIL
                 NIL NIL NIL NIL NIL NIL NIL NIL NIL NIL NIL NIL NIL NIL NIL
                 NIL NIL NIL NIL NIL NIL NIL NIL NIL NIL NIL NIL NIL NIL NIL
                 NIL NIL NIL NIL NIL NIL NIL NIL NIL NIL NIL NIL NIL NIL NIL
                 NIL NIL NIL NIL NIL NIL NIL NIL NIL NIL NIL NIL NIL NIL NIL
                 NIL NIL NIL NIL NIL NIL NIL NIL NIL NIL NIL NIL NIL NIL NIL
                 NIL NIL NIL NIL NIL NIL NIL NIL NIL NIL NIL NIL NIL NIL NIL
                 NIL NIL NIL NIL NIL NIL NIL NIL NIL NIL NIL NIL NIL NIL NIL
                 NIL NIL NIL NIL NIL NIL NIL NIL NIL NIL NIL NIL NIL NIL NIL
                 NIL NIL NIL NIL NIL NIL NIL NIL NIL NIL NIL NIL NIL NIL NIL
                 NIL NIL NIL NIL NIL NIL NIL NIL NIL NIL NIL NIL NIL NIL NIL
                 NIL NIL NIL NIL NIL NIL NIL NIL NIL NIL NIL NIL NIL NIL NIL
                 NIL NIL NIL NIL NIL NIL NIL NIL NIL NIL NIL NIL NIL NIL NIL
                 NIL NIL NIL NIL NIL NIL NIL NIL NIL NIL NIL NIL NIL NIL NIL
                 NIL NIL NIL NIL NIL NIL NIL NIL NIL NIL NIL NIL NIL NIL NIL
                 NIL NIL NIL NIL NIL NIL NIL NIL NIL NIL NIL NIL NIL NIL NIL
                 NIL NIL NIL NIL NIL NIL NIL NIL NIL NIL NIL NIL NIL NIL NIL
                 NIL NIL NIL NIL NIL NIL NIL NIL NIL NIL NIL NIL NIL NIL NIL
                 NIL NIL NIL NIL NIL NIL NIL NIL NIL NIL NIL NIL NIL NIL NIL
                 NIL NIL NIL NIL NIL NIL NIL NIL NIL NIL NIL NIL NIL NIL NIL
                 NIL NIL NIL NIL NIL NIL NIL NIL NIL NIL NIL NIL NIL NIL NIL
                 NIL NIL NIL NIL NIL NIL NIL NIL NIL NIL NIL NIL NIL NIL NIL
                 NIL NIL NIL NIL NIL NIL NIL NIL NIL NIL NIL NIL NIL NIL NIL
                 NIL NIL NIL NIL NIL NIL NIL NIL NIL NIL NIL NIL NIL NIL NIL
                 NIL NIL NIL NIL NIL NIL NIL NIL NIL NIL NIL NIL NIL NIL NIL
                 NIL NIL NIL NIL NIL NIL NIL NIL NIL NIL NIL NIL NIL NIL NIL
                 NIL NIL NIL NIL NIL NIL NIL NIL NIL NIL NIL NIL NIL NIL NIL
                 NIL NIL NIL NIL NIL NIL NIL NIL NIL NIL NIL NIL NIL NIL NIL
                 NIL NIL NIL NIL NIL NIL NIL NIL NIL NIL NIL NIL NIL NIL NIL
                 NIL NIL NIL NIL NIL NIL NIL NIL NIL NIL NIL NIL NIL NIL NIL
                 NIL NIL NIL NIL NIL NIL NIL NIL NIL NIL NIL NIL NIL NIL NIL
                 NIL NIL NIL NIL NIL NIL NIL NIL NIL NIL NIL NIL NIL NIL NIL
                 NIL NIL NIL NIL NIL NIL NIL NIL NIL NIL NIL NIL NIL NIL NIL
                 NIL NIL NIL NIL NIL NIL NIL NIL NIL NIL NIL NIL NIL NIL NIL
                 NIL NIL NIL NIL NIL NIL NIL NIL NIL NIL NIL NIL NIL NIL NIL
                 NIL NIL NIL NIL NIL NIL NIL NIL NIL NIL NIL NIL NIL NIL NIL
                 NIL NIL NIL NIL NIL NIL NIL NIL NIL NIL NIL NIL NIL NIL NIL
                 NIL NIL NIL NIL NIL NIL NIL NIL NIL NIL NIL NIL NIL NIL NIL
                 NIL NIL NIL NIL NIL NIL NIL NIL NIL NIL NIL NIL NIL NIL NIL
                 NIL NIL NIL NIL NIL NIL NIL NIL NIL NIL NIL NIL NIL NIL NIL
                 NIL NIL NIL NIL NIL NIL NIL NIL NIL NIL NIL NIL NIL NIL NIL
                 NIL NIL NIL NIL NIL NIL NIL NIL NIL NIL NIL NIL NIL NIL NIL
                 NIL NIL NIL NIL NIL NIL NIL NIL NIL NIL NIL NIL NIL NIL NIL
                 NIL NIL NIL NIL NIL NIL NIL NIL NIL NIL NIL NIL NIL NIL NIL
                 NIL NIL NIL NIL NIL NIL NIL NIL NIL NIL NIL NIL NIL NIL NIL
                 NIL NIL NIL NIL NIL NIL NIL NIL NIL NIL NIL NIL NIL NIL NIL
                 NIL NIL NIL NIL NIL NIL NIL NIL NIL NIL NIL NIL NIL NIL NIL
                 NIL NIL NIL NIL NIL NIL NIL NIL NIL NIL NIL NIL NIL NIL NIL
                 NIL NIL NIL NIL NIL NIL NIL NIL NIL NIL NIL NIL NIL NIL NIL
                 NIL NIL NIL NIL NIL NIL NIL NIL NIL NIL NIL NIL NIL NIL NIL
                 NIL NIL NIL NIL NIL NIL NIL NIL NIL NIL NIL NIL NIL NIL NIL
                 NIL NIL NIL NIL NIL NIL NIL NIL NIL NIL NIL NIL NIL NIL NIL
                 NIL NIL NIL NIL NIL NIL NIL NIL NIL NIL NIL NIL NIL NIL NIL
                 NIL NIL NIL NIL NIL NIL NIL NIL NIL NIL NIL NIL NIL NIL NIL
                 NIL NIL NIL NIL NIL NIL NIL NIL NIL NIL NIL NIL NIL NIL NIL
                 NIL NIL NIL NIL NIL NIL NIL NIL NIL NIL NIL NIL NIL NIL NIL
                 NIL NIL NIL NIL NIL NIL NIL NIL NIL NIL NIL NIL NIL NIL NIL
                 NIL NIL NIL NIL NIL NIL NIL NIL NIL NIL NIL NIL NIL NIL NIL
                 NIL NIL NIL NIL NIL NIL NIL NIL NIL NIL NIL NIL NIL NIL NIL
                 NIL NIL NIL NIL NIL NIL NIL NIL NIL NIL NIL NIL NIL NIL NIL
                 NIL NIL NIL NIL NIL NIL NIL NIL NIL NIL NIL NIL NIL NIL NIL
                 NIL NIL NIL NIL NIL NIL NIL NIL NIL NIL NIL)
       :PHYSICAL-BYTES 12464
       :ENTRY-CAPACITY 1556
       :AUXILIARY-BYTES 19568)
    #S(CLAMSARA::%CAPACITY-ACCOUNT-ENTRY
       :IDENTITY #:RUNTIME-INDICES-1695
       :REPRESENTATION :RUNTIME-INDEX-VECTOR
       :PLACEMENT-IDENTITY NIL
       :ALLOCATION-CONTEXT :CONSTRUCTION-ONLY
       :EXHAUSTION-ACTION :REJECT-BEFORE-PUBLICATION
       :HANDLE #(0 0 0 0 0 0)
       :PHYSICAL-BYTES 64
       :ENTRY-CAPACITY 6
       :AUXILIARY-BYTES 480)
    #S(CLAMSARA::%CAPACITY-ACCOUNT-ENTRY
       :IDENTITY #:RUNTIME-SPACE-STATE-1692
       :REPRESENTATION :RUNTIME-OBJECT-VECTOR
       :PLACEMENT-IDENTITY NIL
       :ALLOCATION-CONTEXT :CONSTRUCTION-ONLY
       :EXHAUSTION-ACTION :REJECT-BEFORE-PUBLICATION
       :HANDLE #()
       :PHYSICAL-BYTES 16
       :ENTRY-CAPACITY 0
       :AUXILIARY-BYTES 1296)
    #S(CLAMSARA::%CAPACITY-ACCOUNT-ENTRY
       :IDENTITY #:MARKSWEEP-FREE-1693
       :REPRESENTATION :RUNTIME-INDEX-VECTOR
       :PLACEMENT-IDENTITY NIL
       :ALLOCATION-CONTEXT :CONSTRUCTION-ONLY
       :EXHAUSTION-ACTION :REJECT-BEFORE-PUBLICATION
       :HANDLE #(4096 0 0 0 0 0 0 0 0 0 0 0 0 0 0 0 0 0 0 0 0 0 0 0 0 0 0 0 0 0
                 0 0 0 0 0 0 0 0 0 0 0 0 0 0 0 0 0 0 0 0 0 0 0 0 0 0 0 0 0 0 0
                 0 0 0 4608 0 0 0 0 0 0 0 0 0 0 0 0 0 0 0 0 0 0 0 0 0 0 0 0 0 0
                 0 0 0 0 0 0 0 0 0 0 0 0 0 0 0 0 0 0 0 0 0 0 0 0 0 0 0 0 0 0 0
                 0 0 0 0 0 0 0 0 0 0 0 0 0 0 0 0 0 0 0 0 0 0 0 0 0 0 0 0 0 0 0
                 0 0 0 0 0 0 0 0 0 0 0 0 0 0 0 0 0 0 0 0 0 0 0 0 0 0 0 0 0 0 0
                 0 0 0 0 0 0 0 0 0 0 0 0 0 0 0 0 0 0 0 0 0 0 0 0 0 0 0 0 0 0 0
                 0 0 0 0 0 0 0 0 0 0 0 0 0 0 0 0 0 0 0 0 0 0 0 0 0 0 0 0 0 0 0
                 0 0 0 0 0 0 0 0 0 0)
       :PHYSICAL-BYTES 2064
       :ENTRY-CAPACITY 256
       :AUXILIARY-BYTES 1488)
    #S(CLAMSARA::%CAPACITY-ACCOUNT-ENTRY
       :IDENTITY #<CLAMSARA:OBJECT-START-MARKS {120A902953}>
       :REPRESENTATION :PACKED-BIT-VECTOR
       :PLACEMENT-IDENTITY NIL
       :ALLOCATION-CONTEXT :CONSTRUCTION
       :EXHAUSTION-ACTION :REJECT
       :HANDLE #*0000000000000000000000000000000000000000000000000000000000000000
       :PHYSICAL-BYTES 32
       :ENTRY-CAPACITY 64
       :AUXILIARY-BYTES 144)
    #S(CLAMSARA::%CAPACITY-ACCOUNT-ENTRY
       :IDENTITY #<CLAMSARA:SIDE-MARKS {120A902A13}>
       :REPRESENTATION :PACKED-BIT-VECTOR
       :PLACEMENT-IDENTITY NIL
       :ALLOCATION-CONTEXT :CONSTRUCTION
       :EXHAUSTION-ACTION :REJECT
       :HANDLE #*00000000000000000000000000000000
       :PHYSICAL-BYTES 32
       :ENTRY-CAPACITY 32
       :AUXILIARY-BYTES 144)
    #S(CLAMSARA::%CAPACITY-ACCOUNT-ENTRY
       :IDENTITY #:FINALIZER-OBJECTS-1689
       :REPRESENTATION :RUNTIME-OBJECT-VECTOR
       :PLACEMENT-IDENTITY NIL
       :ALLOCATION-CONTEXT :CONSTRUCTION-ONLY
       :EXHAUSTION-ACTION :REJECT-BEFORE-PUBLICATION
       :HANDLE #(NIL NIL NIL NIL NIL NIL NIL NIL NIL NIL NIL NIL NIL NIL NIL
                 NIL :FREE :FREE :FREE :FREE)
       :PHYSICAL-BYTES 176
       :ENTRY-CAPACITY 20
       :AUXILIARY-BYTES 3008)
    #S(CLAMSARA::%CAPACITY-ACCOUNT-ENTRY
       :IDENTITY #:FINALIZER-INDICES-1690
       :REPRESENTATION :RUNTIME-INDEX-VECTOR
       :PLACEMENT-IDENTITY NIL
       :ALLOCATION-CONTEXT :CONSTRUCTION-ONLY
       :EXHAUSTION-ACTION :REJECT-BEFORE-PUBLICATION
       :HANDLE #(NIL NIL NIL NIL 0 0 0 0
                 #S(CLAMSARA::SEQUENTIAL-FINALIZER-TOKEN
                    :OWNER #S(CLAMSARA::FINALIZER-OWNER-KEY)
                    :GENERATION 1
                    :INDEX -1)
                 #S(CLAMSARA::SEQUENTIAL-FINALIZER-TOKEN
                    :OWNER #S(CLAMSARA::FINALIZER-OWNER-KEY)
                    :GENERATION 2
                    :INDEX -1)
                 #S(CLAMSARA::SEQUENTIAL-FINALIZER-TOKEN
                    :OWNER #S(CLAMSARA::FINALIZER-OWNER-KEY)
                    :GENERATION 3
                    :INDEX -1)
                 #S(CLAMSARA::SEQUENTIAL-FINALIZER-TOKEN
                    :OWNER #S(CLAMSARA::FINALIZER-OWNER-KEY)
                    :GENERATION 4
                    :INDEX -1)
                 #S(CLAMSARA::SEQUENTIAL-FINALIZER-TOKEN
                    :OWNER #S(CLAMSARA::FINALIZER-OWNER-KEY)
                    :GENERATION 5
                    :INDEX -1)
                 #S(CLAMSARA::SEQUENTIAL-FINALIZER-TOKEN
                    :OWNER #S(CLAMSARA::FINALIZER-OWNER-KEY)
                    :GENERATION 6
                    :INDEX -1)
                 #S(CLAMSARA::SEQUENTIAL-FINALIZER-TOKEN
                    :OWNER #S(CLAMSARA::FINALIZER-OWNER-KEY)
                    :GENERATION 7
                    :INDEX -1)
                 #S(CLAMSARA::SEQUENTIAL-FINALIZER-TOKEN
                    :OWNER #S(CLAMSARA::FINALIZER-OWNER-KEY)
                    :GENERATION 8
                    :INDEX -1)
                 #S(CLAMSARA::SEQUENTIAL-FINALIZER-TOKEN
                    :OWNER #S(CLAMSARA::FINALIZER-OWNER-KEY)
                    :GENERATION 9
                    :INDEX -1)
                 #S(CLAMSARA::SEQUENTIAL-FINALIZER-TOKEN
                    :OWNER #S(CLAMSARA::FINALIZER-OWNER-KEY)
                    :GENERATION 10
                    :INDEX -1)
                 #S(CLAMSARA::SEQUENTIAL-FINALIZER-TOKEN
                    :OWNER #S(CLAMSARA::FINALIZER-OWNER-KEY)
                    :GENERATION 11
                    :INDEX -1)
                 #S(CLAMSARA::SEQUENTIAL-FINALIZER-TOKEN
                    :OWNER #S(CLAMSARA::FINALIZER-OWNER-KEY)
                    :GENERATION 12
                    :INDEX -1)
                 #S(CLAMSARA::SEQUENTIAL-FINALIZER-TOKEN
                    :OWNER #S(CLAMSARA::FINALIZER-OWNER-KEY)
                    :GENERATION 13
                    :INDEX -1)
                 #S(CLAMSARA::SEQUENTIAL-FINALIZER-TOKEN
                    :OWNER #S(CLAMSARA::FINALIZER-OWNER-KEY)
                    :GENERATION 14
                    :INDEX -1)
                 #S(CLAMSARA::SEQUENTIAL-FINALIZER-TOKEN
                    :OWNER #S(CLAMSARA::FINALIZER-OWNER-KEY)
                    :GENERATION 15
                    :INDEX -1)
                 #S(CLAMSARA::SEQUENTIAL-FINALIZER-TOKEN
                    :OWNER #S(CLAMSARA::FINALIZER-OWNER-KEY)
                    :GENERATION 16
                    :INDEX -1)
                 #S(CLAMSARA::SEQUENTIAL-FINALIZER-TOKEN
                    :OWNER #S(CLAMSARA::FINALIZER-OWNER-KEY)
                    :GENERATION 17
                    :INDEX -1)
                 #S(CLAMSARA::SEQUENTIAL-FINALIZER-TOKEN
                    :OWNER #S(CLAMSARA::FINALIZER-OWNER-KEY)
                    :GENERATION 18
                    :INDEX -1)
                 #S(CLAMSARA::SEQUENTIAL-FINALIZER-TOKEN
                    :OWNER #S(CLAMSARA::FINALIZER-OWNER-KEY)
                    :GENERATION 19
                    :INDEX -1)
                 #S(CLAMSARA::SEQUENTIAL-FINALIZER-TOKEN
                    :OWNER #S(CLAMSARA::FINALIZER-OWNER-KEY)
                    :GENERATION 20
                    :INDEX -1)
                 #S(CLAMSARA::SEQUENTIAL-FINALIZER-TOKEN
                    :OWNER #S(CLAMSARA::FINALIZER-OWNER-KEY)
                    :GENERATION 21
                    :INDEX -1)
                 #S(CLAMSARA::SEQUENTIAL-FINALIZER-TOKEN
                    :OWNER #S(CLAMSARA::FINALIZER-OWNER-KEY)
                    :GENERATION 22
                    :INDEX -1)
                 #S(CLAMSARA::SEQUENTIAL-FINALIZER-TOKEN
                    :OWNER #S(CLAMSARA::FINALIZER-OWNER-KEY)
                    :GENERATION 23
                    :INDEX -1)
                 #S(CLAMSARA::SEQUENTIAL-FINALIZER-TOKEN
                    :OWNER #S(CLAMSARA::FINALIZER-OWNER-KEY)
                    :GENERATION 24
                    :INDEX -1)
                 #S(CLAMSARA::SEQUENTIAL-FINALIZER-TOKEN
                    :OWNER #S(CLAMSARA::FINALIZER-OWNER-KEY)
                    :GENERATION 25
                    :INDEX -1)
                 #S(CLAMSARA::SEQUENTIAL-FINALIZER-TOKEN
                    :OWNER #S(CLAMSARA::FINALIZER-OWNER-KEY)
                    :GENERATION 26
                    :INDEX -1)
                 #S(CLAMSARA::SEQUENTIAL-FINALIZER-TOKEN
                    :OWNER #S(CLAMSARA::FINALIZER-OWNER-KEY)
                    :GENERATION 27
                    :INDEX -1)
                 #S(CLAMSARA::SEQUENTIAL-FINALIZER-TOKEN
                    :OWNER #S(CLAMSARA::FINALIZER-OWNER-KEY)
                    :GENERATION 28
                    :INDEX -1)
                 #S(CLAMSARA::SEQUENTIAL-FINALIZER-TOKEN
                    :OWNER #S(CLAMSARA::FINALIZER-OWNER-KEY)
                    :GENERATION 29
                    :INDEX -1)
                 #S(CLAMSARA::SEQUENTIAL-FINALIZER-TOKEN
                    :OWNER #S(CLAMSARA::FINALIZER-OWNER-KEY)
                    :GENERATION 30
                    :INDEX -1)
                 #S(CLAMSARA::SEQUENTIAL-FINALIZER-TOKEN
                    :OWNER #S(CLAMSARA::FINALIZER-OWNER-KEY)
                    :GENERATION 31
                    :INDEX -1)
                 #S(CLAMSARA::SEQUENTIAL-FINALIZER-TOKEN
                    :OWNER #S(CLAMSARA::FINALIZER-OWNER-KEY)
                    :GENERATION 32
                    :INDEX -1)
                 #S(CLAMSARA::SEQUENTIAL-FINALIZER-TOKEN
                    :OWNER #S(CLAMSARA::FINALIZER-OWNER-KEY)
                    :GENERATION 33
                    :INDEX -1)
                 #S(CLAMSARA::SEQUENTIAL-FINALIZER-TOKEN
                    :OWNER #S(CLAMSARA::FINALIZER-OWNER-KEY)
                    :GENERATION 34
                    :INDEX -1)
                 #S(CLAMSARA::SEQUENTIAL-FINALIZER-TOKEN
                    :OWNER #S(CLAMSARA::FINALIZER-OWNER-KEY)
                    :GENERATION 35
                    :INDEX -1)
                 #S(CLAMSARA::SEQUENTIAL-FINALIZER-TOKEN
                    :OWNER #S(CLAMSARA::FINALIZER-OWNER-KEY)
                    :GENERATION 36
                    :INDEX -1)
                 #S(CLAMSARA::SEQUENTIAL-FINALIZER-TOKEN
                    :OWNER #S(CLAMSARA::FINALIZER-OWNER-KEY)
                    :GENERATION 37
                    :INDEX -1)
                 #S(CLAMSARA::SEQUENTIAL-FINALIZER-TOKEN
                    :OWNER #S(CLAMSARA::FINALIZER-OWNER-KEY)
                    :GENERATION 38
                    :INDEX -1)
                 #S(CLAMSARA::SEQUENTIAL-FINALIZER-TOKEN
                    :OWNER #S(CLAMSARA::FINALIZER-OWNER-KEY)
                    :GENERATION 39
                    :INDEX -1)
                 #S(CLAMSARA::SEQUENTIAL-FINALIZER-TOKEN
                    :OWNER #S(CLAMSARA::FINALIZER-OWNER-KEY)
                    :GENERATION 40
                    :INDEX -1)
                 #S(CLAMSARA::SEQUENTIAL-FINALIZER-TOKEN
                    :OWNER #S(CLAMSARA::FINALIZER-OWNER-KEY)
                    :GENERATION 41
                    :INDEX -1)
                 #S(CLAMSARA::SEQUENTIAL-FINALIZER-TOKEN
                    :OWNER #S(CLAMSARA::FINALIZER-OWNER-KEY)
                    :GENERATION 42
                    :INDEX -1)
                 #S(CLAMSARA::SEQUENTIAL-FINALIZER-TOKEN
                    :OWNER #S(CLAMSARA::FINALIZER-OWNER-KEY)
                    :GENERATION 43
                    :INDEX -1)
                 #S(CLAMSARA::SEQUENTIAL-FINALIZER-TOKEN
                    :OWNER #S(CLAMSARA::FINALIZER-OWNER-KEY)
                    :GENERATION 44
                    :INDEX -1)
                 #S(CLAMSARA::SEQUENTIAL-FINALIZER-TOKEN
                    :OWNER #S(CLAMSARA::FINALIZER-OWNER-KEY)
                    :GENERATION 45
                    :INDEX -1)
                 #S(CLAMSARA::SEQUENTIAL-FINALIZER-TOKEN
                    :OWNER #S(CLAMSARA::FINALIZER-OWNER-KEY)
                    :GENERATION 46
                    :INDEX -1)
                 #S(CLAMSARA::SEQUENTIAL-FINALIZER-TOKEN
                    :OWNER #S(CLAMSARA::FINALIZER-OWNER-KEY)
                    :GENERATION 47
                    :INDEX -1)
                 #S(CLAMSARA::SEQUENTIAL-FINALIZER-TOKEN
                    :OWNER #S(CLAMSARA::FINALIZER-OWNER-KEY)
                    :GENERATION 48
                    :INDEX -1)
                 #S(CLAMSARA::SEQUENTIAL-FINALIZER-TOKEN
                    :OWNER #S(CLAMSARA::FINALIZER-OWNER-KEY)
                    :GENERATION 49
                    :INDEX -1)
                 #S(CLAMSARA::SEQUENTIAL-FINALIZER-TOKEN
                    :OWNER #S(CLAMSARA::FINALIZER-OWNER-KEY)
                    :GENERATION 50
                    :INDEX -1)
                 #S(CLAMSARA::SEQUENTIAL-FINALIZER-TOKEN
                    :OWNER #S(CLAMSARA::FINALIZER-OWNER-KEY)
                    :GENERATION 51
                    :INDEX -1)
                 #S(CLAMSARA::SEQUENTIAL-FINALIZER-TOKEN
                    :OWNER #S(CLAMSARA::FINALIZER-OWNER-KEY)
                    :GENERATION 52
                    :INDEX -1)
                 #S(CLAMSARA::SEQUENTIAL-FINALIZER-TOKEN
                    :OWNER #S(CLAMSARA::FINALIZER-OWNER-KEY)
                    :GENERATION 53
                    :INDEX -1)
                 #S(CLAMSARA::SEQUENTIAL-FINALIZER-TOKEN
                    :OWNER #S(CLAMSARA::FINALIZER-OWNER-KEY)
                    :GENERATION 54
                    :INDEX -1)
                 #S(CLAMSARA::SEQUENTIAL-FINALIZER-TOKEN
                    :OWNER #S(CLAMSARA::FINALIZER-OWNER-KEY)
                    :GENERATION 55
                    :INDEX -1)
                 #S(CLAMSARA::SEQUENTIAL-FINALIZER-TOKEN
                    :OWNER #S(CLAMSARA::FINALIZER-OWNER-KEY)
                    :GENERATION 56
                    :INDEX -1)
                 #S(CLAMSARA::SEQUENTIAL-FINALIZER-TOKEN
                    :OWNER #S(CLAMSARA::FINALIZER-OWNER-KEY)
                    :GENERATION 57
                    :INDEX -1)
                 #S(CLAMSARA::SEQUENTIAL-FINALIZER-TOKEN
                    :OWNER #S(CLAMSARA::FINALIZER-OWNER-KEY)
                    :GENERATION 58
                    :INDEX -1)
                 #S(CLAMSARA::SEQUENTIAL-FINALIZER-TOKEN
                    :OWNER #S(CLAMSARA::FINALIZER-OWNER-KEY)
                    :GENERATION 59
                    :INDEX -1)
                 #S(CLAMSARA::SEQUENTIAL-FINALIZER-TOKEN
                    :OWNER #S(CLAMSARA::FINALIZER-OWNER-KEY)
                    :GENERATION 60
                    :INDEX -1)
                 #S(CLAMSARA::SEQUENTIAL-FINALIZER-TOKEN
                    :OWNER #S(CLAMSARA::FINALIZER-OWNER-KEY)
                    :GENERATION 61
                    :INDEX -1)
                 #S(CLAMSARA::SEQUENTIAL-FINALIZER-TOKEN
                    :OWNER #S(CLAMSARA::FINALIZER-OWNER-KEY)
                    :GENERATION 62
                    :INDEX -1)
                 #S(CLAMSARA::SEQUENTIAL-FINALIZER-TOKEN
                    :OWNER #S(CLAMSARA::FINALIZER-OWNER-KEY)
                    :GENERATION 63
                    :INDEX -1)
                 #S(CLAMSARA::SEQUENTIAL-FINALIZER-TOKEN
                    :OWNER #S(CLAMSARA::FINALIZER-OWNER-KEY)
                    :GENERATION 64
                    :INDEX -1))
       :PHYSICAL-BYTES 592
       :ENTRY-CAPACITY 72
       :AUXILIARY-BYTES 8112))

is not of type
  LIST"
           :PRESERVED-WORLDS 1)
ROW :BEGIN ((:ENDPOINT-HOLES :MARKSWEEP :PACKED 16))
ROW :EXACT-ROW-ACCOUNT (:REQUIRED 36 :H 32 :RESERVED 0)
ROW :FAIL ((:ENDPOINT-HOLES :MARKSWEEP :PACKED 16) :CONDITION "The value
  #(#S(CLAMSARA::%CAPACITY-ACCOUNT-ENTRY
       :IDENTITY :CONFIGURATION-AUXILIARY
       :REPRESENTATION :RUNTIME-OBJECT-VECTOR
       :PLACEMENT-IDENTITY NIL
       :ALLOCATION-CONTEXT :CONSTRUCTION-ONLY
       :EXHAUSTION-ACTION :REJECT-BEFORE-PUBLICATION
       :HANDLE #()
       :PHYSICAL-BYTES 16
       :ENTRY-CAPACITY 0
       :AUXILIARY-BYTES 251712)
    #S(CLAMSARA::%CAPACITY-ACCOUNT-ENTRY
       :IDENTITY #:RUNTIME-OBJECTS-1701
       :REPRESENTATION :RUNTIME-OBJECT-VECTOR
       :PLACEMENT-IDENTITY NIL
       :ALLOCATION-CONTEXT :CONSTRUCTION-ONLY
       :EXHAUSTION-ACTION :REJECT-BEFORE-PUBLICATION
       :HANDLE #(NIL NIL NIL NIL NIL NIL NIL NIL NIL NIL NIL NIL NIL NIL NIL
                 NIL NIL NIL NIL NIL NIL NIL NIL NIL NIL NIL NIL NIL NIL NIL
                 NIL NIL NIL NIL NIL NIL NIL NIL NIL NIL NIL NIL NIL NIL NIL
                 NIL NIL NIL NIL NIL NIL NIL NIL NIL NIL NIL NIL NIL NIL NIL
                 NIL NIL NIL NIL NIL NIL NIL NIL NIL NIL NIL NIL NIL NIL NIL
                 NIL NIL NIL NIL NIL NIL NIL NIL NIL NIL NIL NIL NIL NIL NIL
                 NIL NIL NIL NIL NIL NIL NIL NIL NIL NIL NIL NIL NIL NIL NIL
                 NIL NIL NIL NIL NIL NIL NIL NIL NIL NIL NIL NIL NIL NIL NIL
                 NIL NIL NIL NIL NIL NIL NIL NIL NIL NIL NIL NIL NIL NIL NIL
                 NIL NIL NIL NIL NIL NIL NIL NIL NIL NIL NIL NIL NIL NIL NIL
                 NIL NIL NIL NIL NIL NIL NIL NIL NIL NIL NIL NIL NIL NIL NIL
                 NIL NIL NIL NIL NIL NIL NIL NIL NIL NIL NIL NIL NIL NIL NIL
                 NIL NIL NIL NIL NIL NIL NIL NIL NIL NIL NIL NIL NIL NIL NIL
                 NIL NIL NIL NIL NIL NIL NIL NIL NIL NIL NIL NIL NIL NIL NIL
                 NIL NIL NIL NIL NIL NIL NIL NIL NIL NIL NIL NIL NIL NIL NIL
                 NIL NIL NIL NIL NIL NIL NIL NIL NIL NIL NIL NIL NIL NIL NIL
                 NIL NIL NIL NIL NIL NIL NIL NIL NIL NIL NIL NIL NIL NIL NIL
                 NIL NIL NIL NIL NIL NIL NIL NIL NIL NIL NIL NIL NIL NIL NIL
                 NIL NIL NIL NIL NIL NIL NIL NIL NIL NIL NIL NIL NIL NIL NIL
                 NIL NIL NIL NIL NIL NIL NIL NIL NIL NIL NIL NIL NIL NIL NIL
                 NIL NIL NIL NIL NIL NIL NIL NIL NIL NIL NIL NIL NIL NIL NIL
                 NIL NIL NIL NIL NIL NIL NIL NIL NIL NIL NIL NIL NIL NIL NIL
                 NIL NIL NIL NIL NIL NIL NIL NIL NIL NIL NIL NIL NIL NIL NIL
                 NIL NIL NIL NIL NIL NIL NIL NIL NIL NIL NIL NIL NIL NIL NIL
                 NIL NIL NIL NIL NIL NIL NIL NIL NIL NIL NIL NIL NIL NIL NIL
                 NIL NIL NIL NIL NIL NIL NIL NIL NIL NIL NIL NIL NIL NIL NIL
                 NIL NIL NIL NIL NIL NIL NIL NIL NIL NIL NIL NIL NIL NIL NIL
                 NIL NIL NIL NIL NIL NIL NIL NIL NIL NIL NIL NIL NIL NIL NIL
                 NIL NIL NIL NIL NIL NIL NIL NIL NIL NIL NIL NIL NIL NIL NIL
                 NIL NIL NIL NIL NIL NIL NIL NIL NIL NIL NIL NIL NIL NIL NIL
                 NIL NIL NIL NIL NIL NIL NIL NIL NIL NIL NIL NIL NIL NIL NIL
                 NIL NIL NIL NIL NIL NIL NIL NIL NIL NIL NIL NIL NIL NIL NIL
                 NIL NIL NIL NIL NIL NIL NIL NIL NIL NIL NIL NIL NIL NIL NIL
                 NIL NIL NIL NIL NIL NIL NIL NIL NIL NIL NIL NIL NIL NIL NIL
                 NIL NIL NIL NIL NIL NIL NIL NIL NIL NIL NIL NIL NIL NIL NIL
                 NIL NIL NIL NIL NIL NIL NIL NIL NIL NIL NIL NIL NIL NIL NIL
                 NIL NIL NIL NIL NIL NIL NIL NIL NIL NIL NIL NIL NIL NIL NIL
                 NIL NIL NIL NIL NIL NIL NIL NIL NIL NIL NIL NIL NIL NIL NIL
                 NIL NIL NIL NIL NIL NIL NIL NIL NIL NIL NIL NIL NIL NIL NIL
                 NIL NIL NIL NIL NIL NIL NIL NIL NIL NIL NIL NIL NIL NIL NIL
                 NIL NIL NIL NIL NIL NIL NIL NIL NIL NIL NIL NIL NIL NIL NIL
                 NIL NIL NIL NIL NIL NIL NIL NIL NIL NIL NIL NIL NIL NIL NIL
                 NIL NIL NIL NIL NIL NIL NIL NIL NIL NIL NIL NIL NIL NIL NIL
                 NIL NIL NIL NIL NIL NIL NIL NIL NIL NIL NIL NIL NIL NIL NIL
                 NIL NIL NIL NIL NIL NIL NIL NIL NIL NIL NIL NIL NIL NIL NIL
                 NIL NIL NIL NIL NIL NIL NIL NIL NIL NIL NIL NIL NIL NIL NIL
                 NIL NIL NIL NIL NIL NIL NIL NIL NIL NIL NIL NIL NIL NIL NIL
                 NIL NIL NIL NIL NIL NIL NIL NIL NIL NIL NIL NIL NIL NIL NIL
                 NIL NIL NIL NIL NIL NIL NIL NIL NIL NIL NIL NIL NIL NIL NIL
                 NIL NIL NIL NIL NIL NIL NIL NIL NIL NIL NIL NIL NIL NIL NIL
                 NIL NIL NIL NIL NIL NIL NIL NIL NIL NIL NIL NIL NIL NIL NIL
                 NIL NIL NIL NIL NIL NIL NIL NIL NIL NIL NIL NIL NIL NIL NIL
                 NIL NIL NIL NIL NIL NIL NIL NIL NIL NIL NIL NIL NIL NIL NIL
                 NIL NIL NIL NIL NIL NIL NIL NIL NIL NIL NIL NIL NIL NIL NIL
                 NIL NIL NIL NIL NIL NIL NIL NIL NIL NIL NIL NIL NIL NIL NIL
                 NIL NIL NIL NIL NIL NIL NIL NIL NIL NIL NIL NIL NIL NIL NIL
                 NIL NIL NIL NIL NIL NIL NIL NIL NIL NIL NIL NIL NIL NIL NIL
                 NIL NIL NIL NIL NIL NIL NIL NIL NIL NIL NIL NIL NIL NIL NIL
                 NIL NIL NIL NIL NIL NIL NIL NIL NIL NIL NIL NIL NIL NIL NIL
                 NIL NIL NIL NIL NIL NIL NIL NIL NIL NIL NIL NIL NIL NIL NIL
                 NIL NIL NIL NIL NIL NIL NIL NIL NIL NIL NIL NIL NIL NIL NIL
                 NIL NIL NIL NIL NIL NIL NIL NIL NIL NIL NIL NIL NIL NIL NIL
                 NIL NIL NIL NIL NIL NIL NIL NIL NIL NIL NIL NIL NIL NIL NIL
                 NIL NIL NIL NIL NIL NIL NIL NIL NIL NIL NIL NIL NIL NIL NIL
                 NIL NIL NIL NIL NIL NIL NIL NIL NIL NIL NIL NIL NIL NIL NIL
                 NIL NIL NIL NIL NIL NIL NIL NIL NIL NIL NIL NIL NIL NIL NIL
                 NIL NIL NIL NIL NIL NIL NIL NIL NIL NIL NIL NIL NIL NIL NIL
                 NIL NIL NIL NIL NIL NIL NIL NIL NIL NIL NIL NIL NIL NIL NIL
                 NIL NIL NIL NIL NIL NIL NIL NIL NIL NIL NIL NIL NIL NIL NIL
                 NIL NIL NIL NIL NIL NIL NIL NIL NIL NIL NIL NIL NIL NIL NIL
                 NIL NIL NIL NIL NIL NIL NIL NIL NIL NIL NIL NIL NIL NIL NIL
                 NIL NIL NIL NIL NIL NIL NIL NIL NIL NIL NIL NIL NIL NIL NIL
                 NIL NIL NIL NIL NIL NIL NIL NIL NIL NIL NIL NIL NIL NIL NIL
                 NIL NIL NIL NIL NIL NIL NIL NIL NIL NIL NIL NIL NIL NIL NIL
                 NIL NIL NIL NIL NIL NIL NIL NIL NIL NIL NIL NIL NIL NIL NIL
                 NIL NIL NIL NIL NIL NIL NIL NIL NIL NIL NIL NIL NIL NIL NIL
                 NIL NIL NIL NIL NIL NIL NIL NIL NIL NIL NIL NIL NIL NIL NIL
                 NIL NIL NIL NIL NIL NIL NIL NIL NIL NIL NIL NIL NIL NIL NIL
                 NIL NIL NIL NIL NIL NIL NIL NIL NIL NIL NIL NIL NIL NIL NIL
                 NIL NIL NIL NIL NIL NIL NIL NIL NIL NIL NIL NIL NIL NIL NIL
                 NIL NIL NIL NIL NIL NIL NIL NIL NIL NIL NIL NIL NIL NIL NIL
                 NIL NIL NIL NIL NIL NIL NIL NIL NIL NIL NIL NIL NIL NIL NIL
                 NIL NIL NIL NIL NIL NIL NIL NIL NIL NIL NIL NIL NIL NIL NIL
                 NIL NIL NIL NIL NIL NIL NIL NIL NIL NIL NIL NIL NIL NIL NIL
                 NIL NIL NIL NIL NIL NIL NIL NIL NIL NIL NIL NIL NIL NIL NIL
                 NIL NIL NIL NIL NIL NIL NIL NIL NIL NIL NIL NIL NIL NIL NIL
                 NIL NIL NIL NIL NIL NIL NIL NIL NIL NIL NIL NIL NIL NIL NIL
                 NIL NIL NIL NIL NIL NIL NIL NIL NIL NIL NIL NIL NIL NIL NIL
                 NIL NIL NIL NIL NIL NIL NIL NIL NIL NIL NIL NIL NIL NIL NIL
                 NIL NIL NIL NIL NIL NIL NIL NIL NIL NIL NIL NIL NIL NIL NIL
                 NIL NIL NIL NIL NIL NIL NIL NIL NIL NIL NIL NIL NIL NIL NIL
                 NIL NIL NIL NIL NIL NIL NIL NIL NIL NIL NIL NIL NIL NIL NIL
                 NIL NIL NIL NIL NIL NIL NIL NIL NIL NIL NIL NIL NIL NIL NIL
                 NIL NIL NIL NIL NIL NIL NIL NIL NIL NIL NIL NIL NIL NIL NIL
                 NIL NIL NIL NIL NIL NIL NIL NIL NIL NIL NIL NIL NIL NIL NIL
                 NIL NIL NIL NIL NIL NIL NIL NIL NIL NIL NIL NIL NIL NIL NIL
                 NIL NIL NIL NIL NIL NIL NIL NIL NIL NIL NIL NIL NIL NIL NIL
                 NIL NIL NIL NIL NIL NIL NIL NIL NIL NIL NIL NIL NIL NIL NIL
                 NIL NIL NIL NIL NIL NIL NIL NIL NIL NIL NIL NIL NIL NIL NIL
                 NIL NIL NIL NIL NIL NIL NIL NIL NIL NIL NIL NIL NIL NIL NIL
                 NIL NIL NIL NIL NIL NIL NIL NIL NIL NIL NIL NIL NIL NIL NIL
                 NIL NIL NIL NIL NIL NIL NIL NIL NIL NIL NIL NIL NIL NIL NIL
                 NIL NIL NIL NIL NIL NIL NIL NIL NIL NIL NIL NIL NIL NIL NIL
                 NIL NIL NIL NIL NIL NIL NIL NIL NIL NIL NIL)
       :PHYSICAL-BYTES 12464
       :ENTRY-CAPACITY 1556
       :AUXILIARY-BYTES 19568)
    #S(CLAMSARA::%CAPACITY-ACCOUNT-ENTRY
       :IDENTITY #:RUNTIME-INDICES-1702
       :REPRESENTATION :RUNTIME-INDEX-VECTOR
       :PLACEMENT-IDENTITY NIL
       :ALLOCATION-CONTEXT :CONSTRUCTION-ONLY
       :EXHAUSTION-ACTION :REJECT-BEFORE-PUBLICATION
       :HANDLE #(0 0 0 0 0 0)
       :PHYSICAL-BYTES 64
       :ENTRY-CAPACITY 6
       :AUXILIARY-BYTES 480)
    #S(CLAMSARA::%CAPACITY-ACCOUNT-ENTRY
       :IDENTITY #:RUNTIME-SPACE-STATE-1699
       :REPRESENTATION :RUNTIME-OBJECT-VECTOR
       :PLACEMENT-IDENTITY NIL
       :ALLOCATION-CONTEXT :CONSTRUCTION-ONLY
       :EXHAUSTION-ACTION :REJECT-BEFORE-PUBLICATION
       :HANDLE #()
       :PHYSICAL-BYTES 16
       :ENTRY-CAPACITY 0
       :AUXILIARY-BYTES 1296)
    #S(CLAMSARA::%CAPACITY-ACCOUNT-ENTRY
       :IDENTITY #:MARKSWEEP-FREE-1700
       :REPRESENTATION :RUNTIME-INDEX-VECTOR
       :PLACEMENT-IDENTITY NIL
       :ALLOCATION-CONTEXT :CONSTRUCTION-ONLY
       :EXHAUSTION-ACTION :REJECT-BEFORE-PUBLICATION
       :HANDLE #(4096 0 0 0 0 0 0 0 0 0 0 0 0 0 0 0 0 0 0 0 0 0 0 0 0 0 0 0 0 0
                 0 0 4608 0 0 0 0 0 0 0 0 0 0 0 0 0 0 0 0 0 0 0 0 0 0 0 0 0 0 0
                 0 0 0 0 0 0 0 0 0 0 0 0 0 0 0 0 0 0 0 0 0 0 0 0 0 0 0 0 0 0 0
                 0 0 0 0 0 0 0 0 0 0 0 0 0 0 0 0 0 0 0 0 0 0 0 0 0 0 0 0 0 0 0
                 0 0 0 0 0 0)
       :PHYSICAL-BYTES 1040
       :ENTRY-CAPACITY 128
       :AUXILIARY-BYTES 1488)
    #S(CLAMSARA::%CAPACITY-ACCOUNT-ENTRY
       :IDENTITY #<CLAMSARA:OBJECT-START-MARKS {120AAB77A3}>
       :REPRESENTATION :PACKED-BIT-VECTOR
       :PLACEMENT-IDENTITY NIL
       :ALLOCATION-CONTEXT :CONSTRUCTION
       :EXHAUSTION-ACTION :REJECT
       :HANDLE #*00000000000000000000000000000000
       :PHYSICAL-BYTES 32
       :ENTRY-CAPACITY 32
       :AUXILIARY-BYTES 144)
    #S(CLAMSARA::%CAPACITY-ACCOUNT-ENTRY
       :IDENTITY #<CLAMSARA:SIDE-MARKS {120AAB7863}>
       :REPRESENTATION :PACKED-BIT-VECTOR
       :PLACEMENT-IDENTITY NIL
       :ALLOCATION-CONTEXT :CONSTRUCTION
       :EXHAUSTION-ACTION :REJECT
       :HANDLE #*00000000000000000000000000000000
       :PHYSICAL-BYTES 32
       :ENTRY-CAPACITY 32
       :AUXILIARY-BYTES 144)
    #S(CLAMSARA::%CAPACITY-ACCOUNT-ENTRY
       :IDENTITY #:FINALIZER-OBJECTS-1696
       :REPRESENTATION :RUNTIME-OBJECT-VECTOR
       :PLACEMENT-IDENTITY NIL
       :ALLOCATION-CONTEXT :CONSTRUCTION-ONLY
       :EXHAUSTION-ACTION :REJECT-BEFORE-PUBLICATION
       :HANDLE #(NIL NIL NIL NIL NIL NIL NIL NIL NIL NIL NIL NIL NIL NIL NIL
                 NIL :FREE :FREE :FREE :FREE)
       :PHYSICAL-BYTES 176
       :ENTRY-CAPACITY 20
       :AUXILIARY-BYTES 3008)
    #S(CLAMSARA::%CAPACITY-ACCOUNT-ENTRY
       :IDENTITY #:FINALIZER-INDICES-1697
       :REPRESENTATION :RUNTIME-INDEX-VECTOR
       :PLACEMENT-IDENTITY NIL
       :ALLOCATION-CONTEXT :CONSTRUCTION-ONLY
       :EXHAUSTION-ACTION :REJECT-BEFORE-PUBLICATION
       :HANDLE #(NIL NIL NIL NIL 0 0 0 0
                 #S(CLAMSARA::SEQUENTIAL-FINALIZER-TOKEN
                    :OWNER #S(CLAMSARA::FINALIZER-OWNER-KEY)
                    :GENERATION 1
                    :INDEX -1)
                 #S(CLAMSARA::SEQUENTIAL-FINALIZER-TOKEN
                    :OWNER #S(CLAMSARA::FINALIZER-OWNER-KEY)
                    :GENERATION 2
                    :INDEX -1)
                 #S(CLAMSARA::SEQUENTIAL-FINALIZER-TOKEN
                    :OWNER #S(CLAMSARA::FINALIZER-OWNER-KEY)
                    :GENERATION 3
                    :INDEX -1)
                 #S(CLAMSARA::SEQUENTIAL-FINALIZER-TOKEN
                    :OWNER #S(CLAMSARA::FINALIZER-OWNER-KEY)
                    :GENERATION 4
                    :INDEX -1)
                 #S(CLAMSARA::SEQUENTIAL-FINALIZER-TOKEN
                    :OWNER #S(CLAMSARA::FINALIZER-OWNER-KEY)
                    :GENERATION 5
                    :INDEX -1)
                 #S(CLAMSARA::SEQUENTIAL-FINALIZER-TOKEN
                    :OWNER #S(CLAMSARA::FINALIZER-OWNER-KEY)
                    :GENERATION 6
                    :INDEX -1)
                 #S(CLAMSARA::SEQUENTIAL-FINALIZER-TOKEN
                    :OWNER #S(CLAMSARA::FINALIZER-OWNER-KEY)
                    :GENERATION 7
                    :INDEX -1)
                 #S(CLAMSARA::SEQUENTIAL-FINALIZER-TOKEN
                    :OWNER #S(CLAMSARA::FINALIZER-OWNER-KEY)
                    :GENERATION 8
                    :INDEX -1)
                 #S(CLAMSARA::SEQUENTIAL-FINALIZER-TOKEN
                    :OWNER #S(CLAMSARA::FINALIZER-OWNER-KEY)
                    :GENERATION 9
                    :INDEX -1)
                 #S(CLAMSARA::SEQUENTIAL-FINALIZER-TOKEN
                    :OWNER #S(CLAMSARA::FINALIZER-OWNER-KEY)
                    :GENERATION 10
                    :INDEX -1)
                 #S(CLAMSARA::SEQUENTIAL-FINALIZER-TOKEN
                    :OWNER #S(CLAMSARA::FINALIZER-OWNER-KEY)
                    :GENERATION 11
                    :INDEX -1)
                 #S(CLAMSARA::SEQUENTIAL-FINALIZER-TOKEN
                    :OWNER #S(CLAMSARA::FINALIZER-OWNER-KEY)
                    :GENERATION 12
                    :INDEX -1)
                 #S(CLAMSARA::SEQUENTIAL-FINALIZER-TOKEN
                    :OWNER #S(CLAMSARA::FINALIZER-OWNER-KEY)
                    :GENERATION 13
                    :INDEX -1)
                 #S(CLAMSARA::SEQUENTIAL-FINALIZER-TOKEN
                    :OWNER #S(CLAMSARA::FINALIZER-OWNER-KEY)
                    :GENERATION 14
                    :INDEX -1)
                 #S(CLAMSARA::SEQUENTIAL-FINALIZER-TOKEN
                    :OWNER #S(CLAMSARA::FINALIZER-OWNER-KEY)
                    :GENERATION 15
                    :INDEX -1)
                 #S(CLAMSARA::SEQUENTIAL-FINALIZER-TOKEN
                    :OWNER #S(CLAMSARA::FINALIZER-OWNER-KEY)
                    :GENERATION 16
                    :INDEX -1)
                 #S(CLAMSARA::SEQUENTIAL-FINALIZER-TOKEN
                    :OWNER #S(CLAMSARA::FINALIZER-OWNER-KEY)
                    :GENERATION 17
                    :INDEX -1)
                 #S(CLAMSARA::SEQUENTIAL-FINALIZER-TOKEN
                    :OWNER #S(CLAMSARA::FINALIZER-OWNER-KEY)
                    :GENERATION 18
                    :INDEX -1)
                 #S(CLAMSARA::SEQUENTIAL-FINALIZER-TOKEN
                    :OWNER #S(CLAMSARA::FINALIZER-OWNER-KEY)
                    :GENERATION 19
                    :INDEX -1)
                 #S(CLAMSARA::SEQUENTIAL-FINALIZER-TOKEN
                    :OWNER #S(CLAMSARA::FINALIZER-OWNER-KEY)
                    :GENERATION 20
                    :INDEX -1)
                 #S(CLAMSARA::SEQUENTIAL-FINALIZER-TOKEN
                    :OWNER #S(CLAMSARA::FINALIZER-OWNER-KEY)
                    :GENERATION 21
                    :INDEX -1)
                 #S(CLAMSARA::SEQUENTIAL-FINALIZER-TOKEN
                    :OWNER #S(CLAMSARA::FINALIZER-OWNER-KEY)
                    :GENERATION 22
                    :INDEX -1)
                 #S(CLAMSARA::SEQUENTIAL-FINALIZER-TOKEN
                    :OWNER #S(CLAMSARA::FINALIZER-OWNER-KEY)
                    :GENERATION 23
                    :INDEX -1)
                 #S(CLAMSARA::SEQUENTIAL-FINALIZER-TOKEN
                    :OWNER #S(CLAMSARA::FINALIZER-OWNER-KEY)
                    :GENERATION 24
                    :INDEX -1)
                 #S(CLAMSARA::SEQUENTIAL-FINALIZER-TOKEN
                    :OWNER #S(CLAMSARA::FINALIZER-OWNER-KEY)
                    :GENERATION 25
                    :INDEX -1)
                 #S(CLAMSARA::SEQUENTIAL-FINALIZER-TOKEN
                    :OWNER #S(CLAMSARA::FINALIZER-OWNER-KEY)
                    :GENERATION 26
                    :INDEX -1)
                 #S(CLAMSARA::SEQUENTIAL-FINALIZER-TOKEN
                    :OWNER #S(CLAMSARA::FINALIZER-OWNER-KEY)
                    :GENERATION 27
                    :INDEX -1)
                 #S(CLAMSARA::SEQUENTIAL-FINALIZER-TOKEN
                    :OWNER #S(CLAMSARA::FINALIZER-OWNER-KEY)
                    :GENERATION 28
                    :INDEX -1)
                 #S(CLAMSARA::SEQUENTIAL-FINALIZER-TOKEN
                    :OWNER #S(CLAMSARA::FINALIZER-OWNER-KEY)
                    :GENERATION 29
                    :INDEX -1)
                 #S(CLAMSARA::SEQUENTIAL-FINALIZER-TOKEN
                    :OWNER #S(CLAMSARA::FINALIZER-OWNER-KEY)
                    :GENERATION 30
                    :INDEX -1)
                 #S(CLAMSARA::SEQUENTIAL-FINALIZER-TOKEN
                    :OWNER #S(CLAMSARA::FINALIZER-OWNER-KEY)
                    :GENERATION 31
                    :INDEX -1)
                 #S(CLAMSARA::SEQUENTIAL-FINALIZER-TOKEN
                    :OWNER #S(CLAMSARA::FINALIZER-OWNER-KEY)
                    :GENERATION 32
                    :INDEX -1)
                 #S(CLAMSARA::SEQUENTIAL-FINALIZER-TOKEN
                    :OWNER #S(CLAMSARA::FINALIZER-OWNER-KEY)
                    :GENERATION 33
                    :INDEX -1)
                 #S(CLAMSARA::SEQUENTIAL-FINALIZER-TOKEN
                    :OWNER #S(CLAMSARA::FINALIZER-OWNER-KEY)
                    :GENERATION 34
                    :INDEX -1)
                 #S(CLAMSARA::SEQUENTIAL-FINALIZER-TOKEN
                    :OWNER #S(CLAMSARA::FINALIZER-OWNER-KEY)
                    :GENERATION 35
                    :INDEX -1)
                 #S(CLAMSARA::SEQUENTIAL-FINALIZER-TOKEN
                    :OWNER #S(CLAMSARA::FINALIZER-OWNER-KEY)
                    :GENERATION 36
                    :INDEX -1)
                 #S(CLAMSARA::SEQUENTIAL-FINALIZER-TOKEN
                    :OWNER #S(CLAMSARA::FINALIZER-OWNER-KEY)
                    :GENERATION 37
                    :INDEX -1)
                 #S(CLAMSARA::SEQUENTIAL-FINALIZER-TOKEN
                    :OWNER #S(CLAMSARA::FINALIZER-OWNER-KEY)
                    :GENERATION 38
                    :INDEX -1)
                 #S(CLAMSARA::SEQUENTIAL-FINALIZER-TOKEN
                    :OWNER #S(CLAMSARA::FINALIZER-OWNER-KEY)
                    :GENERATION 39
                    :INDEX -1)
                 #S(CLAMSARA::SEQUENTIAL-FINALIZER-TOKEN
                    :OWNER #S(CLAMSARA::FINALIZER-OWNER-KEY)
                    :GENERATION 40
                    :INDEX -1)
                 #S(CLAMSARA::SEQUENTIAL-FINALIZER-TOKEN
                    :OWNER #S(CLAMSARA::FINALIZER-OWNER-KEY)
                    :GENERATION 41
                    :INDEX -1)
                 #S(CLAMSARA::SEQUENTIAL-FINALIZER-TOKEN
                    :OWNER #S(CLAMSARA::FINALIZER-OWNER-KEY)
                    :GENERATION 42
                    :INDEX -1)
                 #S(CLAMSARA::SEQUENTIAL-FINALIZER-TOKEN
                    :OWNER #S(CLAMSARA::FINALIZER-OWNER-KEY)
                    :GENERATION 43
                    :INDEX -1)
                 #S(CLAMSARA::SEQUENTIAL-FINALIZER-TOKEN
                    :OWNER #S(CLAMSARA::FINALIZER-OWNER-KEY)
                    :GENERATION 44
                    :INDEX -1)
                 #S(CLAMSARA::SEQUENTIAL-FINALIZER-TOKEN
                    :OWNER #S(CLAMSARA::FINALIZER-OWNER-KEY)
                    :GENERATION 45
                    :INDEX -1)
                 #S(CLAMSARA::SEQUENTIAL-FINALIZER-TOKEN
                    :OWNER #S(CLAMSARA::FINALIZER-OWNER-KEY)
                    :GENERATION 46
                    :INDEX -1)
                 #S(CLAMSARA::SEQUENTIAL-FINALIZER-TOKEN
                    :OWNER #S(CLAMSARA::FINALIZER-OWNER-KEY)
                    :GENERATION 47
                    :INDEX -1)
                 #S(CLAMSARA::SEQUENTIAL-FINALIZER-TOKEN
                    :OWNER #S(CLAMSARA::FINALIZER-OWNER-KEY)
                    :GENERATION 48
                    :INDEX -1)
                 #S(CLAMSARA::SEQUENTIAL-FINALIZER-TOKEN
                    :OWNER #S(CLAMSARA::FINALIZER-OWNER-KEY)
                    :GENERATION 49
                    :INDEX -1)
                 #S(CLAMSARA::SEQUENTIAL-FINALIZER-TOKEN
                    :OWNER #S(CLAMSARA::FINALIZER-OWNER-KEY)
                    :GENERATION 50
                    :INDEX -1)
                 #S(CLAMSARA::SEQUENTIAL-FINALIZER-TOKEN
                    :OWNER #S(CLAMSARA::FINALIZER-OWNER-KEY)
                    :GENERATION 51
                    :INDEX -1)
                 #S(CLAMSARA::SEQUENTIAL-FINALIZER-TOKEN
                    :OWNER #S(CLAMSARA::FINALIZER-OWNER-KEY)
                    :GENERATION 52
                    :INDEX -1)
                 #S(CLAMSARA::SEQUENTIAL-FINALIZER-TOKEN
                    :OWNER #S(CLAMSARA::FINALIZER-OWNER-KEY)
                    :GENERATION 53
                    :INDEX -1)
                 #S(CLAMSARA::SEQUENTIAL-FINALIZER-TOKEN
                    :OWNER #S(CLAMSARA::FINALIZER-OWNER-KEY)
                    :GENERATION 54
                    :INDEX -1)
                 #S(CLAMSARA::SEQUENTIAL-FINALIZER-TOKEN
                    :OWNER #S(CLAMSARA::FINALIZER-OWNER-KEY)
                    :GENERATION 55
                    :INDEX -1)
                 #S(CLAMSARA::SEQUENTIAL-FINALIZER-TOKEN
                    :OWNER #S(CLAMSARA::FINALIZER-OWNER-KEY)
                    :GENERATION 56
                    :INDEX -1)
                 #S(CLAMSARA::SEQUENTIAL-FINALIZER-TOKEN
                    :OWNER #S(CLAMSARA::FINALIZER-OWNER-KEY)
                    :GENERATION 57
                    :INDEX -1)
                 #S(CLAMSARA::SEQUENTIAL-FINALIZER-TOKEN
                    :OWNER #S(CLAMSARA::FINALIZER-OWNER-KEY)
                    :GENERATION 58
                    :INDEX -1)
                 #S(CLAMSARA::SEQUENTIAL-FINALIZER-TOKEN
                    :OWNER #S(CLAMSARA::FINALIZER-OWNER-KEY)
                    :GENERATION 59
                    :INDEX -1)
                 #S(CLAMSARA::SEQUENTIAL-FINALIZER-TOKEN
                    :OWNER #S(CLAMSARA::FINALIZER-OWNER-KEY)
                    :GENERATION 60
                    :INDEX -1)
                 #S(CLAMSARA::SEQUENTIAL-FINALIZER-TOKEN
                    :OWNER #S(CLAMSARA::FINALIZER-OWNER-KEY)
                    :GENERATION 61
                    :INDEX -1)
                 #S(CLAMSARA::SEQUENTIAL-FINALIZER-TOKEN
                    :OWNER #S(CLAMSARA::FINALIZER-OWNER-KEY)
                    :GENERATION 62
                    :INDEX -1)
                 #S(CLAMSARA::SEQUENTIAL-FINALIZER-TOKEN
                    :OWNER #S(CLAMSARA::FINALIZER-OWNER-KEY)
                    :GENERATION 63
                    :INDEX -1)
                 #S(CLAMSARA::SEQUENTIAL-FINALIZER-TOKEN
                    :OWNER #S(CLAMSARA::FINALIZER-OWNER-KEY)
                    :GENERATION 64
                    :INDEX -1))
       :PHYSICAL-BYTES 592
       :ENTRY-CAPACITY 72
       :AUXILIARY-BYTES 8112))

is not of type
  LIST"
           :PRESERVED-WORLDS 1)
ROW :BEGIN ((:MAXIMUM-CANONICAL-FIELDS :MARKSWEEP :PACKED))
ROW :EXACT-ROW-ACCOUNT (:REQUIRED 10 :H 6 :RESERVED 0)
ROW :FAIL ((:MAXIMUM-CANONICAL-FIELDS :MARKSWEEP :PACKED) :CONDITION "The value
  #(#S(CLAMSARA::%CAPACITY-ACCOUNT-ENTRY
       :IDENTITY :CONFIGURATION-AUXILIARY
       :REPRESENTATION :RUNTIME-OBJECT-VECTOR
       :PLACEMENT-IDENTITY NIL
       :ALLOCATION-CONTEXT :CONSTRUCTION-ONLY
       :EXHAUSTION-ACTION :REJECT-BEFORE-PUBLICATION
       :HANDLE #()
       :PHYSICAL-BYTES 16
       :ENTRY-CAPACITY 0
       :AUXILIARY-BYTES 6527968)
    #S(CLAMSARA::%CAPACITY-ACCOUNT-ENTRY
       :IDENTITY #:RUNTIME-OBJECTS-1708
       :REPRESENTATION :RUNTIME-OBJECT-VECTOR
       :PLACEMENT-IDENTITY NIL
       :ALLOCATION-CONTEXT :CONSTRUCTION-ONLY
       :EXHAUSTION-ACTION :REJECT-BEFORE-PUBLICATION
       :HANDLE #(NIL NIL NIL NIL NIL NIL NIL NIL NIL NIL NIL NIL NIL NIL NIL
                 NIL NIL NIL NIL NIL NIL NIL NIL NIL NIL NIL NIL NIL NIL NIL
                 NIL NIL NIL NIL NIL NIL NIL NIL NIL NIL NIL NIL NIL NIL NIL
                 NIL NIL NIL NIL NIL NIL NIL NIL NIL NIL NIL NIL NIL NIL NIL
                 NIL NIL NIL NIL NIL NIL NIL NIL NIL NIL NIL NIL NIL NIL NIL
                 NIL NIL NIL NIL NIL NIL NIL NIL NIL NIL NIL NIL NIL NIL NIL
                 NIL NIL NIL NIL NIL NIL NIL NIL NIL NIL NIL NIL NIL NIL NIL
                 NIL NIL NIL NIL NIL NIL NIL NIL NIL NIL NIL NIL NIL NIL NIL
                 NIL NIL)
       :PHYSICAL-BYTES 992
       :ENTRY-CAPACITY 122
       :AUXILIARY-BYTES 19568)
    #S(CLAMSARA::%CAPACITY-ACCOUNT-ENTRY
       :IDENTITY #:RUNTIME-INDICES-1709
       :REPRESENTATION :RUNTIME-INDEX-VECTOR
       :PLACEMENT-IDENTITY NIL
       :ALLOCATION-CONTEXT :CONSTRUCTION-ONLY
       :EXHAUSTION-ACTION :REJECT-BEFORE-PUBLICATION
       :HANDLE #(0 0 0 0 0 0)
       :PHYSICAL-BYTES 64
       :ENTRY-CAPACITY 6
       :AUXILIARY-BYTES 480)
    #S(CLAMSARA::%CAPACITY-ACCOUNT-ENTRY
       :IDENTITY #:RUNTIME-SPACE-STATE-1706
       :REPRESENTATION :RUNTIME-OBJECT-VECTOR
       :PLACEMENT-IDENTITY NIL
       :ALLOCATION-CONTEXT :CONSTRUCTION-ONLY
       :EXHAUSTION-ACTION :REJECT-BEFORE-PUBLICATION
       :HANDLE #()
       :PHYSICAL-BYTES 16
       :ENTRY-CAPACITY 0
       :AUXILIARY-BYTES 1296)
    #S(CLAMSARA::%CAPACITY-ACCOUNT-ENTRY
       :IDENTITY #:MARKSWEEP-FREE-1707
       :REPRESENTATION :RUNTIME-INDEX-VECTOR
       :PLACEMENT-IDENTITY NIL
       :ALLOCATION-CONTEXT :CONSTRUCTION-ONLY
       :EXHAUSTION-ACTION :REJECT-BEFORE-PUBLICATION
       :HANDLE #(1048576 0 3145728 0 0 0 0 0)
       :PHYSICAL-BYTES 80
       :ENTRY-CAPACITY 8
       :AUXILIARY-BYTES 1488)
    #S(CLAMSARA::%CAPACITY-ACCOUNT-ENTRY
       :IDENTITY #<CLAMSARA:OBJECT-START-MARKS {120ACC7493}>
       :REPRESENTATION :PACKED-BIT-VECTOR
       :PLACEMENT-IDENTITY NIL
       :ALLOCATION-CONTEXT :CONSTRUCTION
       :EXHAUSTION-ACTION :REJECT
       :HANDLE #*00
       :PHYSICAL-BYTES 32
       :ENTRY-CAPACITY 2
       :AUXILIARY-BYTES 144)
    #S(CLAMSARA::%CAPACITY-ACCOUNT-ENTRY
       :IDENTITY #<CLAMSARA:SIDE-MARKS {120ACC7553}>
       :REPRESENTATION :PACKED-BIT-VECTOR
       :PLACEMENT-IDENTITY NIL
       :ALLOCATION-CONTEXT :CONSTRUCTION
       :EXHAUSTION-ACTION :REJECT
       :HANDLE #*00
       :PHYSICAL-BYTES 32
       :ENTRY-CAPACITY 2
       :AUXILIARY-BYTES 144)
    #S(CLAMSARA::%CAPACITY-ACCOUNT-ENTRY
       :IDENTITY #:FINALIZER-OBJECTS-1703
       :REPRESENTATION :RUNTIME-OBJECT-VECTOR
       :PLACEMENT-IDENTITY NIL
       :ALLOCATION-CONTEXT :CONSTRUCTION-ONLY
       :EXHAUSTION-ACTION :REJECT-BEFORE-PUBLICATION
       :HANDLE #(NIL NIL NIL NIL NIL NIL NIL NIL :FREE :FREE)
       :PHYSICAL-BYTES 96
       :ENTRY-CAPACITY 10
       :AUXILIARY-BYTES 1856)
    #S(CLAMSARA::%CAPACITY-ACCOUNT-ENTRY
       :IDENTITY #:FINALIZER-INDICES-1704
       :REPRESENTATION :RUNTIME-INDEX-VECTOR
       :PLACEMENT-IDENTITY NIL
       :ALLOCATION-CONTEXT :CONSTRUCTION-ONLY
       :EXHAUSTION-ACTION :REJECT-BEFORE-PUBLICATION
       :HANDLE #(NIL NIL 0 0
                 #S(CLAMSARA::SEQUENTIAL-FINALIZER-TOKEN
                    :OWNER #S(CLAMSARA::FINALIZER-OWNER-KEY)
                    :GENERATION 1
                    :INDEX -1)
                 #S(CLAMSARA::SEQUENTIAL-FINALIZER-TOKEN
                    :OWNER #S(CLAMSARA::FINALIZER-OWNER-KEY)
                    :GENERATION 2
                    :INDEX -1)
                 #S(CLAMSARA::SEQUENTIAL-FINALIZER-TOKEN
                    :OWNER #S(CLAMSARA::FINALIZER-OWNER-KEY)
                    :GENERATION 3
                    :INDEX -1)
                 #S(CLAMSARA::SEQUENTIAL-FINALIZER-TOKEN
                    :OWNER #S(CLAMSARA::FINALIZER-OWNER-KEY)
                    :GENERATION 4
                    :INDEX -1)
                 #S(CLAMSARA::SEQUENTIAL-FINALIZER-TOKEN
                    :OWNER #S(CLAMSARA::FINALIZER-OWNER-KEY)
                    :GENERATION 5
                    :INDEX -1)
                 #S(CLAMSARA::SEQUENTIAL-FINALIZER-TOKEN
                    :OWNER #S(CLAMSARA::FINALIZER-OWNER-KEY)
                    :GENERATION 6
                    :INDEX -1)
                 #S(CLAMSARA::SEQUENTIAL-FINALIZER-TOKEN
                    :OWNER #S(CLAMSARA::FINALIZER-OWNER-KEY)
                    :GENERATION 7
                    :INDEX -1)
                 #S(CLAMSARA::SEQUENTIAL-FINALIZER-TOKEN
                    :OWNER #S(CLAMSARA::FINALIZER-OWNER-KEY)
                    :GENERATION 8
                    :INDEX -1)
                 #S(CLAMSARA::SEQUENTIAL-FINALIZER-TOKEN
                    :OWNER #S(CLAMSARA::FINALIZER-OWNER-KEY)
                    :GENERATION 9
                    :INDEX -1)
                 #S(CLAMSARA::SEQUENTIAL-FINALIZER-TOKEN
                    :OWNER #S(CLAMSARA::FINALIZER-OWNER-KEY)
                    :GENERATION 10
                    :INDEX -1)
                 #S(CLAMSARA::SEQUENTIAL-FINALIZER-TOKEN
                    :OWNER #S(CLAMSARA::FINALIZER-OWNER-KEY)
                    :GENERATION 11
                    :INDEX -1)
                 #S(CLAMSARA::SEQUENTIAL-FINALIZER-TOKEN
                    :OWNER #S(CLAMSARA::FINALIZER-OWNER-KEY)
                    :GENERATION 12
                    :INDEX -1)
                 #S(CLAMSARA::SEQUENTIAL-FINALIZER-TOKEN
                    :OWNER #S(CLAMSARA::FINALIZER-OWNER-KEY)
                    :GENERATION 13
                    :INDEX -1)
                 #S(CLAMSARA::SEQUENTIAL-FINALIZER-TOKEN
                    :OWNER #S(CLAMSARA::FINALIZER-OWNER-KEY)
                    :GENERATION 14
                    :INDEX -1)
                 #S(CLAMSARA::SEQUENTIAL-FINALIZER-TOKEN
                    :OWNER #S(CLAMSARA::FINALIZER-OWNER-KEY)
                    :GENERATION 15
                    :INDEX -1)
                 #S(CLAMSARA::SEQUENTIAL-FINALIZER-TOKEN
                    :OWNER #S(CLAMSARA::FINALIZER-OWNER-KEY)
                    :GENERATION 16
                    :INDEX -1)
                 #S(CLAMSARA::SEQUENTIAL-FINALIZER-TOKEN
                    :OWNER #S(CLAMSARA::FINALIZER-OWNER-KEY)
                    :GENERATION 17
                    :INDEX -1)
                 #S(CLAMSARA::SEQUENTIAL-FINALIZER-TOKEN
                    :OWNER #S(CLAMSARA::FINALIZER-OWNER-KEY)
                    :GENERATION 18
                    :INDEX -1)
                 #S(CLAMSARA::SEQUENTIAL-FINALIZER-TOKEN
                    :OWNER #S(CLAMSARA::FINALIZER-OWNER-KEY)
                    :GENERATION 19
                    :INDEX -1)
                 #S(CLAMSARA::SEQUENTIAL-FINALIZER-TOKEN
                    :OWNER #S(CLAMSARA::FINALIZER-OWNER-KEY)
                    :GENERATION 20
                    :INDEX -1)
                 #S(CLAMSARA::SEQUENTIAL-FINALIZER-TOKEN
                    :OWNER #S(CLAMSARA::FINALIZER-OWNER-KEY)
                    :GENERATION 21
                    :INDEX -1)
                 #S(CLAMSARA::SEQUENTIAL-FINALIZER-TOKEN
                    :OWNER #S(CLAMSARA::FINALIZER-OWNER-KEY)
                    :GENERATION 22
                    :INDEX -1)
                 #S(CLAMSARA::SEQUENTIAL-FINALIZER-TOKEN
                    :OWNER #S(CLAMSARA::FINALIZER-OWNER-KEY)
                    :GENERATION 23
                    :INDEX -1)
                 #S(CLAMSARA::SEQUENTIAL-FINALIZER-TOKEN
                    :OWNER #S(CLAMSARA::FINALIZER-OWNER-KEY)
                    :GENERATION 24
                    :INDEX -1)
                 #S(CLAMSARA::SEQUENTIAL-FINALIZER-TOKEN
                    :OWNER #S(CLAMSARA::FINALIZER-OWNER-KEY)
                    :GENERATION 25
                    :INDEX -1)
                 #S(CLAMSARA::SEQUENTIAL-FINALIZER-TOKEN
                    :OWNER #S(CLAMSARA::FINALIZER-OWNER-KEY)
                    :GENERATION 26
                    :INDEX -1)
                 #S(CLAMSARA::SEQUENTIAL-FINALIZER-TOKEN
                    :OWNER #S(CLAMSARA::FINALIZER-OWNER-KEY)
                    :GENERATION 27
                    :INDEX -1)
                 #S(CLAMSARA::SEQUENTIAL-FINALIZER-TOKEN
                    :OWNER #S(CLAMSARA::FINALIZER-OWNER-KEY)
                    :GENERATION 28
                    :INDEX -1)
                 #S(CLAMSARA::SEQUENTIAL-FINALIZER-TOKEN
                    :OWNER #S(CLAMSARA::FINALIZER-OWNER-KEY)
                    :GENERATION 29
                    :INDEX -1)
                 #S(CLAMSARA::SEQUENTIAL-FINALIZER-TOKEN
                    :OWNER #S(CLAMSARA::FINALIZER-OWNER-KEY)
                    :GENERATION 30
                    :INDEX -1)
                 #S(CLAMSARA::SEQUENTIAL-FINALIZER-TOKEN
                    :OWNER #S(CLAMSARA::FINALIZER-OWNER-KEY)
                    :GENERATION 31
                    :INDEX -1)
                 #S(CLAMSARA::SEQUENTIAL-FINALIZER-TOKEN
                    :OWNER #S(CLAMSARA::FINALIZER-OWNER-KEY)
                    :GENERATION 32
                    :INDEX -1)
                 #S(CLAMSARA::SEQUENTIAL-FINALIZER-TOKEN
                    :OWNER #S(CLAMSARA::FINALIZER-OWNER-KEY)
                    :GENERATION 33
                    :INDEX -1)
                 #S(CLAMSARA::SEQUENTIAL-FINALIZER-TOKEN
                    :OWNER #S(CLAMSARA::FINALIZER-OWNER-KEY)
                    :GENERATION 34
                    :INDEX -1)
                 #S(CLAMSARA::SEQUENTIAL-FINALIZER-TOKEN
                    :OWNER #S(CLAMSARA::FINALIZER-OWNER-KEY)
                    :GENERATION 35
                    :INDEX -1)
                 #S(CLAMSARA::SEQUENTIAL-FINALIZER-TOKEN
                    :OWNER #S(CLAMSARA::FINALIZER-OWNER-KEY)
                    :GENERATION 36
                    :INDEX -1)
                 #S(CLAMSARA::SEQUENTIAL-FINALIZER-TOKEN
                    :OWNER #S(CLAMSARA::FINALIZER-OWNER-KEY)
                    :GENERATION 37
                    :INDEX -1)
                 #S(CLAMSARA::SEQUENTIAL-FINALIZER-TOKEN
                    :OWNER #S(CLAMSARA::FINALIZER-OWNER-KEY)
                    :GENERATION 38
                    :INDEX -1)
                 #S(CLAMSARA::SEQUENTIAL-FINALIZER-TOKEN
                    :OWNER #S(CLAMSARA::FINALIZER-OWNER-KEY)
                    :GENERATION 39
                    :INDEX -1)
                 #S(CLAMSARA::SEQUENTIAL-FINALIZER-TOKEN
                    :OWNER #S(CLAMSARA::FINALIZER-OWNER-KEY)
                    :GENERATION 40
                    :INDEX -1)
                 #S(CLAMSARA::SEQUENTIAL-FINALIZER-TOKEN
                    :OWNER #S(CLAMSARA::FINALIZER-OWNER-KEY)
                    :GENERATION 41
                    :INDEX -1)
                 #S(CLAMSARA::SEQUENTIAL-FINALIZER-TOKEN
                    :OWNER #S(CLAMSARA::FINALIZER-OWNER-KEY)
                    :GENERATION 42
                    :INDEX -1)
                 #S(CLAMSARA::SEQUENTIAL-FINALIZER-TOKEN
                    :OWNER #S(CLAMSARA::FINALIZER-OWNER-KEY)
                    :GENERATION 43
                    :INDEX -1)
                 #S(CLAMSARA::SEQUENTIAL-FINALIZER-TOKEN
                    :OWNER #S(CLAMSARA::FINALIZER-OWNER-KEY)
                    :GENERATION 44
                    :INDEX -1)
                 #S(CLAMSARA::SEQUENTIAL-FINALIZER-TOKEN
                    :OWNER #S(CLAMSARA::FINALIZER-OWNER-KEY)
                    :GENERATION 45
                    :INDEX -1)
                 #S(CLAMSARA::SEQUENTIAL-FINALIZER-TOKEN
                    :OWNER #S(CLAMSARA::FINALIZER-OWNER-KEY)
                    :GENERATION 46
                    :INDEX -1)
                 #S(CLAMSARA::SEQUENTIAL-FINALIZER-TOKEN
                    :OWNER #S(CLAMSARA::FINALIZER-OWNER-KEY)
                    :GENERATION 47
                    :INDEX -1)
                 #S(CLAMSARA::SEQUENTIAL-FINALIZER-TOKEN
                    :OWNER #S(CLAMSARA::FINALIZER-OWNER-KEY)
                    :GENERATION 48
                    :INDEX -1)
                 #S(CLAMSARA::SEQUENTIAL-FINALIZER-TOKEN
                    :OWNER #S(CLAMSARA::FINALIZER-OWNER-KEY)
                    :GENERATION 49
                    :INDEX -1)
                 #S(CLAMSARA::SEQUENTIAL-FINALIZER-TOKEN
                    :OWNER #S(CLAMSARA::FINALIZER-OWNER-KEY)
                    :GENERATION 50
                    :INDEX -1)
                 #S(CLAMSARA::SEQUENTIAL-FINALIZER-TOKEN
                    :OWNER #S(CLAMSARA::FINALIZER-OWNER-KEY)
                    :GENERATION 51
                    :INDEX -1)
                 #S(CLAMSARA::SEQUENTIAL-FINALIZER-TOKEN
                    :OWNER #S(CLAMSARA::FINALIZER-OWNER-KEY)
                    :GENERATION 52
                    :INDEX -1)
                 #S(CLAMSARA::SEQUENTIAL-FINALIZER-TOKEN
                    :OWNER #S(CLAMSARA::FINALIZER-OWNER-KEY)
                    :GENERATION 53
                    :INDEX -1)
                 #S(CLAMSARA::SEQUENTIAL-FINALIZER-TOKEN
                    :OWNER #S(CLAMSARA::FINALIZER-OWNER-KEY)
                    :GENERATION 54
                    :INDEX -1)
                 #S(CLAMSARA::SEQUENTIAL-FINALIZER-TOKEN
                    :OWNER #S(CLAMSARA::FINALIZER-OWNER-KEY)
                    :GENERATION 55
                    :INDEX -1)
                 #S(CLAMSARA::SEQUENTIAL-FINALIZER-TOKEN
                    :OWNER #S(CLAMSARA::FINALIZER-OWNER-KEY)
                    :GENERATION 56
                    :INDEX -1)
                 #S(CLAMSARA::SEQUENTIAL-FINALIZER-TOKEN
                    :OWNER #S(CLAMSARA::FINALIZER-OWNER-KEY)
                    :GENERATION 57
                    :INDEX -1)
                 #S(CLAMSARA::SEQUENTIAL-FINALIZER-TOKEN
                    :OWNER #S(CLAMSARA::FINALIZER-OWNER-KEY)
                    :GENERATION 58
                    :INDEX -1)
                 #S(CLAMSARA::SEQUENTIAL-FINALIZER-TOKEN
                    :OWNER #S(CLAMSARA::FINALIZER-OWNER-KEY)
                    :GENERATION 59
                    :INDEX -1)
                 #S(CLAMSARA::SEQUENTIAL-FINALIZER-TOKEN
                    :OWNER #S(CLAMSARA::FINALIZER-OWNER-KEY)
                    :GENERATION 60
                    :INDEX -1)
                 #S(CLAMSARA::SEQUENTIAL-FINALIZER-TOKEN
                    :OWNER #S(CLAMSARA::FINALIZER-OWNER-KEY)
                    :GENERATION 61
                    :INDEX -1)
                 #S(CLAMSARA::SEQUENTIAL-FINALIZER-TOKEN
                    :OWNER #S(CLAMSARA::FINALIZER-OWNER-KEY)
                    :GENERATION 62
                    :INDEX -1)
                 #S(CLAMSARA::SEQUENTIAL-FINALIZER-TOKEN
                    :OWNER #S(CLAMSARA::FINALIZER-OWNER-KEY)
                    :GENERATION 63
                    :INDEX -1)
                 #S(CLAMSARA::SEQUENTIAL-FINALIZER-TOKEN
                    :OWNER #S(CLAMSARA::FINALIZER-OWNER-KEY)
                    :GENERATION 64
                    :INDEX -1))
       :PHYSICAL-BYTES 560
       :ENTRY-CAPACITY 68
       :AUXILIARY-BYTES 8112))

is not of type
  LIST"
           :PRESERVED-WORLDS 1)
ROW :BEGIN ((:ENDPOINT-HOLES :MARKSWEEP :SCALAR 8))
ROW :EXACT-ROW-ACCOUNT (:REQUIRED 68 :H 64 :RESERVED 0)
ROW :FAIL ((:ENDPOINT-HOLES :MARKSWEEP :SCALAR 8) :CONDITION "The value
  #(#S(CLAMSARA::%CAPACITY-ACCOUNT-ENTRY
       :IDENTITY :CONFIGURATION-AUXILIARY
       :REPRESENTATION :RUNTIME-OBJECT-VECTOR
       :PLACEMENT-IDENTITY NIL
       :ALLOCATION-CONTEXT :CONSTRUCTION-ONLY
       :EXHAUSTION-ACTION :REJECT-BEFORE-PUBLICATION
       :HANDLE #()
       :PHYSICAL-BYTES 16
       :ENTRY-CAPACITY 0
       :AUXILIARY-BYTES 258112)
    #S(CLAMSARA::%CAPACITY-ACCOUNT-ENTRY
       :IDENTITY #:RUNTIME-OBJECTS-1715
       :REPRESENTATION :RUNTIME-OBJECT-VECTOR
       :PLACEMENT-IDENTITY NIL
       :ALLOCATION-CONTEXT :CONSTRUCTION-ONLY
       :EXHAUSTION-ACTION :REJECT-BEFORE-PUBLICATION
       :HANDLE #(NIL NIL NIL NIL NIL NIL NIL NIL NIL NIL NIL NIL NIL NIL NIL
                 NIL NIL NIL NIL NIL NIL NIL NIL NIL NIL NIL NIL NIL NIL NIL
                 NIL NIL NIL NIL NIL NIL NIL NIL NIL NIL NIL NIL NIL NIL NIL
                 NIL NIL NIL NIL NIL NIL NIL NIL NIL NIL NIL NIL NIL NIL NIL
                 NIL NIL NIL NIL NIL NIL NIL NIL NIL NIL NIL NIL NIL NIL NIL
                 NIL NIL NIL NIL NIL NIL NIL NIL NIL NIL NIL NIL NIL NIL NIL
                 NIL NIL NIL NIL NIL NIL NIL NIL NIL NIL NIL NIL NIL NIL NIL
                 NIL NIL NIL NIL NIL NIL NIL NIL NIL NIL NIL NIL NIL NIL NIL
                 NIL NIL NIL NIL NIL NIL NIL NIL NIL NIL NIL NIL NIL NIL NIL
                 NIL NIL NIL NIL NIL NIL NIL NIL NIL NIL NIL NIL NIL NIL NIL
                 NIL NIL NIL NIL NIL NIL NIL NIL NIL NIL NIL NIL NIL NIL NIL
                 NIL NIL NIL NIL NIL NIL NIL NIL NIL NIL NIL NIL NIL NIL NIL
                 NIL NIL NIL NIL NIL NIL NIL NIL NIL NIL NIL NIL NIL NIL NIL
                 NIL NIL NIL NIL NIL NIL NIL NIL NIL NIL NIL NIL NIL NIL NIL
                 NIL NIL NIL NIL NIL NIL NIL NIL NIL NIL NIL NIL NIL NIL NIL
                 NIL NIL NIL NIL NIL NIL NIL NIL NIL NIL NIL NIL NIL NIL NIL
                 NIL NIL NIL NIL NIL NIL NIL NIL NIL NIL NIL NIL NIL NIL NIL
                 NIL NIL NIL NIL NIL NIL NIL NIL NIL NIL NIL NIL NIL NIL NIL
                 NIL NIL NIL NIL NIL NIL NIL NIL NIL NIL NIL NIL NIL NIL NIL
                 NIL NIL NIL NIL NIL NIL NIL NIL NIL NIL NIL NIL NIL NIL NIL
                 NIL NIL NIL NIL NIL NIL NIL NIL NIL NIL NIL NIL NIL NIL NIL
                 NIL NIL NIL NIL NIL NIL NIL NIL NIL NIL NIL NIL NIL NIL NIL
                 NIL NIL NIL NIL NIL NIL NIL NIL NIL NIL NIL NIL NIL NIL NIL
                 NIL NIL NIL NIL NIL NIL NIL NIL NIL NIL NIL NIL NIL NIL NIL
                 NIL NIL NIL NIL NIL NIL NIL NIL NIL NIL NIL NIL NIL NIL NIL
                 NIL NIL NIL NIL NIL NIL NIL NIL NIL NIL NIL NIL NIL NIL NIL
                 NIL NIL NIL NIL NIL NIL NIL NIL NIL NIL NIL NIL NIL NIL NIL
                 NIL NIL NIL NIL NIL NIL NIL NIL NIL NIL NIL NIL NIL NIL NIL
                 NIL NIL NIL NIL NIL NIL NIL NIL NIL NIL NIL NIL NIL NIL NIL
                 NIL NIL NIL NIL NIL NIL NIL NIL NIL NIL NIL NIL NIL NIL NIL
                 NIL NIL NIL NIL NIL NIL NIL NIL NIL NIL NIL NIL NIL NIL NIL
                 NIL NIL NIL NIL NIL NIL NIL NIL NIL NIL NIL NIL NIL NIL NIL
                 NIL NIL NIL NIL NIL NIL NIL NIL NIL NIL NIL NIL NIL NIL NIL
                 NIL NIL NIL NIL NIL NIL NIL NIL NIL NIL NIL NIL NIL NIL NIL
                 NIL NIL NIL NIL NIL NIL NIL NIL NIL NIL NIL NIL NIL NIL NIL
                 NIL NIL NIL NIL NIL NIL NIL NIL NIL NIL NIL NIL NIL NIL NIL
                 NIL NIL NIL NIL NIL NIL NIL NIL NIL NIL NIL NIL NIL NIL NIL
                 NIL NIL NIL NIL NIL NIL NIL NIL NIL NIL NIL NIL NIL NIL NIL
                 NIL NIL NIL NIL NIL NIL NIL NIL NIL NIL NIL NIL NIL NIL NIL
                 NIL NIL NIL NIL NIL NIL NIL NIL NIL NIL NIL NIL NIL NIL NIL
                 NIL NIL NIL NIL NIL NIL NIL NIL NIL NIL NIL NIL NIL NIL NIL
                 NIL NIL NIL NIL NIL NIL NIL NIL NIL NIL NIL NIL NIL NIL NIL
                 NIL NIL NIL NIL NIL NIL NIL NIL NIL NIL NIL NIL NIL NIL NIL
                 NIL NIL NIL NIL NIL NIL NIL NIL NIL NIL NIL NIL NIL NIL NIL
                 NIL NIL NIL NIL NIL NIL NIL NIL NIL NIL NIL NIL NIL NIL NIL
                 NIL NIL NIL NIL NIL NIL NIL NIL NIL NIL NIL NIL NIL NIL NIL
                 NIL NIL NIL NIL NIL NIL NIL NIL NIL NIL NIL NIL NIL NIL NIL
                 NIL NIL NIL NIL NIL NIL NIL NIL NIL NIL NIL NIL NIL NIL NIL
                 NIL NIL NIL NIL NIL NIL NIL NIL NIL NIL NIL NIL NIL NIL NIL
                 NIL NIL NIL NIL NIL NIL NIL NIL NIL NIL NIL NIL NIL NIL NIL
                 NIL NIL NIL NIL NIL NIL NIL NIL NIL NIL NIL NIL NIL NIL NIL
                 NIL NIL NIL NIL NIL NIL NIL NIL NIL NIL NIL NIL NIL NIL NIL
                 NIL NIL NIL NIL NIL NIL NIL NIL NIL NIL NIL NIL NIL NIL NIL
                 NIL NIL NIL NIL NIL NIL NIL NIL NIL NIL NIL NIL NIL NIL NIL
                 NIL NIL NIL NIL NIL NIL NIL NIL NIL NIL NIL NIL NIL NIL NIL
                 NIL NIL NIL NIL NIL NIL NIL NIL NIL NIL NIL NIL NIL NIL NIL
                 NIL NIL NIL NIL NIL NIL NIL NIL NIL NIL NIL NIL NIL NIL NIL
                 NIL NIL NIL NIL NIL NIL NIL NIL NIL NIL NIL NIL NIL NIL NIL
                 NIL NIL NIL NIL NIL NIL NIL NIL NIL NIL NIL NIL NIL NIL NIL
                 NIL NIL NIL NIL NIL NIL NIL NIL NIL NIL NIL NIL NIL NIL NIL
                 NIL NIL NIL NIL NIL NIL NIL NIL NIL NIL NIL NIL NIL NIL NIL
                 NIL NIL NIL NIL NIL NIL NIL NIL NIL NIL NIL NIL NIL NIL NIL
                 NIL NIL NIL NIL NIL NIL NIL NIL NIL NIL NIL NIL NIL NIL NIL
                 NIL NIL NIL NIL NIL NIL NIL NIL NIL NIL NIL NIL NIL NIL NIL
                 NIL NIL NIL NIL NIL NIL NIL NIL NIL NIL NIL NIL NIL NIL NIL
                 NIL NIL NIL NIL NIL NIL NIL NIL NIL NIL NIL NIL NIL NIL NIL
                 NIL NIL NIL NIL NIL NIL NIL NIL NIL NIL NIL NIL NIL NIL NIL
                 NIL NIL NIL NIL NIL NIL NIL NIL NIL NIL NIL NIL NIL NIL NIL
                 NIL NIL NIL NIL NIL NIL NIL NIL NIL NIL NIL NIL NIL NIL NIL
                 NIL NIL NIL NIL NIL NIL NIL NIL NIL NIL NIL NIL NIL NIL NIL
                 NIL NIL NIL NIL NIL NIL NIL NIL NIL NIL NIL NIL NIL NIL NIL
                 NIL NIL NIL NIL NIL NIL NIL NIL NIL NIL NIL NIL NIL NIL NIL
                 NIL NIL NIL NIL NIL NIL NIL NIL NIL NIL NIL NIL NIL NIL NIL
                 NIL NIL NIL NIL NIL NIL NIL NIL NIL NIL NIL NIL NIL NIL NIL
                 NIL NIL NIL NIL NIL NIL NIL NIL NIL NIL NIL NIL NIL NIL NIL
                 NIL NIL NIL NIL NIL NIL NIL NIL NIL NIL NIL NIL NIL NIL NIL
                 NIL NIL NIL NIL NIL NIL NIL NIL NIL NIL NIL NIL NIL NIL NIL
                 NIL NIL NIL NIL NIL NIL NIL NIL NIL NIL NIL NIL NIL NIL NIL
                 NIL NIL NIL NIL NIL NIL NIL NIL NIL NIL NIL NIL NIL NIL NIL
                 NIL NIL NIL NIL NIL NIL NIL NIL NIL NIL NIL NIL NIL NIL NIL
                 NIL NIL NIL NIL NIL NIL NIL NIL NIL NIL NIL NIL NIL NIL NIL
                 NIL NIL NIL NIL NIL NIL NIL NIL NIL NIL NIL NIL NIL NIL NIL
                 NIL NIL NIL NIL NIL NIL NIL NIL NIL NIL NIL NIL NIL NIL NIL
                 NIL NIL NIL NIL NIL NIL NIL NIL NIL NIL NIL NIL NIL NIL NIL
                 NIL NIL NIL NIL NIL NIL NIL NIL NIL NIL NIL NIL NIL NIL NIL
                 NIL NIL NIL NIL NIL NIL NIL NIL NIL NIL NIL NIL NIL NIL NIL
                 NIL NIL NIL NIL NIL NIL NIL NIL NIL NIL NIL NIL NIL NIL NIL
                 NIL NIL NIL NIL NIL NIL NIL NIL NIL NIL NIL NIL NIL NIL NIL
                 NIL NIL NIL NIL NIL NIL NIL NIL NIL NIL NIL NIL NIL NIL NIL
                 NIL NIL NIL NIL NIL NIL NIL NIL NIL NIL NIL NIL NIL NIL NIL
                 NIL NIL NIL NIL NIL NIL NIL NIL NIL NIL NIL NIL NIL NIL NIL
                 NIL NIL NIL NIL NIL NIL NIL NIL NIL NIL NIL NIL NIL NIL NIL
                 NIL NIL NIL NIL NIL NIL NIL NIL NIL NIL NIL NIL NIL NIL NIL
                 NIL NIL NIL NIL NIL NIL NIL NIL NIL NIL NIL NIL NIL NIL NIL
                 NIL NIL NIL NIL NIL NIL NIL NIL NIL NIL NIL NIL NIL NIL NIL
                 NIL NIL NIL NIL NIL NIL NIL NIL NIL NIL NIL NIL NIL NIL NIL
                 NIL NIL NIL NIL NIL NIL NIL NIL NIL NIL NIL NIL NIL NIL NIL
                 NIL NIL NIL NIL NIL NIL NIL NIL NIL NIL NIL NIL NIL NIL NIL
                 NIL NIL NIL NIL NIL NIL NIL NIL NIL NIL NIL NIL NIL NIL NIL
                 NIL NIL NIL NIL NIL NIL NIL NIL NIL NIL NIL NIL NIL NIL NIL
                 NIL NIL NIL NIL NIL NIL NIL NIL NIL NIL NIL NIL NIL NIL NIL
                 NIL NIL NIL NIL NIL NIL NIL NIL NIL NIL NIL NIL NIL NIL NIL
                 NIL NIL NIL NIL NIL NIL NIL NIL NIL NIL NIL NIL NIL NIL NIL
                 NIL NIL NIL NIL NIL NIL NIL NIL NIL NIL NIL)
       :PHYSICAL-BYTES 12464
       :ENTRY-CAPACITY 1556
       :AUXILIARY-BYTES 19568)
    #S(CLAMSARA::%CAPACITY-ACCOUNT-ENTRY
       :IDENTITY #:RUNTIME-INDICES-1716
       :REPRESENTATION :RUNTIME-INDEX-VECTOR
       :PLACEMENT-IDENTITY NIL
       :ALLOCATION-CONTEXT :CONSTRUCTION-ONLY
       :EXHAUSTION-ACTION :REJECT-BEFORE-PUBLICATION
       :HANDLE #(0 0 0 0 0 0)
       :PHYSICAL-BYTES 64
       :ENTRY-CAPACITY 6
       :AUXILIARY-BYTES 480)
    #S(CLAMSARA::%CAPACITY-ACCOUNT-ENTRY
       :IDENTITY #:RUNTIME-SPACE-STATE-1713
       :REPRESENTATION :RUNTIME-OBJECT-VECTOR
       :PLACEMENT-IDENTITY NIL
       :ALLOCATION-CONTEXT :CONSTRUCTION-ONLY
       :EXHAUSTION-ACTION :REJECT-BEFORE-PUBLICATION
       :HANDLE #()
       :PHYSICAL-BYTES 16
       :ENTRY-CAPACITY 0
       :AUXILIARY-BYTES 1296)
    #S(CLAMSARA::%CAPACITY-ACCOUNT-ENTRY
       :IDENTITY #:MARKSWEEP-FREE-1714
       :REPRESENTATION :RUNTIME-INDEX-VECTOR
       :PLACEMENT-IDENTITY NIL
       :ALLOCATION-CONTEXT :CONSTRUCTION-ONLY
       :EXHAUSTION-ACTION :REJECT-BEFORE-PUBLICATION
       :HANDLE #(4096 0 0 0 0 0 0 0 0 0 0 0 0 0 0 0 0 0 0 0 0 0 0 0 0 0 0 0 0 0
                 0 0 0 0 0 0 0 0 0 0 0 0 0 0 0 0 0 0 0 0 0 0 0 0 0 0 0 0 0 0 0
                 0 0 0 4608 0 0 0 0 0 0 0 0 0 0 0 0 0 0 0 0 0 0 0 0 0 0 0 0 0 0
                 0 0 0 0 0 0 0 0 0 0 0 0 0 0 0 0 0 0 0 0 0 0 0 0 0 0 0 0 0 0 0
                 0 0 0 0 0 0 0 0 0 0 0 0 0 0 0 0 0 0 0 0 0 0 0 0 0 0 0 0 0 0 0
                 0 0 0 0 0 0 0 0 0 0 0 0 0 0 0 0 0 0 0 0 0 0 0 0 0 0 0 0 0 0 0
                 0 0 0 0 0 0 0 0 0 0 0 0 0 0 0 0 0 0 0 0 0 0 0 0 0 0 0 0 0 0 0
                 0 0 0 0 0 0 0 0 0 0 0 0 0 0 0 0 0 0 0 0 0 0 0 0 0 0 0 0 0 0 0
                 0 0 0 0 0 0 0 0 0 0)
       :PHYSICAL-BYTES 2064
       :ENTRY-CAPACITY 256
       :AUXILIARY-BYTES 1488)
    #S(CLAMSARA::%CAPACITY-ACCOUNT-ENTRY
       :IDENTITY #<CLAMSARA:SCALAR-OBJECT-START-MARKS {12029BAF73}>
       :REPRESENTATION :SCALAR-BIT-VECTOR
       :PLACEMENT-IDENTITY NIL
       :ALLOCATION-CONTEXT :CONSTRUCTION
       :EXHAUSTION-ACTION :REJECT
       :HANDLE #(0 0 0 0 0 0 0 0 0 0 0 0 0 0 0 0 0 0 0 0 0 0 0 0 0 0 0 0 0 0 0
                 0 0 0 0 0 0 0 0 0 0 0 0 0 0 0 0 0 0 0 0 0 0 0 0 0 0 0 0 0 0 0
                 0 0)
       :PHYSICAL-BYTES 528
       :ENTRY-CAPACITY 64
       :AUXILIARY-BYTES 144)
    #S(CLAMSARA::%CAPACITY-ACCOUNT-ENTRY
       :IDENTITY #<CLAMSARA:SIDE-MARKS {12029BB033}>
       :REPRESENTATION :PACKED-BIT-VECTOR
       :PLACEMENT-IDENTITY NIL
       :ALLOCATION-CONTEXT :CONSTRUCTION
       :EXHAUSTION-ACTION :REJECT
       :HANDLE #*00000000000000000000000000000000
       :PHYSICAL-BYTES 32
       :ENTRY-CAPACITY 32
       :AUXILIARY-BYTES 144)
    #S(CLAMSARA::%CAPACITY-ACCOUNT-ENTRY
       :IDENTITY #:FINALIZER-OBJECTS-1710
       :REPRESENTATION :RUNTIME-OBJECT-VECTOR
       :PLACEMENT-IDENTITY NIL
       :ALLOCATION-CONTEXT :CONSTRUCTION-ONLY
       :EXHAUSTION-ACTION :REJECT-BEFORE-PUBLICATION
       :HANDLE #(NIL NIL NIL NIL NIL NIL NIL NIL NIL NIL NIL NIL NIL NIL NIL
                 NIL :FREE :FREE :FREE :FREE)
       :PHYSICAL-BYTES 176
       :ENTRY-CAPACITY 20
       :AUXILIARY-BYTES 3008)
    #S(CLAMSARA::%CAPACITY-ACCOUNT-ENTRY
       :IDENTITY #:FINALIZER-INDICES-1711
       :REPRESENTATION :RUNTIME-INDEX-VECTOR
       :PLACEMENT-IDENTITY NIL
       :ALLOCATION-CONTEXT :CONSTRUCTION-ONLY
       :EXHAUSTION-ACTION :REJECT-BEFORE-PUBLICATION
       :HANDLE #(NIL NIL NIL NIL 0 0 0 0
                 #S(CLAMSARA::SEQUENTIAL-FINALIZER-TOKEN
                    :OWNER #S(CLAMSARA::FINALIZER-OWNER-KEY)
                    :GENERATION 1
                    :INDEX -1)
                 #S(CLAMSARA::SEQUENTIAL-FINALIZER-TOKEN
                    :OWNER #S(CLAMSARA::FINALIZER-OWNER-KEY)
                    :GENERATION 2
                    :INDEX -1)
                 #S(CLAMSARA::SEQUENTIAL-FINALIZER-TOKEN
                    :OWNER #S(CLAMSARA::FINALIZER-OWNER-KEY)
                    :GENERATION 3
                    :INDEX -1)
                 #S(CLAMSARA::SEQUENTIAL-FINALIZER-TOKEN
                    :OWNER #S(CLAMSARA::FINALIZER-OWNER-KEY)
                    :GENERATION 4
                    :INDEX -1)
                 #S(CLAMSARA::SEQUENTIAL-FINALIZER-TOKEN
                    :OWNER #S(CLAMSARA::FINALIZER-OWNER-KEY)
                    :GENERATION 5
                    :INDEX -1)
                 #S(CLAMSARA::SEQUENTIAL-FINALIZER-TOKEN
                    :OWNER #S(CLAMSARA::FINALIZER-OWNER-KEY)
                    :GENERATION 6
                    :INDEX -1)
                 #S(CLAMSARA::SEQUENTIAL-FINALIZER-TOKEN
                    :OWNER #S(CLAMSARA::FINALIZER-OWNER-KEY)
                    :GENERATION 7
                    :INDEX -1)
                 #S(CLAMSARA::SEQUENTIAL-FINALIZER-TOKEN
                    :OWNER #S(CLAMSARA::FINALIZER-OWNER-KEY)
                    :GENERATION 8
                    :INDEX -1)
                 #S(CLAMSARA::SEQUENTIAL-FINALIZER-TOKEN
                    :OWNER #S(CLAMSARA::FINALIZER-OWNER-KEY)
                    :GENERATION 9
                    :INDEX -1)
                 #S(CLAMSARA::SEQUENTIAL-FINALIZER-TOKEN
                    :OWNER #S(CLAMSARA::FINALIZER-OWNER-KEY)
                    :GENERATION 10
                    :INDEX -1)
                 #S(CLAMSARA::SEQUENTIAL-FINALIZER-TOKEN
                    :OWNER #S(CLAMSARA::FINALIZER-OWNER-KEY)
                    :GENERATION 11
                    :INDEX -1)
                 #S(CLAMSARA::SEQUENTIAL-FINALIZER-TOKEN
                    :OWNER #S(CLAMSARA::FINALIZER-OWNER-KEY)
                    :GENERATION 12
                    :INDEX -1)
                 #S(CLAMSARA::SEQUENTIAL-FINALIZER-TOKEN
                    :OWNER #S(CLAMSARA::FINALIZER-OWNER-KEY)
                    :GENERATION 13
                    :INDEX -1)
                 #S(CLAMSARA::SEQUENTIAL-FINALIZER-TOKEN
                    :OWNER #S(CLAMSARA::FINALIZER-OWNER-KEY)
                    :GENERATION 14
                    :INDEX -1)
                 #S(CLAMSARA::SEQUENTIAL-FINALIZER-TOKEN
                    :OWNER #S(CLAMSARA::FINALIZER-OWNER-KEY)
                    :GENERATION 15
                    :INDEX -1)
                 #S(CLAMSARA::SEQUENTIAL-FINALIZER-TOKEN
                    :OWNER #S(CLAMSARA::FINALIZER-OWNER-KEY)
                    :GENERATION 16
                    :INDEX -1)
                 #S(CLAMSARA::SEQUENTIAL-FINALIZER-TOKEN
                    :OWNER #S(CLAMSARA::FINALIZER-OWNER-KEY)
                    :GENERATION 17
                    :INDEX -1)
                 #S(CLAMSARA::SEQUENTIAL-FINALIZER-TOKEN
                    :OWNER #S(CLAMSARA::FINALIZER-OWNER-KEY)
                    :GENERATION 18
                    :INDEX -1)
                 #S(CLAMSARA::SEQUENTIAL-FINALIZER-TOKEN
                    :OWNER #S(CLAMSARA::FINALIZER-OWNER-KEY)
                    :GENERATION 19
                    :INDEX -1)
                 #S(CLAMSARA::SEQUENTIAL-FINALIZER-TOKEN
                    :OWNER #S(CLAMSARA::FINALIZER-OWNER-KEY)
                    :GENERATION 20
                    :INDEX -1)
                 #S(CLAMSARA::SEQUENTIAL-FINALIZER-TOKEN
                    :OWNER #S(CLAMSARA::FINALIZER-OWNER-KEY)
                    :GENERATION 21
                    :INDEX -1)
                 #S(CLAMSARA::SEQUENTIAL-FINALIZER-TOKEN
                    :OWNER #S(CLAMSARA::FINALIZER-OWNER-KEY)
                    :GENERATION 22
                    :INDEX -1)
                 #S(CLAMSARA::SEQUENTIAL-FINALIZER-TOKEN
                    :OWNER #S(CLAMSARA::FINALIZER-OWNER-KEY)
                    :GENERATION 23
                    :INDEX -1)
                 #S(CLAMSARA::SEQUENTIAL-FINALIZER-TOKEN
                    :OWNER #S(CLAMSARA::FINALIZER-OWNER-KEY)
                    :GENERATION 24
                    :INDEX -1)
                 #S(CLAMSARA::SEQUENTIAL-FINALIZER-TOKEN
                    :OWNER #S(CLAMSARA::FINALIZER-OWNER-KEY)
                    :GENERATION 25
                    :INDEX -1)
                 #S(CLAMSARA::SEQUENTIAL-FINALIZER-TOKEN
                    :OWNER #S(CLAMSARA::FINALIZER-OWNER-KEY)
                    :GENERATION 26
                    :INDEX -1)
                 #S(CLAMSARA::SEQUENTIAL-FINALIZER-TOKEN
                    :OWNER #S(CLAMSARA::FINALIZER-OWNER-KEY)
                    :GENERATION 27
                    :INDEX -1)
                 #S(CLAMSARA::SEQUENTIAL-FINALIZER-TOKEN
                    :OWNER #S(CLAMSARA::FINALIZER-OWNER-KEY)
                    :GENERATION 28
                    :INDEX -1)
                 #S(CLAMSARA::SEQUENTIAL-FINALIZER-TOKEN
                    :OWNER #S(CLAMSARA::FINALIZER-OWNER-KEY)
                    :GENERATION 29
                    :INDEX -1)
                 #S(CLAMSARA::SEQUENTIAL-FINALIZER-TOKEN
                    :OWNER #S(CLAMSARA::FINALIZER-OWNER-KEY)
                    :GENERATION 30
                    :INDEX -1)
                 #S(CLAMSARA::SEQUENTIAL-FINALIZER-TOKEN
                    :OWNER #S(CLAMSARA::FINALIZER-OWNER-KEY)
                    :GENERATION 31
                    :INDEX -1)
                 #S(CLAMSARA::SEQUENTIAL-FINALIZER-TOKEN
                    :OWNER #S(CLAMSARA::FINALIZER-OWNER-KEY)
                    :GENERATION 32
                    :INDEX -1)
                 #S(CLAMSARA::SEQUENTIAL-FINALIZER-TOKEN
                    :OWNER #S(CLAMSARA::FINALIZER-OWNER-KEY)
                    :GENERATION 33
                    :INDEX -1)
                 #S(CLAMSARA::SEQUENTIAL-FINALIZER-TOKEN
                    :OWNER #S(CLAMSARA::FINALIZER-OWNER-KEY)
                    :GENERATION 34
                    :INDEX -1)
                 #S(CLAMSARA::SEQUENTIAL-FINALIZER-TOKEN
                    :OWNER #S(CLAMSARA::FINALIZER-OWNER-KEY)
                    :GENERATION 35
                    :INDEX -1)
                 #S(CLAMSARA::SEQUENTIAL-FINALIZER-TOKEN
                    :OWNER #S(CLAMSARA::FINALIZER-OWNER-KEY)
                    :GENERATION 36
                    :INDEX -1)
                 #S(CLAMSARA::SEQUENTIAL-FINALIZER-TOKEN
                    :OWNER #S(CLAMSARA::FINALIZER-OWNER-KEY)
                    :GENERATION 37
                    :INDEX -1)
                 #S(CLAMSARA::SEQUENTIAL-FINALIZER-TOKEN
                    :OWNER #S(CLAMSARA::FINALIZER-OWNER-KEY)
                    :GENERATION 38
                    :INDEX -1)
                 #S(CLAMSARA::SEQUENTIAL-FINALIZER-TOKEN
                    :OWNER #S(CLAMSARA::FINALIZER-OWNER-KEY)
                    :GENERATION 39
                    :INDEX -1)
                 #S(CLAMSARA::SEQUENTIAL-FINALIZER-TOKEN
                    :OWNER #S(CLAMSARA::FINALIZER-OWNER-KEY)
                    :GENERATION 40
                    :INDEX -1)
                 #S(CLAMSARA::SEQUENTIAL-FINALIZER-TOKEN
                    :OWNER #S(CLAMSARA::FINALIZER-OWNER-KEY)
                    :GENERATION 41
                    :INDEX -1)
                 #S(CLAMSARA::SEQUENTIAL-FINALIZER-TOKEN
                    :OWNER #S(CLAMSARA::FINALIZER-OWNER-KEY)
                    :GENERATION 42
                    :INDEX -1)
                 #S(CLAMSARA::SEQUENTIAL-FINALIZER-TOKEN
                    :OWNER #S(CLAMSARA::FINALIZER-OWNER-KEY)
                    :GENERATION 43
                    :INDEX -1)
                 #S(CLAMSARA::SEQUENTIAL-FINALIZER-TOKEN
                    :OWNER #S(CLAMSARA::FINALIZER-OWNER-KEY)
                    :GENERATION 44
                    :INDEX -1)
                 #S(CLAMSARA::SEQUENTIAL-FINALIZER-TOKEN
                    :OWNER #S(CLAMSARA::FINALIZER-OWNER-KEY)
                    :GENERATION 45
                    :INDEX -1)
                 #S(CLAMSARA::SEQUENTIAL-FINALIZER-TOKEN
                    :OWNER #S(CLAMSARA::FINALIZER-OWNER-KEY)
                    :GENERATION 46
                    :INDEX -1)
                 #S(CLAMSARA::SEQUENTIAL-FINALIZER-TOKEN
                    :OWNER #S(CLAMSARA::FINALIZER-OWNER-KEY)
                    :GENERATION 47
                    :INDEX -1)
                 #S(CLAMSARA::SEQUENTIAL-FINALIZER-TOKEN
                    :OWNER #S(CLAMSARA::FINALIZER-OWNER-KEY)
                    :GENERATION 48
                    :INDEX -1)
                 #S(CLAMSARA::SEQUENTIAL-FINALIZER-TOKEN
                    :OWNER #S(CLAMSARA::FINALIZER-OWNER-KEY)
                    :GENERATION 49
                    :INDEX -1)
                 #S(CLAMSARA::SEQUENTIAL-FINALIZER-TOKEN
                    :OWNER #S(CLAMSARA::FINALIZER-OWNER-KEY)
                    :GENERATION 50
                    :INDEX -1)
                 #S(CLAMSARA::SEQUENTIAL-FINALIZER-TOKEN
                    :OWNER #S(CLAMSARA::FINALIZER-OWNER-KEY)
                    :GENERATION 51
                    :INDEX -1)
                 #S(CLAMSARA::SEQUENTIAL-FINALIZER-TOKEN
                    :OWNER #S(CLAMSARA::FINALIZER-OWNER-KEY)
                    :GENERATION 52
                    :INDEX -1)
                 #S(CLAMSARA::SEQUENTIAL-FINALIZER-TOKEN
                    :OWNER #S(CLAMSARA::FINALIZER-OWNER-KEY)
                    :GENERATION 53
                    :INDEX -1)
                 #S(CLAMSARA::SEQUENTIAL-FINALIZER-TOKEN
                    :OWNER #S(CLAMSARA::FINALIZER-OWNER-KEY)
                    :GENERATION 54
                    :INDEX -1)
                 #S(CLAMSARA::SEQUENTIAL-FINALIZER-TOKEN
                    :OWNER #S(CLAMSARA::FINALIZER-OWNER-KEY)
                    :GENERATION 55
                    :INDEX -1)
                 #S(CLAMSARA::SEQUENTIAL-FINALIZER-TOKEN
                    :OWNER #S(CLAMSARA::FINALIZER-OWNER-KEY)
                    :GENERATION 56
                    :INDEX -1)
                 #S(CLAMSARA::SEQUENTIAL-FINALIZER-TOKEN
                    :OWNER #S(CLAMSARA::FINALIZER-OWNER-KEY)
                    :GENERATION 57
                    :INDEX -1)
                 #S(CLAMSARA::SEQUENTIAL-FINALIZER-TOKEN
                    :OWNER #S(CLAMSARA::FINALIZER-OWNER-KEY)
                    :GENERATION 58
                    :INDEX -1)
                 #S(CLAMSARA::SEQUENTIAL-FINALIZER-TOKEN
                    :OWNER #S(CLAMSARA::FINALIZER-OWNER-KEY)
                    :GENERATION 59
                    :INDEX -1)
                 #S(CLAMSARA::SEQUENTIAL-FINALIZER-TOKEN
                    :OWNER #S(CLAMSARA::FINALIZER-OWNER-KEY)
                    :GENERATION 60
                    :INDEX -1)
                 #S(CLAMSARA::SEQUENTIAL-FINALIZER-TOKEN
                    :OWNER #S(CLAMSARA::FINALIZER-OWNER-KEY)
                    :GENERATION 61
                    :INDEX -1)
                 #S(CLAMSARA::SEQUENTIAL-FINALIZER-TOKEN
                    :OWNER #S(CLAMSARA::FINALIZER-OWNER-KEY)
                    :GENERATION 62
                    :INDEX -1)
                 #S(CLAMSARA::SEQUENTIAL-FINALIZER-TOKEN
                    :OWNER #S(CLAMSARA::FINALIZER-OWNER-KEY)
                    :GENERATION 63
                    :INDEX -1)
                 #S(CLAMSARA::SEQUENTIAL-FINALIZER-TOKEN
                    :OWNER #S(CLAMSARA::FINALIZER-OWNER-KEY)
                    :GENERATION 64
                    :INDEX -1))
       :PHYSICAL-BYTES 592
       :ENTRY-CAPACITY 72
       :AUXILIARY-BYTES 8112))

is not of type
  LIST"
           :PRESERVED-WORLDS 1)
ROW :BEGIN ((:ENDPOINT-HOLES :MARKSWEEP :SCALAR 16))
ROW :EXACT-ROW-ACCOUNT (:REQUIRED 36 :H 32 :RESERVED 0)
ROW :FAIL ((:ENDPOINT-HOLES :MARKSWEEP :SCALAR 16) :CONDITION "The value
  #(#S(CLAMSARA::%CAPACITY-ACCOUNT-ENTRY
       :IDENTITY :CONFIGURATION-AUXILIARY
       :REPRESENTATION :RUNTIME-OBJECT-VECTOR
       :PLACEMENT-IDENTITY NIL
       :ALLOCATION-CONTEXT :CONSTRUCTION-ONLY
       :EXHAUSTION-ACTION :REJECT-BEFORE-PUBLICATION
       :HANDLE #()
       :PHYSICAL-BYTES 16
       :ENTRY-CAPACITY 0
       :AUXILIARY-BYTES 251712)
    #S(CLAMSARA::%CAPACITY-ACCOUNT-ENTRY
       :IDENTITY #:RUNTIME-OBJECTS-1722
       :REPRESENTATION :RUNTIME-OBJECT-VECTOR
       :PLACEMENT-IDENTITY NIL
       :ALLOCATION-CONTEXT :CONSTRUCTION-ONLY
       :EXHAUSTION-ACTION :REJECT-BEFORE-PUBLICATION
       :HANDLE #(NIL NIL NIL NIL NIL NIL NIL NIL NIL NIL NIL NIL NIL NIL NIL
                 NIL NIL NIL NIL NIL NIL NIL NIL NIL NIL NIL NIL NIL NIL NIL
                 NIL NIL NIL NIL NIL NIL NIL NIL NIL NIL NIL NIL NIL NIL NIL
                 NIL NIL NIL NIL NIL NIL NIL NIL NIL NIL NIL NIL NIL NIL NIL
                 NIL NIL NIL NIL NIL NIL NIL NIL NIL NIL NIL NIL NIL NIL NIL
                 NIL NIL NIL NIL NIL NIL NIL NIL NIL NIL NIL NIL NIL NIL NIL
                 NIL NIL NIL NIL NIL NIL NIL NIL NIL NIL NIL NIL NIL NIL NIL
                 NIL NIL NIL NIL NIL NIL NIL NIL NIL NIL NIL NIL NIL NIL NIL
                 NIL NIL NIL NIL NIL NIL NIL NIL NIL NIL NIL NIL NIL NIL NIL
                 NIL NIL NIL NIL NIL NIL NIL NIL NIL NIL NIL NIL NIL NIL NIL
                 NIL NIL NIL NIL NIL NIL NIL NIL NIL NIL NIL NIL NIL NIL NIL
                 NIL NIL NIL NIL NIL NIL NIL NIL NIL NIL NIL NIL NIL NIL NIL
                 NIL NIL NIL NIL NIL NIL NIL NIL NIL NIL NIL NIL NIL NIL NIL
                 NIL NIL NIL NIL NIL NIL NIL NIL NIL NIL NIL NIL NIL NIL NIL
                 NIL NIL NIL NIL NIL NIL NIL NIL NIL NIL NIL NIL NIL NIL NIL
                 NIL NIL NIL NIL NIL NIL NIL NIL NIL NIL NIL NIL NIL NIL NIL
                 NIL NIL NIL NIL NIL NIL NIL NIL NIL NIL NIL NIL NIL NIL NIL
                 NIL NIL NIL NIL NIL NIL NIL NIL NIL NIL NIL NIL NIL NIL NIL
                 NIL NIL NIL NIL NIL NIL NIL NIL NIL NIL NIL NIL NIL NIL NIL
                 NIL NIL NIL NIL NIL NIL NIL NIL NIL NIL NIL NIL NIL NIL NIL
                 NIL NIL NIL NIL NIL NIL NIL NIL NIL NIL NIL NIL NIL NIL NIL
                 NIL NIL NIL NIL NIL NIL NIL NIL NIL NIL NIL NIL NIL NIL NIL
                 NIL NIL NIL NIL NIL NIL NIL NIL NIL NIL NIL NIL NIL NIL NIL
                 NIL NIL NIL NIL NIL NIL NIL NIL NIL NIL NIL NIL NIL NIL NIL
                 NIL NIL NIL NIL NIL NIL NIL NIL NIL NIL NIL NIL NIL NIL NIL
                 NIL NIL NIL NIL NIL NIL NIL NIL NIL NIL NIL NIL NIL NIL NIL
                 NIL NIL NIL NIL NIL NIL NIL NIL NIL NIL NIL NIL NIL NIL NIL
                 NIL NIL NIL NIL NIL NIL NIL NIL NIL NIL NIL NIL NIL NIL NIL
                 NIL NIL NIL NIL NIL NIL NIL NIL NIL NIL NIL NIL NIL NIL NIL
                 NIL NIL NIL NIL NIL NIL NIL NIL NIL NIL NIL NIL NIL NIL NIL
                 NIL NIL NIL NIL NIL NIL NIL NIL NIL NIL NIL NIL NIL NIL NIL
                 NIL NIL NIL NIL NIL NIL NIL NIL NIL NIL NIL NIL NIL NIL NIL
                 NIL NIL NIL NIL NIL NIL NIL NIL NIL NIL NIL NIL NIL NIL NIL
                 NIL NIL NIL NIL NIL NIL NIL NIL NIL NIL NIL NIL NIL NIL NIL
                 NIL NIL NIL NIL NIL NIL NIL NIL NIL NIL NIL NIL NIL NIL NIL
                 NIL NIL NIL NIL NIL NIL NIL NIL NIL NIL NIL NIL NIL NIL NIL
                 NIL NIL NIL NIL NIL NIL NIL NIL NIL NIL NIL NIL NIL NIL NIL
                 NIL NIL NIL NIL NIL NIL NIL NIL NIL NIL NIL NIL NIL NIL NIL
                 NIL NIL NIL NIL NIL NIL NIL NIL NIL NIL NIL NIL NIL NIL NIL
                 NIL NIL NIL NIL NIL NIL NIL NIL NIL NIL NIL NIL NIL NIL NIL
                 NIL NIL NIL NIL NIL NIL NIL NIL NIL NIL NIL NIL NIL NIL NIL
                 NIL NIL NIL NIL NIL NIL NIL NIL NIL NIL NIL NIL NIL NIL NIL
                 NIL NIL NIL NIL NIL NIL NIL NIL NIL NIL NIL NIL NIL NIL NIL
                 NIL NIL NIL NIL NIL NIL NIL NIL NIL NIL NIL NIL NIL NIL NIL
                 NIL NIL NIL NIL NIL NIL NIL NIL NIL NIL NIL NIL NIL NIL NIL
                 NIL NIL NIL NIL NIL NIL NIL NIL NIL NIL NIL NIL NIL NIL NIL
                 NIL NIL NIL NIL NIL NIL NIL NIL NIL NIL NIL NIL NIL NIL NIL
                 NIL NIL NIL NIL NIL NIL NIL NIL NIL NIL NIL NIL NIL NIL NIL
                 NIL NIL NIL NIL NIL NIL NIL NIL NIL NIL NIL NIL NIL NIL NIL
                 NIL NIL NIL NIL NIL NIL NIL NIL NIL NIL NIL NIL NIL NIL NIL
                 NIL NIL NIL NIL NIL NIL NIL NIL NIL NIL NIL NIL NIL NIL NIL
                 NIL NIL NIL NIL NIL NIL NIL NIL NIL NIL NIL NIL NIL NIL NIL
                 NIL NIL NIL NIL NIL NIL NIL NIL NIL NIL NIL NIL NIL NIL NIL
                 NIL NIL NIL NIL NIL NIL NIL NIL NIL NIL NIL NIL NIL NIL NIL
                 NIL NIL NIL NIL NIL NIL NIL NIL NIL NIL NIL NIL NIL NIL NIL
                 NIL NIL NIL NIL NIL NIL NIL NIL NIL NIL NIL NIL NIL NIL NIL
                 NIL NIL NIL NIL NIL NIL NIL NIL NIL NIL NIL NIL NIL NIL NIL
                 NIL NIL NIL NIL NIL NIL NIL NIL NIL NIL NIL NIL NIL NIL NIL
                 NIL NIL NIL NIL NIL NIL NIL NIL NIL NIL NIL NIL NIL NIL NIL
                 NIL NIL NIL NIL NIL NIL NIL NIL NIL NIL NIL NIL NIL NIL NIL
                 NIL NIL NIL NIL NIL NIL NIL NIL NIL NIL NIL NIL NIL NIL NIL
                 NIL NIL NIL NIL NIL NIL NIL NIL NIL NIL NIL NIL NIL NIL NIL
                 NIL NIL NIL NIL NIL NIL NIL NIL NIL NIL NIL NIL NIL NIL NIL
                 NIL NIL NIL NIL NIL NIL NIL NIL NIL NIL NIL NIL NIL NIL NIL
                 NIL NIL NIL NIL NIL NIL NIL NIL NIL NIL NIL NIL NIL NIL NIL
                 NIL NIL NIL NIL NIL NIL NIL NIL NIL NIL NIL NIL NIL NIL NIL
                 NIL NIL NIL NIL NIL NIL NIL NIL NIL NIL NIL NIL NIL NIL NIL
                 NIL NIL NIL NIL NIL NIL NIL NIL NIL NIL NIL NIL NIL NIL NIL
                 NIL NIL NIL NIL NIL NIL NIL NIL NIL NIL NIL NIL NIL NIL NIL
                 NIL NIL NIL NIL NIL NIL NIL NIL NIL NIL NIL NIL NIL NIL NIL
                 NIL NIL NIL NIL NIL NIL NIL NIL NIL NIL NIL NIL NIL NIL NIL
                 NIL NIL NIL NIL NIL NIL NIL NIL NIL NIL NIL NIL NIL NIL NIL
                 NIL NIL NIL NIL NIL NIL NIL NIL NIL NIL NIL NIL NIL NIL NIL
                 NIL NIL NIL NIL NIL NIL NIL NIL NIL NIL NIL NIL NIL NIL NIL
                 NIL NIL NIL NIL NIL NIL NIL NIL NIL NIL NIL NIL NIL NIL NIL
                 NIL NIL NIL NIL NIL NIL NIL NIL NIL NIL NIL NIL NIL NIL NIL
                 NIL NIL NIL NIL NIL NIL NIL NIL NIL NIL NIL NIL NIL NIL NIL
                 NIL NIL NIL NIL NIL NIL NIL NIL NIL NIL NIL NIL NIL NIL NIL
                 NIL NIL NIL NIL NIL NIL NIL NIL NIL NIL NIL NIL NIL NIL NIL
                 NIL NIL NIL NIL NIL NIL NIL NIL NIL NIL NIL NIL NIL NIL NIL
                 NIL NIL NIL NIL NIL NIL NIL NIL NIL NIL NIL NIL NIL NIL NIL
                 NIL NIL NIL NIL NIL NIL NIL NIL NIL NIL NIL NIL NIL NIL NIL
                 NIL NIL NIL NIL NIL NIL NIL NIL NIL NIL NIL NIL NIL NIL NIL
                 NIL NIL NIL NIL NIL NIL NIL NIL NIL NIL NIL NIL NIL NIL NIL
                 NIL NIL NIL NIL NIL NIL NIL NIL NIL NIL NIL NIL NIL NIL NIL
                 NIL NIL NIL NIL NIL NIL NIL NIL NIL NIL NIL NIL NIL NIL NIL
                 NIL NIL NIL NIL NIL NIL NIL NIL NIL NIL NIL NIL NIL NIL NIL
                 NIL NIL NIL NIL NIL NIL NIL NIL NIL NIL NIL NIL NIL NIL NIL
                 NIL NIL NIL NIL NIL NIL NIL NIL NIL NIL NIL NIL NIL NIL NIL
                 NIL NIL NIL NIL NIL NIL NIL NIL NIL NIL NIL NIL NIL NIL NIL
                 NIL NIL NIL NIL NIL NIL NIL NIL NIL NIL NIL NIL NIL NIL NIL
                 NIL NIL NIL NIL NIL NIL NIL NIL NIL NIL NIL NIL NIL NIL NIL
                 NIL NIL NIL NIL NIL NIL NIL NIL NIL NIL NIL NIL NIL NIL NIL
                 NIL NIL NIL NIL NIL NIL NIL NIL NIL NIL NIL NIL NIL NIL NIL
                 NIL NIL NIL NIL NIL NIL NIL NIL NIL NIL NIL NIL NIL NIL NIL
                 NIL NIL NIL NIL NIL NIL NIL NIL NIL NIL NIL NIL NIL NIL NIL
                 NIL NIL NIL NIL NIL NIL NIL NIL NIL NIL NIL NIL NIL NIL NIL
                 NIL NIL NIL NIL NIL NIL NIL NIL NIL NIL NIL NIL NIL NIL NIL
                 NIL NIL NIL NIL NIL NIL NIL NIL NIL NIL NIL NIL NIL NIL NIL
                 NIL NIL NIL NIL NIL NIL NIL NIL NIL NIL NIL NIL NIL NIL NIL
                 NIL NIL NIL NIL NIL NIL NIL NIL NIL NIL NIL NIL NIL NIL NIL
                 NIL NIL NIL NIL NIL NIL NIL NIL NIL NIL NIL NIL NIL NIL NIL
                 NIL NIL NIL NIL NIL NIL NIL NIL NIL NIL NIL NIL NIL NIL NIL
                 NIL NIL NIL NIL NIL NIL NIL NIL NIL NIL NIL)
       :PHYSICAL-BYTES 12464
       :ENTRY-CAPACITY 1556
       :AUXILIARY-BYTES 19568)
    #S(CLAMSARA::%CAPACITY-ACCOUNT-ENTRY
       :IDENTITY #:RUNTIME-INDICES-1723
       :REPRESENTATION :RUNTIME-INDEX-VECTOR
       :PLACEMENT-IDENTITY NIL
       :ALLOCATION-CONTEXT :CONSTRUCTION-ONLY
       :EXHAUSTION-ACTION :REJECT-BEFORE-PUBLICATION
       :HANDLE #(0 0 0 0 0 0)
       :PHYSICAL-BYTES 64
       :ENTRY-CAPACITY 6
       :AUXILIARY-BYTES 480)
    #S(CLAMSARA::%CAPACITY-ACCOUNT-ENTRY
       :IDENTITY #:RUNTIME-SPACE-STATE-1720
       :REPRESENTATION :RUNTIME-OBJECT-VECTOR
       :PLACEMENT-IDENTITY NIL
       :ALLOCATION-CONTEXT :CONSTRUCTION-ONLY
       :EXHAUSTION-ACTION :REJECT-BEFORE-PUBLICATION
       :HANDLE #()
       :PHYSICAL-BYTES 16
       :ENTRY-CAPACITY 0
       :AUXILIARY-BYTES 1296)
    #S(CLAMSARA::%CAPACITY-ACCOUNT-ENTRY
       :IDENTITY #:MARKSWEEP-FREE-1721
       :REPRESENTATION :RUNTIME-INDEX-VECTOR
       :PLACEMENT-IDENTITY NIL
       :ALLOCATION-CONTEXT :CONSTRUCTION-ONLY
       :EXHAUSTION-ACTION :REJECT-BEFORE-PUBLICATION
       :HANDLE #(4096 0 0 0 0 0 0 0 0 0 0 0 0 0 0 0 0 0 0 0 0 0 0 0 0 0 0 0 0 0
                 0 0 4608 0 0 0 0 0 0 0 0 0 0 0 0 0 0 0 0 0 0 0 0 0 0 0 0 0 0 0
                 0 0 0 0 0 0 0 0 0 0 0 0 0 0 0 0 0 0 0 0 0 0 0 0 0 0 0 0 0 0 0
                 0 0 0 0 0 0 0 0 0 0 0 0 0 0 0 0 0 0 0 0 0 0 0 0 0 0 0 0 0 0 0
                 0 0 0 0 0 0)
       :PHYSICAL-BYTES 1040
       :ENTRY-CAPACITY 128
       :AUXILIARY-BYTES 1488)
    #S(CLAMSARA::%CAPACITY-ACCOUNT-ENTRY
       :IDENTITY #<CLAMSARA:SCALAR-OBJECT-START-MARKS {120471CE13}>
       :REPRESENTATION :SCALAR-BIT-VECTOR
       :PLACEMENT-IDENTITY NIL
       :ALLOCATION-CONTEXT :CONSTRUCTION
       :EXHAUSTION-ACTION :REJECT
       :HANDLE #(0 0 0 0 0 0 0 0 0 0 0 0 0 0 0 0 0 0 0 0 0 0 0 0 0 0 0 0 0 0 0
                 0)
       :PHYSICAL-BYTES 272
       :ENTRY-CAPACITY 32
       :AUXILIARY-BYTES 144)
    #S(CLAMSARA::%CAPACITY-ACCOUNT-ENTRY
       :IDENTITY #<CLAMSARA:SIDE-MARKS {120471CED3}>
       :REPRESENTATION :PACKED-BIT-VECTOR
       :PLACEMENT-IDENTITY NIL
       :ALLOCATION-CONTEXT :CONSTRUCTION
       :EXHAUSTION-ACTION :REJECT
       :HANDLE #*00000000000000000000000000000000
       :PHYSICAL-BYTES 32
       :ENTRY-CAPACITY 32
       :AUXILIARY-BYTES 144)
    #S(CLAMSARA::%CAPACITY-ACCOUNT-ENTRY
       :IDENTITY #:FINALIZER-OBJECTS-1717
       :REPRESENTATION :RUNTIME-OBJECT-VECTOR
       :PLACEMENT-IDENTITY NIL
       :ALLOCATION-CONTEXT :CONSTRUCTION-ONLY
       :EXHAUSTION-ACTION :REJECT-BEFORE-PUBLICATION
       :HANDLE #(NIL NIL NIL NIL NIL NIL NIL NIL NIL NIL NIL NIL NIL NIL NIL
                 NIL :FREE :FREE :FREE :FREE)
       :PHYSICAL-BYTES 176
       :ENTRY-CAPACITY 20
       :AUXILIARY-BYTES 3008)
    #S(CLAMSARA::%CAPACITY-ACCOUNT-ENTRY
       :IDENTITY #:FINALIZER-INDICES-1718
       :REPRESENTATION :RUNTIME-INDEX-VECTOR
       :PLACEMENT-IDENTITY NIL
       :ALLOCATION-CONTEXT :CONSTRUCTION-ONLY
       :EXHAUSTION-ACTION :REJECT-BEFORE-PUBLICATION
       :HANDLE #(NIL NIL NIL NIL 0 0 0 0
                 #S(CLAMSARA::SEQUENTIAL-FINALIZER-TOKEN
                    :OWNER #S(CLAMSARA::FINALIZER-OWNER-KEY)
                    :GENERATION 1
                    :INDEX -1)
                 #S(CLAMSARA::SEQUENTIAL-FINALIZER-TOKEN
                    :OWNER #S(CLAMSARA::FINALIZER-OWNER-KEY)
                    :GENERATION 2
                    :INDEX -1)
                 #S(CLAMSARA::SEQUENTIAL-FINALIZER-TOKEN
                    :OWNER #S(CLAMSARA::FINALIZER-OWNER-KEY)
                    :GENERATION 3
                    :INDEX -1)
                 #S(CLAMSARA::SEQUENTIAL-FINALIZER-TOKEN
                    :OWNER #S(CLAMSARA::FINALIZER-OWNER-KEY)
                    :GENERATION 4
                    :INDEX -1)
                 #S(CLAMSARA::SEQUENTIAL-FINALIZER-TOKEN
                    :OWNER #S(CLAMSARA::FINALIZER-OWNER-KEY)
                    :GENERATION 5
                    :INDEX -1)
                 #S(CLAMSARA::SEQUENTIAL-FINALIZER-TOKEN
                    :OWNER #S(CLAMSARA::FINALIZER-OWNER-KEY)
                    :GENERATION 6
                    :INDEX -1)
                 #S(CLAMSARA::SEQUENTIAL-FINALIZER-TOKEN
                    :OWNER #S(CLAMSARA::FINALIZER-OWNER-KEY)
                    :GENERATION 7
                    :INDEX -1)
                 #S(CLAMSARA::SEQUENTIAL-FINALIZER-TOKEN
                    :OWNER #S(CLAMSARA::FINALIZER-OWNER-KEY)
                    :GENERATION 8
                    :INDEX -1)
                 #S(CLAMSARA::SEQUENTIAL-FINALIZER-TOKEN
                    :OWNER #S(CLAMSARA::FINALIZER-OWNER-KEY)
                    :GENERATION 9
                    :INDEX -1)
                 #S(CLAMSARA::SEQUENTIAL-FINALIZER-TOKEN
                    :OWNER #S(CLAMSARA::FINALIZER-OWNER-KEY)
                    :GENERATION 10
                    :INDEX -1)
                 #S(CLAMSARA::SEQUENTIAL-FINALIZER-TOKEN
                    :OWNER #S(CLAMSARA::FINALIZER-OWNER-KEY)
                    :GENERATION 11
                    :INDEX -1)
                 #S(CLAMSARA::SEQUENTIAL-FINALIZER-TOKEN
                    :OWNER #S(CLAMSARA::FINALIZER-OWNER-KEY)
                    :GENERATION 12
                    :INDEX -1)
                 #S(CLAMSARA::SEQUENTIAL-FINALIZER-TOKEN
                    :OWNER #S(CLAMSARA::FINALIZER-OWNER-KEY)
                    :GENERATION 13
                    :INDEX -1)
                 #S(CLAMSARA::SEQUENTIAL-FINALIZER-TOKEN
                    :OWNER #S(CLAMSARA::FINALIZER-OWNER-KEY)
                    :GENERATION 14
                    :INDEX -1)
                 #S(CLAMSARA::SEQUENTIAL-FINALIZER-TOKEN
                    :OWNER #S(CLAMSARA::FINALIZER-OWNER-KEY)
                    :GENERATION 15
                    :INDEX -1)
                 #S(CLAMSARA::SEQUENTIAL-FINALIZER-TOKEN
                    :OWNER #S(CLAMSARA::FINALIZER-OWNER-KEY)
                    :GENERATION 16
                    :INDEX -1)
                 #S(CLAMSARA::SEQUENTIAL-FINALIZER-TOKEN
                    :OWNER #S(CLAMSARA::FINALIZER-OWNER-KEY)
                    :GENERATION 17
                    :INDEX -1)
                 #S(CLAMSARA::SEQUENTIAL-FINALIZER-TOKEN
                    :OWNER #S(CLAMSARA::FINALIZER-OWNER-KEY)
                    :GENERATION 18
                    :INDEX -1)
                 #S(CLAMSARA::SEQUENTIAL-FINALIZER-TOKEN
                    :OWNER #S(CLAMSARA::FINALIZER-OWNER-KEY)
                    :GENERATION 19
                    :INDEX -1)
                 #S(CLAMSARA::SEQUENTIAL-FINALIZER-TOKEN
                    :OWNER #S(CLAMSARA::FINALIZER-OWNER-KEY)
                    :GENERATION 20
                    :INDEX -1)
                 #S(CLAMSARA::SEQUENTIAL-FINALIZER-TOKEN
                    :OWNER #S(CLAMSARA::FINALIZER-OWNER-KEY)
                    :GENERATION 21
                    :INDEX -1)
                 #S(CLAMSARA::SEQUENTIAL-FINALIZER-TOKEN
                    :OWNER #S(CLAMSARA::FINALIZER-OWNER-KEY)
                    :GENERATION 22
                    :INDEX -1)
                 #S(CLAMSARA::SEQUENTIAL-FINALIZER-TOKEN
                    :OWNER #S(CLAMSARA::FINALIZER-OWNER-KEY)
                    :GENERATION 23
                    :INDEX -1)
                 #S(CLAMSARA::SEQUENTIAL-FINALIZER-TOKEN
                    :OWNER #S(CLAMSARA::FINALIZER-OWNER-KEY)
                    :GENERATION 24
                    :INDEX -1)
                 #S(CLAMSARA::SEQUENTIAL-FINALIZER-TOKEN
                    :OWNER #S(CLAMSARA::FINALIZER-OWNER-KEY)
                    :GENERATION 25
                    :INDEX -1)
                 #S(CLAMSARA::SEQUENTIAL-FINALIZER-TOKEN
                    :OWNER #S(CLAMSARA::FINALIZER-OWNER-KEY)
                    :GENERATION 26
                    :INDEX -1)
                 #S(CLAMSARA::SEQUENTIAL-FINALIZER-TOKEN
                    :OWNER #S(CLAMSARA::FINALIZER-OWNER-KEY)
                    :GENERATION 27
                    :INDEX -1)
                 #S(CLAMSARA::SEQUENTIAL-FINALIZER-TOKEN
                    :OWNER #S(CLAMSARA::FINALIZER-OWNER-KEY)
                    :GENERATION 28
                    :INDEX -1)
                 #S(CLAMSARA::SEQUENTIAL-FINALIZER-TOKEN
                    :OWNER #S(CLAMSARA::FINALIZER-OWNER-KEY)
                    :GENERATION 29
                    :INDEX -1)
                 #S(CLAMSARA::SEQUENTIAL-FINALIZER-TOKEN
                    :OWNER #S(CLAMSARA::FINALIZER-OWNER-KEY)
                    :GENERATION 30
                    :INDEX -1)
                 #S(CLAMSARA::SEQUENTIAL-FINALIZER-TOKEN
                    :OWNER #S(CLAMSARA::FINALIZER-OWNER-KEY)
                    :GENERATION 31
                    :INDEX -1)
                 #S(CLAMSARA::SEQUENTIAL-FINALIZER-TOKEN
                    :OWNER #S(CLAMSARA::FINALIZER-OWNER-KEY)
                    :GENERATION 32
                    :INDEX -1)
                 #S(CLAMSARA::SEQUENTIAL-FINALIZER-TOKEN
                    :OWNER #S(CLAMSARA::FINALIZER-OWNER-KEY)
                    :GENERATION 33
                    :INDEX -1)
                 #S(CLAMSARA::SEQUENTIAL-FINALIZER-TOKEN
                    :OWNER #S(CLAMSARA::FINALIZER-OWNER-KEY)
                    :GENERATION 34
                    :INDEX -1)
                 #S(CLAMSARA::SEQUENTIAL-FINALIZER-TOKEN
                    :OWNER #S(CLAMSARA::FINALIZER-OWNER-KEY)
                    :GENERATION 35
                    :INDEX -1)
                 #S(CLAMSARA::SEQUENTIAL-FINALIZER-TOKEN
                    :OWNER #S(CLAMSARA::FINALIZER-OWNER-KEY)
                    :GENERATION 36
                    :INDEX -1)
                 #S(CLAMSARA::SEQUENTIAL-FINALIZER-TOKEN
                    :OWNER #S(CLAMSARA::FINALIZER-OWNER-KEY)
                    :GENERATION 37
                    :INDEX -1)
                 #S(CLAMSARA::SEQUENTIAL-FINALIZER-TOKEN
                    :OWNER #S(CLAMSARA::FINALIZER-OWNER-KEY)
                    :GENERATION 38
                    :INDEX -1)
                 #S(CLAMSARA::SEQUENTIAL-FINALIZER-TOKEN
                    :OWNER #S(CLAMSARA::FINALIZER-OWNER-KEY)
                    :GENERATION 39
                    :INDEX -1)
                 #S(CLAMSARA::SEQUENTIAL-FINALIZER-TOKEN
                    :OWNER #S(CLAMSARA::FINALIZER-OWNER-KEY)
                    :GENERATION 40
                    :INDEX -1)
                 #S(CLAMSARA::SEQUENTIAL-FINALIZER-TOKEN
                    :OWNER #S(CLAMSARA::FINALIZER-OWNER-KEY)
                    :GENERATION 41
                    :INDEX -1)
                 #S(CLAMSARA::SEQUENTIAL-FINALIZER-TOKEN
                    :OWNER #S(CLAMSARA::FINALIZER-OWNER-KEY)
                    :GENERATION 42
                    :INDEX -1)
                 #S(CLAMSARA::SEQUENTIAL-FINALIZER-TOKEN
                    :OWNER #S(CLAMSARA::FINALIZER-OWNER-KEY)
                    :GENERATION 43
                    :INDEX -1)
                 #S(CLAMSARA::SEQUENTIAL-FINALIZER-TOKEN
                    :OWNER #S(CLAMSARA::FINALIZER-OWNER-KEY)
                    :GENERATION 44
                    :INDEX -1)
                 #S(CLAMSARA::SEQUENTIAL-FINALIZER-TOKEN
                    :OWNER #S(CLAMSARA::FINALIZER-OWNER-KEY)
                    :GENERATION 45
                    :INDEX -1)
                 #S(CLAMSARA::SEQUENTIAL-FINALIZER-TOKEN
                    :OWNER #S(CLAMSARA::FINALIZER-OWNER-KEY)
                    :GENERATION 46
                    :INDEX -1)
                 #S(CLAMSARA::SEQUENTIAL-FINALIZER-TOKEN
                    :OWNER #S(CLAMSARA::FINALIZER-OWNER-KEY)
                    :GENERATION 47
                    :INDEX -1)
                 #S(CLAMSARA::SEQUENTIAL-FINALIZER-TOKEN
                    :OWNER #S(CLAMSARA::FINALIZER-OWNER-KEY)
                    :GENERATION 48
                    :INDEX -1)
                 #S(CLAMSARA::SEQUENTIAL-FINALIZER-TOKEN
                    :OWNER #S(CLAMSARA::FINALIZER-OWNER-KEY)
                    :GENERATION 49
                    :INDEX -1)
                 #S(CLAMSARA::SEQUENTIAL-FINALIZER-TOKEN
                    :OWNER #S(CLAMSARA::FINALIZER-OWNER-KEY)
                    :GENERATION 50
                    :INDEX -1)
                 #S(CLAMSARA::SEQUENTIAL-FINALIZER-TOKEN
                    :OWNER #S(CLAMSARA::FINALIZER-OWNER-KEY)
                    :GENERATION 51
                    :INDEX -1)
                 #S(CLAMSARA::SEQUENTIAL-FINALIZER-TOKEN
                    :OWNER #S(CLAMSARA::FINALIZER-OWNER-KEY)
                    :GENERATION 52
                    :INDEX -1)
                 #S(CLAMSARA::SEQUENTIAL-FINALIZER-TOKEN
                    :OWNER #S(CLAMSARA::FINALIZER-OWNER-KEY)
                    :GENERATION 53
                    :INDEX -1)
                 #S(CLAMSARA::SEQUENTIAL-FINALIZER-TOKEN
                    :OWNER #S(CLAMSARA::FINALIZER-OWNER-KEY)
                    :GENERATION 54
                    :INDEX -1)
                 #S(CLAMSARA::SEQUENTIAL-FINALIZER-TOKEN
                    :OWNER #S(CLAMSARA::FINALIZER-OWNER-KEY)
                    :GENERATION 55
                    :INDEX -1)
                 #S(CLAMSARA::SEQUENTIAL-FINALIZER-TOKEN
                    :OWNER #S(CLAMSARA::FINALIZER-OWNER-KEY)
                    :GENERATION 56
                    :INDEX -1)
                 #S(CLAMSARA::SEQUENTIAL-FINALIZER-TOKEN
                    :OWNER #S(CLAMSARA::FINALIZER-OWNER-KEY)
                    :GENERATION 57
                    :INDEX -1)
                 #S(CLAMSARA::SEQUENTIAL-FINALIZER-TOKEN
                    :OWNER #S(CLAMSARA::FINALIZER-OWNER-KEY)
                    :GENERATION 58
                    :INDEX -1)
                 #S(CLAMSARA::SEQUENTIAL-FINALIZER-TOKEN
                    :OWNER #S(CLAMSARA::FINALIZER-OWNER-KEY)
                    :GENERATION 59
                    :INDEX -1)
                 #S(CLAMSARA::SEQUENTIAL-FINALIZER-TOKEN
                    :OWNER #S(CLAMSARA::FINALIZER-OWNER-KEY)
                    :GENERATION 60
                    :INDEX -1)
                 #S(CLAMSARA::SEQUENTIAL-FINALIZER-TOKEN
                    :OWNER #S(CLAMSARA::FINALIZER-OWNER-KEY)
                    :GENERATION 61
                    :INDEX -1)
                 #S(CLAMSARA::SEQUENTIAL-FINALIZER-TOKEN
                    :OWNER #S(CLAMSARA::FINALIZER-OWNER-KEY)
                    :GENERATION 62
                    :INDEX -1)
                 #S(CLAMSARA::SEQUENTIAL-FINALIZER-TOKEN
                    :OWNER #S(CLAMSARA::FINALIZER-OWNER-KEY)
                    :GENERATION 63
                    :INDEX -1)
                 #S(CLAMSARA::SEQUENTIAL-FINALIZER-TOKEN
                    :OWNER #S(CLAMSARA::FINALIZER-OWNER-KEY)
                    :GENERATION 64
                    :INDEX -1))
       :PHYSICAL-BYTES 592
       :ENTRY-CAPACITY 72
       :AUXILIARY-BYTES 8112))

is not of type
  LIST"
           :PRESERVED-WORLDS 1)
ROW :BEGIN ((:MAXIMUM-CANONICAL-FIELDS :MARKSWEEP :SCALAR))
ROW :EXACT-ROW-ACCOUNT (:REQUIRED 10 :H 6 :RESERVED 0)
ROW :FAIL ((:MAXIMUM-CANONICAL-FIELDS :MARKSWEEP :SCALAR) :CONDITION "The value
  #(#S(CLAMSARA::%CAPACITY-ACCOUNT-ENTRY
       :IDENTITY :CONFIGURATION-AUXILIARY
       :REPRESENTATION :RUNTIME-OBJECT-VECTOR
       :PLACEMENT-IDENTITY NIL
       :ALLOCATION-CONTEXT :CONSTRUCTION-ONLY
       :EXHAUSTION-ACTION :REJECT-BEFORE-PUBLICATION
       :HANDLE #()
       :PHYSICAL-BYTES 16
       :ENTRY-CAPACITY 0
       :AUXILIARY-BYTES 6527968)
    #S(CLAMSARA::%CAPACITY-ACCOUNT-ENTRY
       :IDENTITY #:RUNTIME-OBJECTS-1729
       :REPRESENTATION :RUNTIME-OBJECT-VECTOR
       :PLACEMENT-IDENTITY NIL
       :ALLOCATION-CONTEXT :CONSTRUCTION-ONLY
       :EXHAUSTION-ACTION :REJECT-BEFORE-PUBLICATION
       :HANDLE #(NIL NIL NIL NIL NIL NIL NIL NIL NIL NIL NIL NIL NIL NIL NIL
                 NIL NIL NIL NIL NIL NIL NIL NIL NIL NIL NIL NIL NIL NIL NIL
                 NIL NIL NIL NIL NIL NIL NIL NIL NIL NIL NIL NIL NIL NIL NIL
                 NIL NIL NIL NIL NIL NIL NIL NIL NIL NIL NIL NIL NIL NIL NIL
                 NIL NIL NIL NIL NIL NIL NIL NIL NIL NIL NIL NIL NIL NIL NIL
                 NIL NIL NIL NIL NIL NIL NIL NIL NIL NIL NIL NIL NIL NIL NIL
                 NIL NIL NIL NIL NIL NIL NIL NIL NIL NIL NIL NIL NIL NIL NIL
                 NIL NIL NIL NIL NIL NIL NIL NIL NIL NIL NIL NIL NIL NIL NIL
                 NIL NIL)
       :PHYSICAL-BYTES 992
       :ENTRY-CAPACITY 122
       :AUXILIARY-BYTES 19568)
    #S(CLAMSARA::%CAPACITY-ACCOUNT-ENTRY
       :IDENTITY #:RUNTIME-INDICES-1730
       :REPRESENTATION :RUNTIME-INDEX-VECTOR
       :PLACEMENT-IDENTITY NIL
       :ALLOCATION-CONTEXT :CONSTRUCTION-ONLY
       :EXHAUSTION-ACTION :REJECT-BEFORE-PUBLICATION
       :HANDLE #(0 0 0 0 0 0)
       :PHYSICAL-BYTES 64
       :ENTRY-CAPACITY 6
       :AUXILIARY-BYTES 480)
    #S(CLAMSARA::%CAPACITY-ACCOUNT-ENTRY
       :IDENTITY #:RUNTIME-SPACE-STATE-1727
       :REPRESENTATION :RUNTIME-OBJECT-VECTOR
       :PLACEMENT-IDENTITY NIL
       :ALLOCATION-CONTEXT :CONSTRUCTION-ONLY
       :EXHAUSTION-ACTION :REJECT-BEFORE-PUBLICATION
       :HANDLE #()
       :PHYSICAL-BYTES 16
       :ENTRY-CAPACITY 0
       :AUXILIARY-BYTES 1296)
    #S(CLAMSARA::%CAPACITY-ACCOUNT-ENTRY
       :IDENTITY #:MARKSWEEP-FREE-1728
       :REPRESENTATION :RUNTIME-INDEX-VECTOR
       :PLACEMENT-IDENTITY NIL
       :ALLOCATION-CONTEXT :CONSTRUCTION-ONLY
       :EXHAUSTION-ACTION :REJECT-BEFORE-PUBLICATION
       :HANDLE #(1048576 0 3145728 0 0 0 0 0)
       :PHYSICAL-BYTES 80
       :ENTRY-CAPACITY 8
       :AUXILIARY-BYTES 1488)
    #S(CLAMSARA::%CAPACITY-ACCOUNT-ENTRY
       :IDENTITY #<CLAMSARA:SCALAR-OBJECT-START-MARKS {12052974B3}>
       :REPRESENTATION :SCALAR-BIT-VECTOR
       :PLACEMENT-IDENTITY NIL
       :ALLOCATION-CONTEXT :CONSTRUCTION
       :EXHAUSTION-ACTION :REJECT
       :HANDLE #(0 0)
       :PHYSICAL-BYTES 32
       :ENTRY-CAPACITY 2
       :AUXILIARY-BYTES 144)
    #S(CLAMSARA::%CAPACITY-ACCOUNT-ENTRY
       :IDENTITY #<CLAMSARA:SIDE-MARKS {1205297573}>
       :REPRESENTATION :PACKED-BIT-VECTOR
       :PLACEMENT-IDENTITY NIL
       :ALLOCATION-CONTEXT :CONSTRUCTION
       :EXHAUSTION-ACTION :REJECT
       :HANDLE #*00
       :PHYSICAL-BYTES 32
       :ENTRY-CAPACITY 2
       :AUXILIARY-BYTES 144)
    #S(CLAMSARA::%CAPACITY-ACCOUNT-ENTRY
       :IDENTITY #:FINALIZER-OBJECTS-1724
       :REPRESENTATION :RUNTIME-OBJECT-VECTOR
       :PLACEMENT-IDENTITY NIL
       :ALLOCATION-CONTEXT :CONSTRUCTION-ONLY
       :EXHAUSTION-ACTION :REJECT-BEFORE-PUBLICATION
       :HANDLE #(NIL NIL NIL NIL NIL NIL NIL NIL :FREE :FREE)
       :PHYSICAL-BYTES 96
       :ENTRY-CAPACITY 10
       :AUXILIARY-BYTES 1856)
    #S(CLAMSARA::%CAPACITY-ACCOUNT-ENTRY
       :IDENTITY #:FINALIZER-INDICES-1725
       :REPRESENTATION :RUNTIME-INDEX-VECTOR
       :PLACEMENT-IDENTITY NIL
       :ALLOCATION-CONTEXT :CONSTRUCTION-ONLY
       :EXHAUSTION-ACTION :REJECT-BEFORE-PUBLICATION
       :HANDLE #(NIL NIL 0 0
                 #S(CLAMSARA::SEQUENTIAL-FINALIZER-TOKEN
                    :OWNER #S(CLAMSARA::FINALIZER-OWNER-KEY)
                    :GENERATION 1
                    :INDEX -1)
                 #S(CLAMSARA::SEQUENTIAL-FINALIZER-TOKEN
                    :OWNER #S(CLAMSARA::FINALIZER-OWNER-KEY)
                    :GENERATION 2
                    :INDEX -1)
                 #S(CLAMSARA::SEQUENTIAL-FINALIZER-TOKEN
                    :OWNER #S(CLAMSARA::FINALIZER-OWNER-KEY)
                    :GENERATION 3
                    :INDEX -1)
                 #S(CLAMSARA::SEQUENTIAL-FINALIZER-TOKEN
                    :OWNER #S(CLAMSARA::FINALIZER-OWNER-KEY)
                    :GENERATION 4
                    :INDEX -1)
                 #S(CLAMSARA::SEQUENTIAL-FINALIZER-TOKEN
                    :OWNER #S(CLAMSARA::FINALIZER-OWNER-KEY)
                    :GENERATION 5
                    :INDEX -1)
                 #S(CLAMSARA::SEQUENTIAL-FINALIZER-TOKEN
                    :OWNER #S(CLAMSARA::FINALIZER-OWNER-KEY)
                    :GENERATION 6
                    :INDEX -1)
                 #S(CLAMSARA::SEQUENTIAL-FINALIZER-TOKEN
                    :OWNER #S(CLAMSARA::FINALIZER-OWNER-KEY)
                    :GENERATION 7
                    :INDEX -1)
                 #S(CLAMSARA::SEQUENTIAL-FINALIZER-TOKEN
                    :OWNER #S(CLAMSARA::FINALIZER-OWNER-KEY)
                    :GENERATION 8
                    :INDEX -1)
                 #S(CLAMSARA::SEQUENTIAL-FINALIZER-TOKEN
                    :OWNER #S(CLAMSARA::FINALIZER-OWNER-KEY)
                    :GENERATION 9
                    :INDEX -1)
                 #S(CLAMSARA::SEQUENTIAL-FINALIZER-TOKEN
                    :OWNER #S(CLAMSARA::FINALIZER-OWNER-KEY)
                    :GENERATION 10
                    :INDEX -1)
                 #S(CLAMSARA::SEQUENTIAL-FINALIZER-TOKEN
                    :OWNER #S(CLAMSARA::FINALIZER-OWNER-KEY)
                    :GENERATION 11
                    :INDEX -1)
                 #S(CLAMSARA::SEQUENTIAL-FINALIZER-TOKEN
                    :OWNER #S(CLAMSARA::FINALIZER-OWNER-KEY)
                    :GENERATION 12
                    :INDEX -1)
                 #S(CLAMSARA::SEQUENTIAL-FINALIZER-TOKEN
                    :OWNER #S(CLAMSARA::FINALIZER-OWNER-KEY)
                    :GENERATION 13
                    :INDEX -1)
                 #S(CLAMSARA::SEQUENTIAL-FINALIZER-TOKEN
                    :OWNER #S(CLAMSARA::FINALIZER-OWNER-KEY)
                    :GENERATION 14
                    :INDEX -1)
                 #S(CLAMSARA::SEQUENTIAL-FINALIZER-TOKEN
                    :OWNER #S(CLAMSARA::FINALIZER-OWNER-KEY)
                    :GENERATION 15
                    :INDEX -1)
                 #S(CLAMSARA::SEQUENTIAL-FINALIZER-TOKEN
                    :OWNER #S(CLAMSARA::FINALIZER-OWNER-KEY)
                    :GENERATION 16
                    :INDEX -1)
                 #S(CLAMSARA::SEQUENTIAL-FINALIZER-TOKEN
                    :OWNER #S(CLAMSARA::FINALIZER-OWNER-KEY)
                    :GENERATION 17
                    :INDEX -1)
                 #S(CLAMSARA::SEQUENTIAL-FINALIZER-TOKEN
                    :OWNER #S(CLAMSARA::FINALIZER-OWNER-KEY)
                    :GENERATION 18
                    :INDEX -1)
                 #S(CLAMSARA::SEQUENTIAL-FINALIZER-TOKEN
                    :OWNER #S(CLAMSARA::FINALIZER-OWNER-KEY)
                    :GENERATION 19
                    :INDEX -1)
                 #S(CLAMSARA::SEQUENTIAL-FINALIZER-TOKEN
                    :OWNER #S(CLAMSARA::FINALIZER-OWNER-KEY)
                    :GENERATION 20
                    :INDEX -1)
                 #S(CLAMSARA::SEQUENTIAL-FINALIZER-TOKEN
                    :OWNER #S(CLAMSARA::FINALIZER-OWNER-KEY)
                    :GENERATION 21
                    :INDEX -1)
                 #S(CLAMSARA::SEQUENTIAL-FINALIZER-TOKEN
                    :OWNER #S(CLAMSARA::FINALIZER-OWNER-KEY)
                    :GENERATION 22
                    :INDEX -1)
                 #S(CLAMSARA::SEQUENTIAL-FINALIZER-TOKEN
                    :OWNER #S(CLAMSARA::FINALIZER-OWNER-KEY)
                    :GENERATION 23
                    :INDEX -1)
                 #S(CLAMSARA::SEQUENTIAL-FINALIZER-TOKEN
                    :OWNER #S(CLAMSARA::FINALIZER-OWNER-KEY)
                    :GENERATION 24
                    :INDEX -1)
                 #S(CLAMSARA::SEQUENTIAL-FINALIZER-TOKEN
                    :OWNER #S(CLAMSARA::FINALIZER-OWNER-KEY)
                    :GENERATION 25
                    :INDEX -1)
                 #S(CLAMSARA::SEQUENTIAL-FINALIZER-TOKEN
                    :OWNER #S(CLAMSARA::FINALIZER-OWNER-KEY)
                    :GENERATION 26
                    :INDEX -1)
                 #S(CLAMSARA::SEQUENTIAL-FINALIZER-TOKEN
                    :OWNER #S(CLAMSARA::FINALIZER-OWNER-KEY)
                    :GENERATION 27
                    :INDEX -1)
                 #S(CLAMSARA::SEQUENTIAL-FINALIZER-TOKEN
                    :OWNER #S(CLAMSARA::FINALIZER-OWNER-KEY)
                    :GENERATION 28
                    :INDEX -1)
                 #S(CLAMSARA::SEQUENTIAL-FINALIZER-TOKEN
                    :OWNER #S(CLAMSARA::FINALIZER-OWNER-KEY)
                    :GENERATION 29
                    :INDEX -1)
                 #S(CLAMSARA::SEQUENTIAL-FINALIZER-TOKEN
                    :OWNER #S(CLAMSARA::FINALIZER-OWNER-KEY)
                    :GENERATION 30
                    :INDEX -1)
                 #S(CLAMSARA::SEQUENTIAL-FINALIZER-TOKEN
                    :OWNER #S(CLAMSARA::FINALIZER-OWNER-KEY)
                    :GENERATION 31
                    :INDEX -1)
                 #S(CLAMSARA::SEQUENTIAL-FINALIZER-TOKEN
                    :OWNER #S(CLAMSARA::FINALIZER-OWNER-KEY)
                    :GENERATION 32
                    :INDEX -1)
                 #S(CLAMSARA::SEQUENTIAL-FINALIZER-TOKEN
                    :OWNER #S(CLAMSARA::FINALIZER-OWNER-KEY)
                    :GENERATION 33
                    :INDEX -1)
                 #S(CLAMSARA::SEQUENTIAL-FINALIZER-TOKEN
                    :OWNER #S(CLAMSARA::FINALIZER-OWNER-KEY)
                    :GENERATION 34
                    :INDEX -1)
                 #S(CLAMSARA::SEQUENTIAL-FINALIZER-TOKEN
                    :OWNER #S(CLAMSARA::FINALIZER-OWNER-KEY)
                    :GENERATION 35
                    :INDEX -1)
                 #S(CLAMSARA::SEQUENTIAL-FINALIZER-TOKEN
                    :OWNER #S(CLAMSARA::FINALIZER-OWNER-KEY)
                    :GENERATION 36
                    :INDEX -1)
                 #S(CLAMSARA::SEQUENTIAL-FINALIZER-TOKEN
                    :OWNER #S(CLAMSARA::FINALIZER-OWNER-KEY)
                    :GENERATION 37
                    :INDEX -1)
                 #S(CLAMSARA::SEQUENTIAL-FINALIZER-TOKEN
                    :OWNER #S(CLAMSARA::FINALIZER-OWNER-KEY)
                    :GENERATION 38
                    :INDEX -1)
                 #S(CLAMSARA::SEQUENTIAL-FINALIZER-TOKEN
                    :OWNER #S(CLAMSARA::FINALIZER-OWNER-KEY)
                    :GENERATION 39
                    :INDEX -1)
                 #S(CLAMSARA::SEQUENTIAL-FINALIZER-TOKEN
                    :OWNER #S(CLAMSARA::FINALIZER-OWNER-KEY)
                    :GENERATION 40
                    :INDEX -1)
                 #S(CLAMSARA::SEQUENTIAL-FINALIZER-TOKEN
                    :OWNER #S(CLAMSARA::FINALIZER-OWNER-KEY)
                    :GENERATION 41
                    :INDEX -1)
                 #S(CLAMSARA::SEQUENTIAL-FINALIZER-TOKEN
                    :OWNER #S(CLAMSARA::FINALIZER-OWNER-KEY)
                    :GENERATION 42
                    :INDEX -1)
                 #S(CLAMSARA::SEQUENTIAL-FINALIZER-TOKEN
                    :OWNER #S(CLAMSARA::FINALIZER-OWNER-KEY)
                    :GENERATION 43
                    :INDEX -1)
                 #S(CLAMSARA::SEQUENTIAL-FINALIZER-TOKEN
                    :OWNER #S(CLAMSARA::FINALIZER-OWNER-KEY)
                    :GENERATION 44
                    :INDEX -1)
                 #S(CLAMSARA::SEQUENTIAL-FINALIZER-TOKEN
                    :OWNER #S(CLAMSARA::FINALIZER-OWNER-KEY)
                    :GENERATION 45
                    :INDEX -1)
                 #S(CLAMSARA::SEQUENTIAL-FINALIZER-TOKEN
                    :OWNER #S(CLAMSARA::FINALIZER-OWNER-KEY)
                    :GENERATION 46
                    :INDEX -1)
                 #S(CLAMSARA::SEQUENTIAL-FINALIZER-TOKEN
                    :OWNER #S(CLAMSARA::FINALIZER-OWNER-KEY)
                    :GENERATION 47
                    :INDEX -1)
                 #S(CLAMSARA::SEQUENTIAL-FINALIZER-TOKEN
                    :OWNER #S(CLAMSARA::FINALIZER-OWNER-KEY)
                    :GENERATION 48
                    :INDEX -1)
                 #S(CLAMSARA::SEQUENTIAL-FINALIZER-TOKEN
                    :OWNER #S(CLAMSARA::FINALIZER-OWNER-KEY)
                    :GENERATION 49
                    :INDEX -1)
                 #S(CLAMSARA::SEQUENTIAL-FINALIZER-TOKEN
                    :OWNER #S(CLAMSARA::FINALIZER-OWNER-KEY)
                    :GENERATION 50
                    :INDEX -1)
                 #S(CLAMSARA::SEQUENTIAL-FINALIZER-TOKEN
                    :OWNER #S(CLAMSARA::FINALIZER-OWNER-KEY)
                    :GENERATION 51
                    :INDEX -1)
                 #S(CLAMSARA::SEQUENTIAL-FINALIZER-TOKEN
                    :OWNER #S(CLAMSARA::FINALIZER-OWNER-KEY)
                    :GENERATION 52
                    :INDEX -1)
                 #S(CLAMSARA::SEQUENTIAL-FINALIZER-TOKEN
                    :OWNER #S(CLAMSARA::FINALIZER-OWNER-KEY)
                    :GENERATION 53
                    :INDEX -1)
                 #S(CLAMSARA::SEQUENTIAL-FINALIZER-TOKEN
                    :OWNER #S(CLAMSARA::FINALIZER-OWNER-KEY)
                    :GENERATION 54
                    :INDEX -1)
                 #S(CLAMSARA::SEQUENTIAL-FINALIZER-TOKEN
                    :OWNER #S(CLAMSARA::FINALIZER-OWNER-KEY)
                    :GENERATION 55
                    :INDEX -1)
                 #S(CLAMSARA::SEQUENTIAL-FINALIZER-TOKEN
                    :OWNER #S(CLAMSARA::FINALIZER-OWNER-KEY)
                    :GENERATION 56
                    :INDEX -1)
                 #S(CLAMSARA::SEQUENTIAL-FINALIZER-TOKEN
                    :OWNER #S(CLAMSARA::FINALIZER-OWNER-KEY)
                    :GENERATION 57
                    :INDEX -1)
                 #S(CLAMSARA::SEQUENTIAL-FINALIZER-TOKEN
                    :OWNER #S(CLAMSARA::FINALIZER-OWNER-KEY)
                    :GENERATION 58
                    :INDEX -1)
                 #S(CLAMSARA::SEQUENTIAL-FINALIZER-TOKEN
                    :OWNER #S(CLAMSARA::FINALIZER-OWNER-KEY)
                    :GENERATION 59
                    :INDEX -1)
                 #S(CLAMSARA::SEQUENTIAL-FINALIZER-TOKEN
                    :OWNER #S(CLAMSARA::FINALIZER-OWNER-KEY)
                    :GENERATION 60
                    :INDEX -1)
                 #S(CLAMSARA::SEQUENTIAL-FINALIZER-TOKEN
                    :OWNER #S(CLAMSARA::FINALIZER-OWNER-KEY)
                    :GENERATION 61
                    :INDEX -1)
                 #S(CLAMSARA::SEQUENTIAL-FINALIZER-TOKEN
                    :OWNER #S(CLAMSARA::FINALIZER-OWNER-KEY)
                    :GENERATION 62
                    :INDEX -1)
                 #S(CLAMSARA::SEQUENTIAL-FINALIZER-TOKEN
                    :OWNER #S(CLAMSARA::FINALIZER-OWNER-KEY)
                    :GENERATION 63
                    :INDEX -1)
                 #S(CLAMSARA::SEQUENTIAL-FINALIZER-TOKEN
                    :OWNER #S(CLAMSARA::FINALIZER-OWNER-KEY)
                    :GENERATION 64
                    :INDEX -1))
       :PHYSICAL-BYTES 560
       :ENTRY-CAPACITY 68
       :AUXILIARY-BYTES 8112))

is not of type
  LIST"
           :PRESERVED-WORLDS 1)
ROW :ADDITIONAL-FINISHED (:PASSED 0 :FAILED 12)
Unhandled SIMPLE-ERROR in thread #<SB-THREAD:THREAD tid=2747 "main thread" RUNNING
                                    {1200450003}>:
  Additional row checks failed: 12 failures

Backtrace for: #<SB-THREAD:THREAD tid=2747 "main thread" RUNNING {1200450003}>
0: (SB-DEBUG::DEBUGGER-DISABLED-HOOK #<SIMPLE-ERROR "Additional row checks failed: ~D failures" {1208DFCA63}> #<unused argument> :QUIT T)
1: (SB-DEBUG::RUN-HOOK *INVOKE-DEBUGGER-HOOK* #<SIMPLE-ERROR "Additional row checks failed: ~D failures" {1208DFCA63}>)
2: (INVOKE-DEBUGGER #<SIMPLE-ERROR "Additional row checks failed: ~D failures" {1208DFCA63}>)
3: (ERROR "Additional row checks failed: ~D failures" 12)
4: (WHOLE-CODE-ROW-ACCEPTANCE::RUN-ADDITIONAL-ROW-CHECKS)
5: (SB-INT:SIMPLE-EVAL-IN-LEXENV (WHOLE-CODE-ROW-ACCEPTANCE::RUN-ADDITIONAL-ROW-CHECKS) #<NULL-LEXENV>)
6: (EVAL-TLF (WHOLE-CODE-ROW-ACCEPTANCE::RUN-ADDITIONAL-ROW-CHECKS) 12 NIL)
7: ((LABELS SB-FASL::EVAL-FORM :IN SB-INT:LOAD-AS-SOURCE) (WHOLE-CODE-ROW-ACCEPTANCE::RUN-ADDITIONAL-ROW-CHECKS) 12)
8: ((LAMBDA (SB-KERNEL:FORM &KEY :CURRENT-INDEX &ALLOW-OTHER-KEYS) :IN SB-INT:LOAD-AS-SOURCE) (WHOLE-CODE-ROW-ACCEPTANCE::RUN-ADDITIONAL-ROW-CHECKS) :CURRENT-INDEX 12)
9: (SB-C::%DO-FORMS-FROM-INFO #<FUNCTION (LAMBDA (SB-KERNEL:FORM &KEY :CURRENT-INDEX &ALLOW-OTHER-KEYS) :IN SB-INT:LOAD-AS-SOURCE) {7FD4D34F73DB}> #<SB-C::SOURCE-INFO {12004CD973}> SB-C::INPUT-ERROR-IN-LOAD)
10: (SB-INT:LOAD-AS-SOURCE #<SB-SYS:FD-STREAM for "file /tmp/clamsara-variant-row-review-bnum_11t/independent-review/row-source-review/bootstrap.lisp" {1200451BF3}> :VERBOSE NIL :PRINT NIL :CONTEXT "loading")
11: ((LABELS SB-FASL::LOAD-STREAM-1 :IN LOAD) #<SB-SYS:FD-STREAM for "file /tmp/clamsara-variant-row-review-bnum_11t/independent-review/row-source-review/bootstrap.lisp" {1200451BF3}> NIL)
12: (SB-FASL::CALL-WITH-LOAD-BINDINGS #<FUNCTION (LABELS SB-FASL::LOAD-STREAM-1 :IN LOAD) {7FD4D34F779B}> #<SB-SYS:FD-STREAM for "file /tmp/clamsara-variant-row-review-bnum_11t/independent-review/row-source-review/bootstrap.lisp" {1200451BF3}> NIL #<SB-SYS:FD-STREAM for "file /tmp/clamsara-variant-row-review-bnum_11t/independent-review/row-source-review/bootstrap.lisp" {1200451BF3}>)
13: (LOAD #<SB-SYS:FD-STREAM for "file /tmp/clamsara-variant-row-review-bnum_11t/independent-review/row-source-review/bootstrap.lisp" {1200451BF3}> :VERBOSE NIL :PRINT NIL :IF-DOES-NOT-EXIST :ERROR :EXTERNAL-FORMAT :DEFAULT)
14: ((FLET SB-IMPL::LOAD-SCRIPT :IN SB-IMPL::PROCESS-SCRIPT) #<SB-SYS:FD-STREAM for "file /tmp/clamsara-variant-row-review-bnum_11t/independent-review/row-source-review/bootstrap.lisp" {1200451BF3}>)
15: ((FLET SB-UNIX::BODY :IN SB-IMPL::PROCESS-SCRIPT))
16: ((FLET "WITHOUT-INTERRUPTS-BODY-" :IN SB-IMPL::PROCESS-SCRIPT))
17: (SB-IMPL::PROCESS-SCRIPT "/tmp/clamsara-variant-row-review-bnum_11t/independent-review/row-source-review/bootstrap.lisp")
18: (SB-IMPL::TOPLEVEL-INIT)
19: ((FLET SB-UNIX::BODY :IN SB-IMPL::START-LISP))
20: ((FLET "WITHOUT-INTERRUPTS-BODY-3" :IN SB-IMPL::START-LISP))
21: (SB-IMPL::%START-LISP)

unhandled condition in --disable-debugger mode, quitting
